<?xml version="1.0" encoding="UTF-8"?>
<!-- Generated by JClic - https://projectestac.github.io/jclic -->
<manifest identifier="JClic-5BCFBD" version="1.0" xmlns="http://www.imsproject.org/xsd/imscp_rootv1p1p2" xmlns:adlcp="http://www.adlnet.org/xsd/adlcp_rootv1p2" xmlns:xsi="http://www.w3.org/2001/XMLSchema-instance" xsi:schemaLocation= "http://www.imsproject.org/xsd/imscp_rootv1p1p2 imscp_rootv1p1p2.xsd http://www.imsglobal.org/xsd/imsmd_rootv1p2p1 imsmd_rootv1p2p1.xsd http://www.adlnet.org/xsd/adlcp_rootv1p2 adlcp_rootv1p2.xsd">
 <metadata> 
  <schema>ADL SCORM</schema>
  <schemaversion>1.2</schemaversion>
 </metadata> 
 <organizations default="JClic">  
  <organization identifier="JClic">  
   <title>los juguetes</title>
   <item identifier="ITEM_JClic-5BCFBD" identifierref="RES_JClic-5BCFBD">
    <title>los juguetes</title>
   </item>
  </organization>
 </organizations>
 <resources>
  <resource identifier="RES_JClic-5BCFBD" type="webcontent" href="/index.html" adlcp:scormtype="sco"> 
   <file href="ball.mp3"/>
   <file href="captura2.png"/>
   <file href="car.mp3"/>
   <file href="doll.mp3"/>
   <file href="favicon.ico"/>
   <file href="icon-192.png"/>
   <file href="icon-72.png"/>
   <file href="imsmanifest.xml"/>
   <file href="index.html"/>
   <file href="juguete-resized.jpg"/>
   <file href="juguete__10_-resized.jpg"/>
   <file href="juguete__18_-resized.jpg"/>
   <file href="juguete__19_-resized.jpg"/>
   <file href="juguete__1_-resized.jpg"/>
   <file href="juguete__20_-resized.jpg"/>
   <file href="juguete__2_-resized.jpg"/>
   <file href="juguete__3_-resized.jpg"/>
   <file href="juguete__4_-resized.jpg"/>
   <file href="juguete__5_-resized.jpg"/>
   <file href="juguete__6_-resized.jpg"/>
   <file href="juguete__7_-resized.jpg"/>
   <file href="juguete__8_-resized.jpg"/>
   <file href="juguete__9_-resized.jpg"/>
   <file href="letrero_de_informacion-resized.jpg"/>
   <file href="los_juguetes.jclic"/>
   <file href="los_juguetes.jclic.js"/>
   <file href="project-cover.jpg"/>
   <file href="project-thumb.jpg"/>
   <file href="project.json"/>
   <file href="robot.mp3"/>
   <file href="speedway.mp3"/>
   <file href="teddybear.mp3"/>
   <file href="train.mp3"/>
  </resource>
 </resources>
</manifest>