[{"rType":"asset","rSubType":"image","fileName":"semana.png","fileSize":505871,"val":"mc-ad3a63a7839869a752e534cc1b888de4.png","aid":"bT47uOXOU","size":505871},{"rType":"asset","rSubType":"audio","fileName":"Tuesday.mp3","fileSize":38073,"val":"mc-87745d191fbd14b164fcc9097063b957.mp3","aid":"IWCDg70T3","size":38073},{"rType":"asset","rSubType":"image","fileName":"semana (4).png","fileSize":946978,"val":"mc-2a341c5367ff1ea5fe170a96db1c8326.png","aid":"6UtXlFgbX","size":946978},{"rType":"asset","rSubType":"audio","fileName":"19.5saturday.mp3","fileSize":40569,"val":"mc-c3f457ed162ee6fff33207943d0db8f4.mp3","aid":"ocRpOtALo","size":40569},{"rType":"asset","rSubType":"image","fileName":"portada iseazy (2).png","fileSize":71589,"val":"mc-8e965d6bb592dc651e36e8a4e38f8099.png","aid":"xi5Odm_Me","size":71589},{"rType":"asset","rSubType":"image","fileName":"unsplash.jpg","fileSize":0,"val":"mc-2bdf984123efbaf1c6a58561c28ae404.jpg","aid":"128KxQi6OJ","size":1095400},{"rType":"asset","rSubType":"image","fileName":"semana (3).png","fileSize":552891,"val":"mc-5c94bf81994732e30a116480c98e4b9f.png","aid":"WeOI0fWWF","size":552891},{"rType":"asset","rSubType":"audio","fileName":"19.4Thursday.mp3","fileSize":30129,"val":"mc-5dda049dda00c6901e015ed158701249.mp3","aid":"s6-k8nnyn","size":30129},{"rType":"asset","rSubType":"image","fileName":"semana (2).png","fileSize":434223,"val":"mc-69baea67248e13ce72356e67bb73f6f3.png","aid":"A8jElhEcG","size":434223},{"rType":"asset","rSubType":"audio","fileName":"19.2wednesday.mp3","fileSize":30729,"val":"mc-e119f165487a6f529f0134c4becbf645.mp3","aid":"1KT40wp1x","size":30729},{"rType":"asset","rSubType":"image","fileName":"semana (6).png","fileSize":372571,"val":"mc-967c8efc96095cd935bf1d3c052b7b78.png","aid":"bcETNyrrs","size":372571},{"rType":"asset","rSubType":"audio","fileName":"19.7friday.mp3","fileSize":27177,"val":"mc-3b78ab134d3f23392ae15b71d7bdbfb3.mp3","aid":"2AXbg8Mez","size":27177},{"rType":"asset","rSubType":"image","fileName":"semana (1).png","fileSize":379946,"val":"mc-0fa00540973c26388f3cd80136f5389e.png","aid":"GNtHJJe5n","size":379946},{"rType":"asset","rSubType":"audio","fileName":"19.6monday.mp3","fileSize":22353,"val":"mc-0abafedd73468b1df1b3d756dd92fd20.mp3","aid":"mHT3LsHcJ","size":22353},{"rType":"asset","rSubType":"image","fileName":"semana (5).png","fileSize":797191,"val":"mc-64acc1554cc683378e8a4b0180820d83.png","aid":"ICZYhbHea","size":797191},{"rType":"asset","rSubType":"audio","fileName":"19.1sunday.mp3","fileSize":23193,"val":"mc-42621d7678bcfed501a6e6d5c573d9f3.mp3","aid":"ckrrgvk-4","size":23193},{"rType":"asset","rSubType":"audio","fileName":"19.5saturday.mp3","fileSize":40569,"val":"mc-c3f457ed162ee6fff33207943d0db8f4.mp3","aid":"IqQuTC7u9","size":40569}]