{"i":{"s6K0EB2ai":{"id":"s6K0EB2ai","type":"slide","setup":{"bord":{"size":10,"rad":10},"bg":{"selectedKey":"fill","fill":{"opac":0.94,"rgb":"#ff00ff"}},"transparentBg":{"selectedKey":false}}},"M1y7KmShF1":{"id":"M1y7KmShF1","type":"interactive","subtype":"interactivePodCast","setup":{"bg":{"selectedKey":"image","fill":{"opac":1,"rgb":"#FFF"},"img":{"filt":{"opac":100,"gray":0,"blur":0,"tint":{"rgb":"#FFF","opac":0}},"pos":{"type":"fit","fit":{"bg":{"color":{"rgb":"#FFF","opac":100}},"vali":"center","hali":"center"},"crop":{"bg":{"color":{"rgb":"#FFF","opac":0}},"poi":{"x":707,"y":529.5}},"mask":{"shape":1}},"measures":{"size":{"width":1414,"height":2000}},"orig":{"rType":"asset","rSubType":"image","fileName":"semana.png","fileSize":505871,"val":"mc-ad3a63a7839869a752e534cc1b888de4.png","aid":"bT47uOXOU"}}},"audio":{"orig":{"rType":"asset","rSubType":"audio","fileName":"Tuesday.mp3","fileSize":38073,"val":"mc-87745d191fbd14b164fcc9097063b957.mp3","aid":"IWCDg70T3"}}}},"10ImTG0Yi1":{"id":"10ImTG0Yi1","type":"interactive","subtype":"interactiveRichText","setup":{"frmeTp":{"selectedKey":"noneFrame"},"bg":{"fill":{"opac":0,"rgb":"#fe860d"}},"hali":"","txt":{"val":{"ops":[{"insert":"\n","attributes":{"align":"center","size":"huge"}},{"insert":"﻿DAYS OF THE WEEK","attributes":{"bold":true,"color":"var(--TC2)","background":"transparent"}},{"insert":"\n\n\n\n\n\n\n\n\n\n\n\n\n\n\n\n\n\n\n\n\n\n\n","attributes":{"size":"huge","align":"center"}},{"attributes":{"align":"center","size":"giant"},"insert":"\n"},{"insert":"﻿DAYS OF THE WEEK","attributes":{"script":"super","bold":true,"color":"var(--TC2)","background":"transparent"}},{"insert":"\n","attributes":{"size":"giant","align":"center"}},{"insert":"\n\n\n\n\n\n\n\n\n\n\n\n\n","attributes":{"size":"huge","align":"center"}},{"insert":"\n\n\n","attributes":{"align":"center","size":"giant"}},{"insert":"DAYS OF THE WEEK","attributes":{"script":"super","bold":true,"color":"var(--TC2)","background":"transparent"}},{"insert":"\n","attributes":{"size":"giant","align":"center"}},{"insert":"\n","attributes":{"align":"center","size":"huge"}},{"insert":"\n","attributes":{"align":"center"}},{"insert":"\n","attributes":{"align":"center","size":"huge"}}]},"rType":"richtext"},"vali":"middle"}},"nV9Cor6yL":{"id":"nV9Cor6yL","type":"interactive","subtype":"interactivePodCast","setup":{"bg":{"selectedKey":"image","fill":{"opac":1,"rgb":"#FFF"},"img":{"filt":{"opac":100,"gray":0,"blur":0,"tint":{"rgb":"#FFF","opac":0}},"pos":{"type":"fit","fit":{"bg":{"color":{"rgb":"#FFF","opac":100}},"vali":"center","hali":"center"},"crop":{"bg":{"color":{"rgb":"#FFF","opac":0}},"poi":{"x":707,"y":529.5}},"mask":{"shape":1}},"measures":{"size":{"width":1414,"height":2000}},"orig":{"rType":"asset","rSubType":"image","fileName":"semana (3).png","fileSize":552891,"val":"mc-5c94bf81994732e30a116480c98e4b9f.png","aid":"WeOI0fWWF"}}},"audio":{"orig":{"rType":"asset","rSubType":"audio","fileName":"19.4Thursday.mp3","fileSize":30129,"val":"mc-5dda049dda00c6901e015ed158701249.mp3","aid":"s6-k8nnyn"}}}},"g57EH5LL7D":{"id":"g57EH5LL7D","type":"interactive","subtype":"interactivePodCast","setup":{"bg":{"selectedKey":"image","fill":{"opac":1,"rgb":"#FFF"},"img":{"filt":{"opac":100,"gray":0,"blur":0,"tint":{"rgb":"#FFF","opac":0}},"pos":{"type":"fit","fit":{"bg":{"color":{"rgb":"#FFF","opac":100}},"vali":"center","hali":"center"},"crop":{"bg":{"color":{"rgb":"#FFF","opac":0}},"poi":{"x":707,"y":529.5}},"mask":{"shape":1}},"measures":{"size":{"width":1414,"height":2000}},"orig":{"rType":"asset","rSubType":"image","fileName":"semana (2).png","fileSize":434223,"val":"mc-69baea67248e13ce72356e67bb73f6f3.png","aid":"A8jElhEcG"}}},"audio":{"orig":{"rType":"asset","rSubType":"audio","fileName":"19.2wednesday.mp3","fileSize":30729,"val":"mc-e119f165487a6f529f0134c4becbf645.mp3","aid":"1KT40wp1x"}}}},"mtn_xve7dz":{"id":"mtn_xve7dz","type":"interactive","subtype":"interactivePodCast","setup":{"bg":{"selectedKey":"image","fill":{"opac":1,"rgb":"#FFF"},"img":{"filt":{"opac":100,"gray":0,"blur":0,"tint":{"rgb":"#FFF","opac":0}},"pos":{"type":"fit","fit":{"bg":{"color":{"rgb":"#FFF","opac":100}},"vali":"center","hali":"center"},"crop":{"bg":{"color":{"rgb":"#FFF","opac":0}},"poi":{"x":707,"y":834.5}},"mask":{"shape":1}},"measures":{"size":{"width":1414,"height":2000}},"orig":{"rType":"asset","rSubType":"image","fileName":"semana (1).png","fileSize":379946,"val":"mc-0fa00540973c26388f3cd80136f5389e.png","aid":"GNtHJJe5n"}}},"audio":{"orig":{"rType":"asset","rSubType":"audio","fileName":"19.6monday.mp3","fileSize":22353,"val":"mc-0abafedd73468b1df1b3d756dd92fd20.mp3","aid":"mHT3LsHcJ"}}}}},"v":"1"}