{"i":{"WVXX5mnQFW":{"id":"WVXX5mnQFW","type":"slide","setup":{"bord":{"size":10,"rad":10},"bg":{"selectedKey":"fill","fill":{"opac":1,"rgb":"#ff0000"}},"transparentBg":{"selectedKey":false}}},"1lnO3danE":{"id":"1lnO3danE","type":"interactive","subtype":"interactivePodCast","setup":{"bg":{"selectedKey":"image","fill":{"opac":1,"rgb":"#FFF"},"img":{"filt":{"opac":100,"gray":0,"blur":0,"tint":{"rgb":"#FFF","opac":0}},"pos":{"type":"fit","fit":{"bg":{"color":{"rgb":"#FFF","opac":100}},"vali":"center","hali":"center"},"crop":{"bg":{"color":{"rgb":"#FFF","opac":0}},"poi":{"x":707,"y":964.5}},"mask":{"shape":1}},"measures":{"size":{"width":1414,"height":2000}},"orig":{"rType":"asset","rSubType":"image","fileName":"semana (4).png","fileSize":946978,"val":"mc-2a341c5367ff1ea5fe170a96db1c8326.png","aid":"6UtXlFgbX"}}},"audio":{"orig":{"rType":"asset","rSubType":"audio","fileName":"19.5saturday.mp3","fileSize":40569,"val":"mc-c3f457ed162ee6fff33207943d0db8f4.mp3","aid":"ocRpOtALo"}}}},"z8Y-ul8do":{"id":"z8Y-ul8do","type":"interactive","subtype":"interactivePodCast","setup":{"bg":{"selectedKey":"image","fill":{"opac":1,"rgb":"#FFF"},"img":{"filt":{"opac":100,"gray":0,"blur":0,"tint":{"rgb":"#FFF","opac":0}},"pos":{"type":"fit","fit":{"bg":{"color":{"rgb":"#FFF","opac":100}},"vali":"center","hali":"center"},"crop":{"bg":{"color":{"rgb":"#FFF","opac":0}},"poi":{"x":707,"y":529.5}},"mask":{"shape":1}},"measures":{"size":{"width":1414,"height":2000}},"orig":{"rType":"asset","rSubType":"image","fileName":"semana (6).png","fileSize":372571,"val":"mc-967c8efc96095cd935bf1d3c052b7b78.png","aid":"bcETNyrrs"}}},"audio":{"orig":{"rType":"asset","rSubType":"audio","fileName":"19.7friday.mp3","fileSize":27177,"val":"mc-3b78ab134d3f23392ae15b71d7bdbfb3.mp3","aid":"2AXbg8Mez"}}}},"IXudBo-0M":{"id":"IXudBo-0M","type":"interactive","subtype":"interactivePodCast","setup":{"bg":{"selectedKey":"image","fill":{"opac":1,"rgb":"#FFF"},"img":{"filt":{"opac":100,"gray":0,"blur":0,"tint":{"rgb":"#FFF","opac":0}},"pos":{"type":"fit","fit":{"bg":{"color":{"rgb":"var(--TC3)","opac":1}},"vali":"center","hali":"center"},"crop":{"bg":{"color":{"rgb":"#FFF","opac":0}},"poi":{"x":707,"y":964.5}},"mask":{"shape":1}},"measures":{"size":{"width":1414,"height":2000}},"orig":{"rType":"asset","rSubType":"image","fileName":"semana (5).png","fileSize":797191,"val":"mc-64acc1554cc683378e8a4b0180820d83.png","aid":"ICZYhbHea"}}},"audio":{"orig":{"rType":"asset","rSubType":"audio","fileName":"19.1sunday.mp3","fileSize":23193,"val":"mc-42621d7678bcfed501a6e6d5c573d9f3.mp3","aid":"ckrrgvk-4"}}}},"1uDEWvt5D":{"id":"1uDEWvt5D","type":"interactive","subtype":"interactiveRichText","setup":{"frmeTp":{"selectedKey":"noneFrame"},"bg":{"fill":{"opac":0,"rgb":"#fe860d"}},"hali":"","txt":{"val":{"ops":[{"attributes":{"align":"center","size":"giant"},"insert":"\n"},{"insert":"﻿DAYS OF THE WEEK","attributes":{"script":"super","bold":true,"color":"var(--TC2)","background":"transparent"}},{"insert":"\n","attributes":{"size":"giant","align":"center"}}]},"rType":"richtext"},"vali":"middle","audio":{"orig":{"rType":"asset","rSubType":"audio","fileName":"19.5saturday.mp3","fileSize":40569,"val":"mc-c3f457ed162ee6fff33207943d0db8f4.mp3","aid":"IqQuTC7u9"}}}}},"v":"1"}