<?xml version="1.0" encoding="UTF-8"?>
<!-- Generated by JClic - https://projectestac.github.io/jclic -->
<manifest identifier="JClic-A80B9B" version="1.0" xmlns="http://www.imsproject.org/xsd/imscp_rootv1p1p2" xmlns:adlcp="http://www.adlnet.org/xsd/adlcp_rootv1p2" xmlns:xsi="http://www.w3.org/2001/XMLSchema-instance" xsi:schemaLocation= "http://www.imsproject.org/xsd/imscp_rootv1p1p2 imscp_rootv1p1p2.xsd http://www.imsglobal.org/xsd/imsmd_rootv1p2p1 imsmd_rootv1p2p1.xsd http://www.adlnet.org/xsd/adlcp_rootv1p2 adlcp_rootv1p2.xsd">
 <metadata> 
  <schema>ADL SCORM</schema>
  <schemaversion>1.2</schemaversion>
 </metadata> 
 <organizations default="JClic">  
  <organization identifier="JClic">  
   <title>Los dÃ­as de la semana</title>
   <item identifier="ITEM_JClic-A80B9B" identifierref="RES_JClic-A80B9B">
    <title>Los dÃ­as de la semana</title>
   </item>
  </organization>
 </organizations>
 <resources>
  <resource identifier="RES_JClic-A80B9B" type="webcontent" href="/index.html" adlcp:scormtype="sco"> 
   <file href="19.2wednesday.mp3"/>
   <file href="19.4thursday.mp3"/>
   <file href="19.6monday.mp3"/>
   <file href="660-resized.jpg"/>
   <file href="favicon.ico"/>
   <file href="icon-192.png"/>
   <file href="icon-72.png"/>
   <file href="imsmanifest.xml"/>
   <file href="index.html"/>
   <file href="los_dias_de_la_semana.jclic"/>
   <file href="los_dias_de_la_semana.jclic.js"/>
   <file href="project-cover.jpg"/>
   <file href="project-thumb.jpg"/>
   <file href="project.json"/>
   <file href="semana-resized.jpg"/>
   <file href="semana__10_-resized.jpg"/>
   <file href="semana__11_-resized.jpg"/>
   <file href="semana__12_-resized.jpg"/>
   <file href="semana__13_-resized.jpg"/>
   <file href="semana__1_-resized.jpg"/>
   <file href="semana__2_-resized.jpg"/>
   <file href="semana__3_-resized.jpg"/>
   <file href="tuesday.mp3"/>
  </resource>
 </resources>
</manifest>