<?xml version="1.0" encoding="UTF-8"?>
<!-- Generated by JClic - https://projectestac.github.io/jclic -->
<manifest identifier="JClic-6B8B4D" version="1.0" xmlns="http://www.imsproject.org/xsd/imscp_rootv1p1p2" xmlns:adlcp="http://www.adlnet.org/xsd/adlcp_rootv1p2" xmlns:xsi="http://www.w3.org/2001/XMLSchema-instance" xsi:schemaLocation= "http://www.imsproject.org/xsd/imscp_rootv1p1p2 imscp_rootv1p1p2.xsd http://www.imsglobal.org/xsd/imsmd_rootv1p2p1 imsmd_rootv1p2p1.xsd http://www.adlnet.org/xsd/adlcp_rootv1p2 adlcp_rootv1p2.xsd">
 <metadata> 
  <schema>ADL SCORM</schema>
  <schemaversion>1.2</schemaversion>
 </metadata> 
 <organizations default="JClic">  
  <organization identifier="JClic">  
   <title>la naturaleza1</title>
   <item identifier="ITEM_JClic-6B8B4D" identifierref="RES_JClic-6B8B4D">
    <title>la naturaleza1</title>
   </item>
  </organization>
 </organizations>
 <resources>
  <resource identifier="RES_JClic-6B8B4D" type="webcontent" href="/index.html" adlcp:scormtype="sco"> 
   <file href="cave.mp3"/>
   <file href="favicon.ico"/>
   <file href="forest.mp3"/>
   <file href="icon-192.png"/>
   <file href="icon-72.png"/>
   <file href="image__76_-resized.jpg"/>
   <file href="image__77_-resized.jpg"/>
   <file href="image__78_-resized.jpg"/>
   <file href="image__79_-resized.jpg"/>
   <file href="image__80_-resized.jpg"/>
   <file href="image__95_-resized.jpg"/>
   <file href="imsmanifest.xml"/>
   <file href="index.html"/>
   <file href="island.mp3"/>
   <file href="la_naturaleza1.jclic"/>
   <file href="la_naturaleza1.jclic.js"/>
   <file href="leaf.mp3"/>
   <file href="letrero_de_informacion-resized.jpg"/>
   <file href="natural__10_-resized.jpg"/>
   <file href="natural__11_-resized.jpg"/>
   <file href="natural__12_-resized.jpg"/>
   <file href="natural__7_-resized.jpg"/>
   <file href="natural__8_-resized.jpg"/>
   <file href="natural__9_-resized.jpg"/>
   <file href="ocean.mp3"/>
   <file href="paisaje-parque-natural-fondo-vacio_1308-44780.jpg"/>
   <file href="project-cover.jpg"/>
   <file href="project-thumb.jpg"/>
   <file href="project.json"/>
   <file href="waterfall.mp3"/>
  </resource>
 </resources>
</manifest>