<?xml version="1.0" encoding="UTF-8"?>
<!-- Generated by JClic - https://projectestac.github.io/jclic -->
<manifest identifier="JClic-4883DF" version="1.0" xmlns="http://www.imsproject.org/xsd/imscp_rootv1p1p2" xmlns:adlcp="http://www.adlnet.org/xsd/adlcp_rootv1p2" xmlns:xsi="http://www.w3.org/2001/XMLSchema-instance" xsi:schemaLocation= "http://www.imsproject.org/xsd/imscp_rootv1p1p2 imscp_rootv1p1p2.xsd http://www.imsglobal.org/xsd/imsmd_rootv1p2p1 imsmd_rootv1p2p1.xsd http://www.adlnet.org/xsd/adlcp_rootv1p2 adlcp_rootv1p2.xsd">
 <metadata> 
  <schema>ADL SCORM</schema>
  <schemaversion>1.2</schemaversion>
 </metadata> 
 <organizations default="JClic">  
  <organization identifier="JClic">  
   <title>las frutas1</title>
   <item identifier="ITEM_JClic-4883DF" identifierref="RES_JClic-4883DF">
    <title>las frutas1</title>
   </item>
  </organization>
 </organizations>
 <resources>
  <resource identifier="RES_JClic-4883DF" type="webcontent" href="/index.html" adlcp:scormtype="sco"> 
   <file href="20046-resized.jpg"/>
   <file href="coconut.mp3"/>
   <file href="favicon.ico"/>
   <file href="frutas___10_-resized.jpg"/>
   <file href="frutas___11_-resized.jpg"/>
   <file href="frutas___12_-resized.jpg"/>
   <file href="frutas___13_-resized.jpg"/>
   <file href="frutas___7_-resized.jpg"/>
   <file href="frutas___8_-resized.jpg"/>
   <file href="frutas___9_-resized.jpg"/>
   <file href="grapefruit.mp3"/>
   <file href="icon-192.png"/>
   <file href="icon-72.png"/>
   <file href="image__10_-resized.jpg"/>
   <file href="image__11_-resized.jpg"/>
   <file href="image__12_-resized.jpg"/>
   <file href="image__13_-resized.jpg"/>
   <file href="image__7_-resized.jpg"/>
   <file href="image__8_-resized.jpg"/>
   <file href="image__9_-resized.jpg"/>
   <file href="imsmanifest.xml"/>
   <file href="index.html"/>
   <file href="las_frutas1.jclic"/>
   <file href="las_frutas1.jclic.js"/>
   <file href="lemon.mp3"/>
   <file href="letrero_de_informacion-resized.jpg"/>
   <file href="melon.mp3"/>
   <file href="orange.mp3"/>
   <file href="pineapple.mp3"/>
   <file href="project-cover.jpg"/>
   <file href="project-thumb.jpg"/>
   <file href="project.json"/>
   <file href="watermelon.mp3"/>
  </resource>
 </resources>
</manifest>