[{"rType":"asset","rSubType":"image","fileName":"#f0932b (3).png","fileSize":56495,"val":"mc-1d134e1ef2d236f121c96bd2a08cb929.png","aid":"Bwe7dZMHE","size":56495},{"rType":"asset","rSubType":"audio","fileName":"3.m4a","fileSize":127960,"val":"mc-d1d0ec1ee15bfc03b59385257efbb40f.m4a","aid":"5jBFEj0vn","size":127960},{"rType":"asset","rSubType":"image","fileName":"11 (10).png","fileSize":43128,"val":"mc-4180221bcd3928b7400a860e572f6bff.png","aid":"xH6ljCtol","size":43128},{"rType":"asset","rSubType":"audio","fileName":"15.m4a","fileSize":139271,"val":"mc-bc498b10e8d7838179a70eea0e097637.m4a","aid":"2axARvn9I","size":139271},{"rType":"asset","rSubType":"image","fileName":"11 (17).png","fileSize":53938,"val":"mc-d315cd889d94c375488b7b7adfeacdf6.png","aid":"1gzJFiQWd","size":53938},{"rType":"asset","rSubType":"audio","fileName":"27.m4a","fileSize":139417,"val":"mc-35c82b7a2a23f06bc0cd8b84b286d357.m4a","aid":"dfHE3rbC4","size":139417},{"rType":"asset","rSubType":"image","fileName":"11 (6).png","fileSize":49375,"val":"mc-6c3820e149fe66b43a3f2c0d55a2c8f9.png","aid":"6xZxHpcP4","size":49375},{"rType":"asset","rSubType":"audio","fileName":"16.m4a","fileSize":143951,"val":"mc-c294742aebba4cbb5c5867ceec9b4ed5.m4a","aid":"2wOaTpxwZ","size":143951},{"rType":"asset","rSubType":"image","fileName":"#f0932b (9).png","fileSize":52491,"val":"mc-d6bd4cbb4789804123b7c4545d6fe7ac.png","aid":"oe1rfzmEG","size":52491},{"rType":"asset","rSubType":"audio","fileName":"9.m4a","fileSize":116627,"val":"mc-8c956e219cbd540326a445459364d132.m4a","aid":"Auz8zrz5n","size":116627},{"rType":"asset","rSubType":"image","fileName":"#f0932b (10).png","fileSize":50338,"val":"mc-1b05838438748419611e2c9d2e88a9ab.png","aid":"MrkEfNECB","size":50338},{"rType":"asset","rSubType":"audio","fileName":"10.m4a","fileSize":125866,"val":"mc-f86bcacc464fd857afb2defc15846c76.m4a","aid":"M8Eem8KG5","size":125866},{"rType":"asset","rSubType":"image","fileName":"11 (12).png","fileSize":63267,"val":"mc-a2509531d7ca621a1e0c4c803da265cb.png","aid":"TWu0POY-s","size":63267},{"rType":"asset","rSubType":"audio","fileName":"22.m4a","fileSize":135934,"val":"mc-8b8a36d34bbe23a1a4335c7227b65735.m4a","aid":"1XwCaW6xg","size":135934},{"rType":"asset","rSubType":"image","fileName":"11 (9).png","fileSize":51732,"val":"mc-3307c8c5b388021fc251802a48f6edb5.png","aid":"kQYjYK8DV","size":51732},{"rType":"asset","rSubType":"audio","fileName":"20.m4a","fileSize":136202,"val":"mc-b97bde2190a40ce3eda04a1537606a01.m4a","aid":"QWNpNxt6o","size":136202},{"rType":"asset","rSubType":"image","fileName":"11 (1).png","fileSize":35820,"val":"mc-89bc769302b5e9273d817b2b6f5dc835.png","aid":"rPapUuSB0","size":35820},{"rType":"asset","rSubType":"audio","fileName":"11.m4a","fileSize":118705,"val":"mc-3775c1da4ce96f9d2566cafcdea66863.m4a","aid":"9VcYq_w7l","size":118705},{"rType":"asset","rSubType":"image","fileName":"11 (13).png","fileSize":58361,"val":"mc-76aa68a075fba89c3a100cede44d6a2b.png","aid":"XsTBAlFXh","size":58361},{"rType":"asset","rSubType":"audio","fileName":"23.m4a","fileSize":145410,"val":"mc-bb4ab82116f19b23d6e9dd6690035b8f.m4a","aid":"d6xAnZHxg","size":145410},{"rType":"asset","rSubType":"image","fileName":"11 (18).png","fileSize":65802,"val":"mc-15a6d1fd8a9eab1d89ff14f41bd9e17d.png","aid":"vx4UoBt8d","size":65802},{"rType":"asset","rSubType":"audio","fileName":"28.m4a","fileSize":158255,"val":"mc-d35dde2e59e19579de1aa175e1b166ce.m4a","aid":"0TEKKphJi","size":158255},{"rType":"asset","rSubType":"image","fileName":"11.png","fileSize":48411,"val":"mc-7b0af06b6c9715c25678f60a4bc97717.png","aid":"WEERcNicM","size":48411},{"rType":"asset","rSubType":"audio","fileName":"18.m4a","fileSize":136151,"val":"mc-02eaa5ce09583d8fe5b5f811ac2449c2.m4a","aid":"qExjAgZIF","size":136151},{"rType":"asset","rSubType":"image","fileName":"11 (11).png","fileSize":57351,"val":"mc-6a4818f2fcecf272fbe6877b5d94290c.png","aid":"Bbh3nvJKF","size":57351},{"rType":"asset","rSubType":"audio","fileName":"21.m4a","fileSize":162834,"val":"mc-0ff9a0761573ff4fad373db559bd16c5.m4a","aid":"koDsGv_pt","size":162834},{"rType":"asset","rSubType":"image","fileName":"unsplash.jpg","fileSize":0,"val":"mc-fef853b1973cd84967676d07de4c2d05.jpg","aid":"x9QthkhoZ7","size":128849},{"rType":"asset","rSubType":"image","fileName":"unsplash.jpg","fileSize":0,"val":"mc-2bdf984123efbaf1c6a58561c28ae404.jpg","aid":"WGDrZlXTdI","size":1095400},{"rType":"asset","rSubType":"image","fileName":"#f0932b (5).png","fileSize":42816,"val":"mc-7a766a1272be7cfb0ed1a6d979835783.png","aid":"YbQZmi4kW","size":42816},{"rType":"asset","rSubType":"audio","fileName":"5.m4a","fileSize":122811,"val":"mc-73dd7d81cbe585a594ff0ca7cdba3fe3.m4a","aid":"KjsojSjqx","size":122811},{"rType":"asset","rSubType":"image","fileName":"#f0932b (8).png","fileSize":56525,"val":"mc-36ce54ad044f4f910b60d98f2290ac69.png","aid":"hLlUlZ3si","size":56525},{"rType":"asset","rSubType":"audio","fileName":"8.m4a","fileSize":112524,"val":"mc-a4fa13dca7bc9b7b0dcfef31a9da40b9.m4a","aid":"tN3mYuPYY","size":112524},{"rType":"asset","rSubType":"image","fileName":"#f0932b (2).png","fileSize":53355,"val":"mc-6d46a8f6645daca65de2dfb9f8086730.png","aid":"28-bB0aL-","size":53355},{"rType":"asset","rSubType":"audio","fileName":"2.m4a","fileSize":162969,"val":"mc-f137865a7b477fad668573a99334854b.m4a","aid":"0Rfn68Uz-","size":162969},{"rType":"asset","rSubType":"image","fileName":"11 (4).png","fileSize":42982,"val":"mc-a4e48dfe2fcef9c4d5f925937ee8c6ed.png","aid":"VS5wpGocX","size":42982},{"rType":"asset","rSubType":"audio","fileName":"14.m4a","fileSize":145328,"val":"mc-c8c86265cc17ef44c1b04ebc105e1ed5.m4a","aid":"5SCRsFc9b","size":145328},{"rType":"asset","rSubType":"image","fileName":"11 (20).png","fileSize":52028,"val":"mc-aaddab3ca55f2afbe982c297740267d8.png","aid":"6SryBE1tR","size":52028},{"rType":"asset","rSubType":"audio","fileName":"30.m4a","fileSize":143089,"val":"mc-526a2d341040dbd7f9a38d7d3f75b189.m4a","aid":"ewB_zflmq","size":143089},{"rType":"asset","rSubType":"image","fileName":"11 (7).png","fileSize":43386,"val":"mc-6b104c1bb9c4f908e642fb89135c31f6.png","aid":"9rrUndE7x","size":43386},{"rType":"asset","rSubType":"audio","fileName":"17.m4a","fileSize":149335,"val":"mc-3e84d94c1b8bb7eef4cae0ccfb182ff2.m4a","aid":"_-mH9KSuc","size":149335},{"rType":"asset","rSubType":"image","fileName":"#f0932b (4).png","fileSize":39400,"val":"mc-6d1bbb0d4856552179622b9055b651bc.png","aid":"FClyO2SLf","size":39400},{"rType":"asset","rSubType":"audio","fileName":"4.m4a","fileSize":121781,"val":"mc-8e78c4a0733b131eca9084df7bc1de55.m4a","aid":"yiPOx0HOI","size":121781},{"rType":"asset","rSubType":"image","fileName":"11 (8).png","fileSize":48790,"val":"mc-dd77c976ce40ad47f9b4b774a5c8046a.png","aid":"lHUoE67mO","size":48790},{"rType":"asset","rSubType":"audio","fileName":"19.m4a","fileSize":136124,"val":"mc-535c5324fe616620a21fc91f193b35c0.m4a","aid":"mQzFe-DpW","size":136124},{"rType":"asset","rSubType":"image","fileName":"11 (14).png","fileSize":51222,"val":"mc-86bb9b3316d89e75e51ac9a55126d0c9.png","aid":"pCtjupLx0","size":51222},{"rType":"asset","rSubType":"audio","fileName":"24.m4a","fileSize":140309,"val":"mc-1772f0632766e9f5f208f441e00d89ad.m4a","aid":"1I_ig9C0C","size":140309},{"rType":"asset","rSubType":"image","fileName":"11 (19).png","fileSize":57083,"val":"mc-d2ea18c052d3ca1f0321e4f38a328569.png","aid":"jGcR2_LgG","size":57083},{"rType":"asset","rSubType":"audio","fileName":"29.m4a","fileSize":150410,"val":"mc-1f72500bef526187dd342950932aa95f.m4a","aid":"S7ll51Qtq","size":150410},{"rType":"asset","rSubType":"image","fileName":"11 (2).png","fileSize":42391,"val":"mc-b7184d67fb5233e8f1c7f107760f2442.png","aid":"7LRP1Z6eO","size":42391},{"rType":"asset","rSubType":"audio","fileName":"12.m4a","fileSize":117517,"val":"mc-11bb91b3968334e183a6d3c4b4f930eb.m4a","aid":"h3R8ZC4G5","size":117517},{"rType":"asset","rSubType":"image","fileName":"#f0932b (6).png","fileSize":55936,"val":"mc-2f7b249fe2ccbf262c6c0c570c0db362.png","aid":"J0vm5P_Mm","size":55936},{"rType":"asset","rSubType":"audio","fileName":"6.m4a","fileSize":126611,"val":"mc-d0e8a4d85a98f7a0b7075a90bdbc551f.m4a","aid":"KrtmJqMBK","size":126611},{"rType":"asset","rSubType":"image","fileName":"11 (3).png","fileSize":45072,"val":"mc-47f457c6c6e056e7ac5911c6156c917b.png","aid":"i8LrrWY8G","size":45072},{"rType":"asset","rSubType":"audio","fileName":"13.m4a","fileSize":134974,"val":"mc-e7788a186a82b75d23947d11f1f919c7.m4a","aid":"o8K9vgLDd","size":134974},{"rType":"asset","rSubType":"image","fileName":"11 (16).png","fileSize":63903,"val":"mc-d37883cf192ed8ed240dccf4d720d734.png","aid":"sWTUYJtTJ","size":63903},{"rType":"asset","rSubType":"audio","fileName":"26.m4a","fileSize":150681,"val":"mc-66ac9e41b6e4df83310bd75d313db6eb.m4a","aid":"3LUKHhqtw","size":150681},{"rType":"asset","rSubType":"image","fileName":"11 (15).png","fileSize":50483,"val":"mc-6815a73d77ee4ab82a8d2ed91932adab.png","aid":"QprgZDJ0G","size":50483},{"rType":"asset","rSubType":"audio","fileName":"25.m4a","fileSize":151377,"val":"mc-9acc2a456421add287864d77c210a592.m4a","aid":"2pEralS4N","size":151377},{"rType":"asset","rSubType":"image","fileName":"#f0932b (1).png","fileSize":41030,"val":"mc-e88a85abaeb57e756b51d42b840292c1.png","aid":"a0W5lQECq","size":41030},{"rType":"asset","rSubType":"audio","fileName":"1.m4a","fileSize":171719,"val":"mc-068339b256819b9cd61834f6305cf7f2.m4a","aid":"tVNtdUA-3","size":171719},{"rType":"asset","rSubType":"image","fileName":"#f0932b (7).png","fileSize":44898,"val":"mc-80afbe5572912e4faf7a3b17917759b7.png","aid":"HIrQ-IFwg","size":44898},{"rType":"asset","rSubType":"audio","fileName":"7.m4a","fileSize":123214,"val":"mc-36f5380e88223e29bab3fb8298fb11dc.m4a","aid":"LOuD2tkHf","size":123214}]