{"i":{"0":{"id":"0","pid":"75714","type":"project","setup":{"customColors":["#000000","#071ff3","#c9f5dc"],"projectImage":{"pos":{"crop":{"poi":{"x":540,"y":437.5}}},"measures":{"size":{"width":1080,"height":810}},"original":{"rType":"asset","rSubType":"image","fileName":"unsplash.jpg","fileSize":0,"val":"mc-fef853b1973cd84967676d07de4c2d05.jpg","aid":"x9QthkhoZ7"}},"skinColor":"#82A419","backgroundType":"image","styleImage":{"pos":{"crop":{"poi":{"x":418.5,"y":210}}},"measures":{"size":{"width":670,"height":420}}},"name":{"val":"números","rType":"text"},"customColorsOrderedIds":["0","1","2"],"backgroundImage":{"pos":{"crop":{"poi":{"x":1096.5,"y":715.5}}},"measures":{"size":{"width":2160,"height":1431}},"original":{"rType":"asset","rSubType":"image","fileName":"unsplash.jpg","fileSize":0,"val":"mc-2bdf984123efbaf1c6a58561c28ae404.jpg","aid":"WGDrZlXTdI"}},"lang":"en-US","font":{"id":"nunito_rounded"},"projectType":"classic","pos":["9iTIowImBz"],"cover":{"type":"classic"},"themeColors":{"colorsById":{"var(--TC9)":{"id":"var(--TC9)","type":"derived","baseId":"var(--TC1)","derivation":{"H":-0.03,"L":0.16137254901960785,"S":-0.09999999999999998},"name":"Primary Variant 3","description":"For graphics"},"var(--TC8)":{"id":"var(--TC8)","type":"derived","name":"Primary Variant 2","colorByPaletteId":{"1":"#266b9b","2":"#266b9b","3":"#266b9b","4":"#266b9b","5":"#266b9b","6":"#266b9b","7":"#266b9b","8":"#266b9b","9":"#266b9b","17":"#266b9b","18":"#266b9b","20":"#266b9b","21":"#266b9b","22":"#266b9b","23":"#266b9b","24":"#266b9b","25":"#266b9b","26":"#266b9b"},"baseId":"var(--TC1)","derivation":{"S":-0.21631799163179932,"L":-0.018627450980392146,"H":-0.06},"description":"For graphics"},"var(--TC7)":{"id":"var(--TC7)","type":"derived","baseId":"var(--TC1)","derivation":{"H":-0.1,"S":-0.21631799163179932,"L":-0.06862745098039214},"name":"Primary Variant 1","description":"For graphics"},"var(--TC6)":{"id":"var(--TC6)","type":"static","colorByPaletteId":{"1":"#d51e29","2":"#d51e29","3":"#d51e29","4":"#d51e29","5":"#d51e29","6":"#d51e29","7":"#d51e29","8":"#d51e29","9":"#d51e29","17":"#d51e29","18":"#d51e29","20":"#d51e29","21":"#d51e29","22":"#d51e29","23":"#d51e29","24":"#d51e29","25":"#d51e29","26":"#d51e29"},"name":"Error","color":"#d51e29","description":"Incorrect feedback"},"var(--TC5)":{"id":"var(--TC5)","type":"static","name":"Ok","colorByPaletteId":{"1":"#729600","2":"#729600","3":"#729600","4":"#729600","5":"#729600","6":"#729600","7":"#729600","8":"#729600","9":"#729600","17":"#729600","18":"#729600","20":"#729600","21":"#729600","22":"#729600","23":"#729600","24":"#729600","25":"#729600","26":"#729600"},"color":"#729600","description":"Correct feedback"},"var(--TC4)":{"id":"var(--TC4)","type":"derived","baseId":"var(--TC2)","name":"Text Variant","derivation":{"L":0.23039215686274506},"description":" Titles/Subtitles"},"var(--TC3)":{"id":"var(--TC3)","type":"directDynamic","colorByPaletteId":{"1":"#ffffff","2":"#19014b","3":"#f3fdff","4":"#f5fff0","5":"#fcfff5","6":"#343434","7":"#dcf3fa","8":"#f4f4f4","9":"#e1e1e1","17":"#fff7f0","18":"#f0f9fa","20":"#f4f4ed","21":"#ff9635","22":"#fff6f0","23":"#1e1e1d","24":"#1b3837","25":"#1e1d1d","26":"#36020f"},"name":"Background","allowVoid":false,"description":"Slide/panels backgrounds"},"var(--TC2)":{"id":"var(--TC2)","type":"directDynamic","colorByPaletteId":{"1":"#151515","2":"#9cf4cf","3":"#050c1b","4":"#181d18","5":"#a17511","6":"#ff9090","7":"#1d2335","8":"#070707","9":"#000000","17":"#5b7777","18":"#53556f","20":"#1b2159","21":"#4e0c35","22":"#3c3026","23":"#bfbcb6","24":"#a5bdba","25":"#b9b4b2","26":"#e6d7dc"},"name":"Text","description":"Reading text"},"var(--TC1)":{"id":"var(--TC1)","type":"directDynamic","colorByPaletteId":{"1":"#e50a4f","2":"#f55bff","3":"#1577db","4":"#75ad11","5":"#593d22","6":"#ff3737","7":"#a09051","8":"#d4c616","9":"#777777","17":"#ca8181","18":"#8197ca","20":"#ef233c","21":"#b60021","22":"#995ac8","23":"#f6b414","24":"#66d7c8","25":"#ff3400","26":"#de1657"},"name":"Primary","description":"Highlight elements"},"var(--TC14)":{"id":"var(--TC14)","type":"static","color":"#ffffff","name":"White","description":"Infographic Title"},"var(--TC13)":{"id":"var(--TC13)","type":"static","name":"Black","description":"Infographic text"},"var(--TC11)":{"id":"var(--TC11)","type":"derived","name":"Primary Variant 5","baseId":"var(--TC1)","derivation":{"S":-0.11631799163179923,"L":0.08137254901960789,"H":0.1},"description":"For graphics"},"var(--TC10)":{"id":"var(--TC10)","type":"derived","baseId":"var(--TC1)","derivation":{"H":0.05,"L":0.13137254901960782,"S":-0.11631799163179923},"name":"Primary Variant 4","description":"For graphics"}},"colorsOrder":["var(--TC1)","var(--TC2)","var(--TC3)","var(--TC4)","var(--TC5)","var(--TC6)","var(--TC7)","var(--TC8)","var(--TC9)","var(--TC10)","var(--TC11)","var(--TC13)","var(--TC14)"],"palettesById":{"1":{"id":"1","name":"Basic Colors"},"2":{"id":"2","name":"Source Code"},"3":{"id":"3","name":"Cobalt Blue"},"4":{"id":"4","name":"Irish Mood"},"5":{"id":"5","name":"Roasted Pumpkin"},"6":{"id":"6","name":"Scarlet Night"},"7":{"id":"7","name":"Turquoise Islands"},"8":{"id":"8","name":"Sulphur Graphite"},"9":{"id":"9","name":"Neutral Zone"},"17":{"id":"17","name":"Spring Cottage"},"18":{"id":"18","name":"Soft Horizon"},"20":{"id":"20","name":"Ballpen Drawing"},"21":{"id":"21","name":"Ferocious Sunset"},"22":{"id":"22","name":"Blueberry Cake"},"23":{"id":"23","name":"Road Works"},"24":{"id":"24","name":"Winter Lichen"},"25":{"id":"25","name":"Danger Sign"},"26":{"id":"26","name":"Red Wine"}},"palettesOrder":["1","2","3","4","5","6","7","8","9","17","18","20","21","22","23","24","25","26"],"selectedPaletteId":"1","customPalettesById":{},"customPalettesOrder":[]},"customColorsNamesById":{}},"publication":{"type":"scorm12","config":{"scorm12":{"trackingMode":"comp"}}},"evaluation":{"members":{"B1E1V5qS4":{"id":"B1E1V5qS4","type":"item","size":0,"enabled":false}},"cutOff":50}},"3BnYQrA3n":{"id":"3BnYQrA3n","type":"slide","setup":{"templateId":"331","pos":["dZkG4QURkW","1gbAHTwV1s","XOFxzp2h8P","void3","void4","void5","void6","void7","void8","void9","void10","void11","void12","void13","void14","void15","void16","void17","void18","void19"]}},"ombWc0S3B":{"id":"ombWc0S3B","type":"slide","setup":{"templateId":"331","pos":["2GqF0WK-L5","l-Kz98H4yJ","sfGYA3Srxw","void3","void4","void5","void6","void7","void8","void9","void10","void11","void12","void13","void14","void15","void16","void17","void18","void19"]}},"YCGmkL5om":{"id":"YCGmkL5om","type":"slide","setup":{"templateId":"331","pos":["xf3UQCL3WL","6I6d5NPiHi","LMcezmr3Ld","void3","void4","void5","void6","void7","void8","void9","void10","void11","void12","void13","void14","void15","void16","void17","void18","void19"]}},"BIzXyB70I":{"id":"BIzXyB70I","type":"slide","setup":{"templateId":"331","pos":["lllcHsAkCN","xonTBKxAHy","o1pUVNSbGn","void0","void4","void5","void6","void7","void8","void9","void10","void11","void12","void13","void14","void15","void16","void17","void18","void19"]}},"wnG1ODcwp":{"id":"wnG1ODcwp","type":"slide","setup":{"templateId":"331","pos":["ceR8ireLiW","pSrLAxgJUs","FIL1s5OO5t","void3","void4","void5","void6","void7","void8","void9","void10","void11","void12","void13","void14","void15","void16","void17","void18","void19"]}},"hZ6QqRleN":{"id":"hZ6QqRleN","type":"subsection","setup":{"pos":["cNByt6fNqC","BIzXyB70I","kbT3fPR9n","SbKFT4s-ZuU","HZ69YwaPV","YPxZ2kyff","NZ10t1l7q","pTVORb4QB","YCGmkL5om","wnG1ODcwp","kmI9OmS8A","ombWc0S3B","VRTZ9tikm","3BnYQrA3n","2jWWnUoxd"],"title":{"val":"numeros ordinales","rType":"text"}}},"YPxZ2kyff":{"id":"YPxZ2kyff","type":"slide","setup":{"templateId":"331","pos":["b_8sLi3Zo5","LYhRxvjm9m","hEl7YlwYv0","void3","void4","void5","void6","void7","void8","void9","void10","void11","void12","void13","void14","void15","void16","void17","void18","void19"]}},"kbT3fPR9n":{"id":"kbT3fPR9n","type":"slide","setup":{"templateId":"331","pos":["KYK3uKU8dI","an0rKTEcVp","fvcQGRhdnb","void0","void4","void5","void6","void7","void8","void9","void10","void11","void12","void13","void14","void15","void16","void17","void18","void19"]}},"9iTIowImBz":{"id":"9iTIowImBz","type":"section","setup":{"pos":["hZ6QqRleN"],"title":{"val":"kids ","rType":"text"}}},"kmI9OmS8A":{"id":"kmI9OmS8A","type":"slide","setup":{"templateId":"331","pos":["EJtyBBo1t4","lAzhjOo7Yx","khiC_GWAxX","void3","void4","void5","void6","void7","void8","void9","void10","void11","void12","void13","void14","void15","void16","void17","void18","void19"]}},"VRTZ9tikm":{"id":"VRTZ9tikm","type":"slide","setup":{"templateId":"331","pos":["-UFl0NPYUC","f14MDIjudM","t62M0SoeMS","void3","void4","void5","void6","void7","void8","void9","void10","void11","void12","void13","void14","void15","void16","void17","void18","void19"]}},"HZ69YwaPV":{"id":"HZ69YwaPV","type":"slide","setup":{"templateId":"331","pos":["QsvlPJO4gz","bxK_KZibuf","egIk7pAHP4","void0","void4","void5","void6","void7","void8","void9","void10","void11","void12","void13","void14","void15","void16","void17","void18","void19"]}},"SbKFT4s-ZuU":{"id":"SbKFT4s-ZuU","type":"slide","setup":{"templateId":"331","pos":["4DkSIG0ogZ_","ELI9XtRcegE","4q-_RSejmia","void0","void4","void5","void6","void7","void8","void9","void10","void11","void12","void13","void14","void15","void16","void17","void18","void19"]}},"pTVORb4QB":{"id":"pTVORb4QB","type":"slide","setup":{"templateId":"331","pos":["Hja1T-iRir","vBWXzB8m6M","RXDx3iuRMb","void3","void4","void5","void6","void7","void8","void9","void10","void11","void12","void13","void14","void15","void16","void17","void18","void19"]}},"2jWWnUoxd":{"id":"2jWWnUoxd","type":"slide","setup":{"templateId":"331","pos":["6cBIVEHbaT","N361huWamL","-_yMPgqCKp","void3","void4","void5","void6","void7","void8","void9","void10","void11","void12","void13","void14","void15","void16","void17","void18","void19"]}},"cNByt6fNqC":{"id":"cNByt6fNqC","type":"slide","setup":{"templateId":"331","pos":["FpdJHHwI4","fb648L8b5","TDrXEP3-k","void0","void4","void5","void6","void7","void8","void9","void10","void11","void12","void13","void14","void15","void16","void17","void18","void19"]}},"NZ10t1l7q":{"id":"NZ10t1l7q","type":"slide","setup":{"templateId":"331","pos":["Ka3d6xmKi2","YPlLvPOEmb","DTQoozJvfS","void3","void4","void5","void6","void7","void8","void9","void10","void11","void12","void13","void14","void15","void16","void17","void18","void19"]}}},"v":"1"}