{"i":{"HZ69YwaPV":{"id":"HZ69YwaPV","type":"slide","setup":{"bord":{"size":10,"rad":10},"bg":{"selectedKey":"gradient","fill":{"opac":0.26,"rgb":"var(--TC11)"},"gradient":{"angle":0,"opac":0.53,"stops":[{"color":"#00e2ff","pos":0},{"color":"#003663","pos":100}]}},"transparentBg":{"selectedKey":false}}},"bxK_KZibuf":{"id":"bxK_KZibuf","type":"interactive","subtype":"interactivePodCast","setup":{"bg":{"selectedKey":"image","fill":{"opac":1,"rgb":"#FFF"},"img":{"filt":{"opac":100,"gray":0,"blur":0,"tint":{"rgb":"#FFF","opac":0}},"pos":{"type":"fit","fit":{"bg":{"color":{"rgb":"#FFF","opac":100}},"vali":"center","hali":"center"},"crop":{"bg":{"color":{"rgb":"#FFF","opac":0}},"poi":{"x":707,"y":703.5}},"mask":{"shape":1}},"measures":{"size":{"width":1414,"height":2000}},"orig":{"rType":"asset","rSubType":"image","fileName":"#f0932b (9).png","fileSize":52491,"val":"mc-d6bd4cbb4789804123b7c4545d6fe7ac.png","aid":"oe1rfzmEG"}}},"audio":{"orig":{"rType":"asset","rSubType":"audio","fileName":"9.m4a","fileSize":116627,"val":"mc-8c956e219cbd540326a445459364d132.m4a","aid":"Auz8zrz5n"}}}},"egIk7pAHP4":{"id":"egIk7pAHP4","type":"interactive","subtype":"interactivePodCast","setup":{"bg":{"selectedKey":"image","fill":{"opac":1,"rgb":"#FFF"},"img":{"filt":{"opac":100,"gray":0,"blur":0,"tint":{"rgb":"#FFF","opac":0}},"pos":{"type":"fit","fit":{"bg":{"color":{"rgb":"#FFF","opac":100}},"vali":"center","hali":"center"},"crop":{"bg":{"color":{"rgb":"#FFF","opac":0}},"poi":{"x":707,"y":1269.5}},"mask":{"shape":1}},"measures":{"size":{"width":1414,"height":2000}},"orig":{"rType":"asset","rSubType":"image","fileName":"#f0932b (10).png","fileSize":50338,"val":"mc-1b05838438748419611e2c9d2e88a9ab.png","aid":"MrkEfNECB"}}},"audio":{"orig":{"rType":"asset","rSubType":"audio","fileName":"10.m4a","fileSize":125866,"val":"mc-f86bcacc464fd857afb2defc15846c76.m4a","aid":"M8Eem8KG5"}}}},"QsvlPJO4gz":{"id":"QsvlPJO4gz","type":"interactive","subtype":"interactiveRichText","setup":{"frmeTp":{"selectedKey":"noneFrame"},"bg":{"fill":{"opac":0.7,"rgb":"var(--TC3)"}},"txt":{"val":{"ops":[{"insert":"\n","attributes":{"align":"center","size":"huge"}},{"insert":"ORDINAL NUMBERS","attributes":{"bold":true,"color":"var(--TC2)"}},{"insert":"\n","attributes":{"align":"center","size":"huge"}},{"insert":"traducción: números ordinales "},{"insert":"\n","attributes":{"size":"large","align":"center"}},{"insert":"\n"}]},"rType":"richtext"},"vali":"middle"}}},"v":"1"}