{"i":{"wnG1ODcwp":{"id":"wnG1ODcwp","type":"slide","setup":{"bord":{"size":10,"rad":10},"bg":{"selectedKey":"gradient","fill":{"opac":0.26,"rgb":"var(--TC11)"},"gradient":{"angle":0,"opac":0.53,"stops":[{"color":"#00e2ff","pos":0},{"color":"#003663","pos":100}]}},"transparentBg":{"selectedKey":false}}},"ceR8ireLiW":{"id":"ceR8ireLiW","type":"interactive","subtype":"interactiveRichText","setup":{"frmeTp":{"selectedKey":"noneFrame"},"bg":{"fill":{"opac":0.7,"rgb":"var(--TC3)"}},"txt":{"val":{"ops":[{"insert":"\n","attributes":{"align":"center","size":"huge"}},{"insert":"ORDINAL NUMBERS","attributes":{"bold":true,"color":"var(--TC2)"}},{"insert":"\n","attributes":{"align":"center","size":"huge"}},{"insert":"traducción: números ordinales "},{"insert":"\n","attributes":{"size":"large","align":"center"}},{"insert":"\n"}]},"rType":"richtext"},"vali":"middle"}},"FIL1s5OO5t":{"id":"FIL1s5OO5t","type":"interactive","subtype":"interactivePodCast","setup":{"bg":{"selectedKey":"image","fill":{"opac":1,"rgb":"#FFF"},"img":{"filt":{"opac":100,"gray":0,"blur":0,"tint":{"rgb":"#FFF","opac":0}},"pos":{"type":"fit","fit":{"bg":{"color":{"rgb":"#FFF","opac":100}},"vali":"center","hali":"center"},"crop":{"bg":{"color":{"rgb":"#FFF","opac":0}},"poi":{"x":707,"y":1486.5}},"mask":{"shape":1}},"measures":{"size":{"width":1414,"height":2000}},"orig":{"rType":"asset","rSubType":"image","fileName":"11 (9).png","fileSize":51732,"val":"mc-3307c8c5b388021fc251802a48f6edb5.png","aid":"kQYjYK8DV"}}},"audio":{"orig":{"rType":"asset","rSubType":"audio","fileName":"20.m4a","fileSize":136202,"val":"mc-b97bde2190a40ce3eda04a1537606a01.m4a","aid":"QWNpNxt6o"}}}},"pSrLAxgJUs":{"id":"pSrLAxgJUs","type":"interactive","subtype":"interactivePodCast","setup":{"bg":{"selectedKey":"image","fill":{"opac":1,"rgb":"#FFF"},"img":{"filt":{"opac":100,"gray":0,"blur":0,"tint":{"rgb":"#FFF","opac":0}},"pos":{"type":"fit","fit":{"bg":{"color":{"rgb":"#FFF","opac":100}},"vali":"center","hali":"center"},"crop":{"bg":{"color":{"rgb":"#FFF","opac":0}},"poi":{"x":707,"y":790.5}},"mask":{"shape":1}},"measures":{"size":{"width":1414,"height":2000}},"orig":{"rType":"asset","rSubType":"image","fileName":"11 (8).png","fileSize":48790,"val":"mc-dd77c976ce40ad47f9b4b774a5c8046a.png","aid":"lHUoE67mO"}}},"audio":{"orig":{"rType":"asset","rSubType":"audio","fileName":"19.m4a","fileSize":136124,"val":"mc-535c5324fe616620a21fc91f193b35c0.m4a","aid":"mQzFe-DpW"}}}}},"v":"1"}