{"i":{"3BnYQrA3n":{"id":"3BnYQrA3n","type":"slide","setup":{"transparentBg":{"selectedKey":false},"bord":{"size":10,"rad":10},"bg":{"selectedKey":"gradient","fill":{"opac":0.26,"rgb":"var(--TC11)"},"gradient":{"angle":0,"opac":0.53,"stops":[{"color":"#00e2ff","pos":0},{"color":"#003663","pos":100}]}}}},"1gbAHTwV1s":{"id":"1gbAHTwV1s","type":"interactive","subtype":"interactivePodCast","setup":{"bg":{"selectedKey":"image","fill":{"opac":1,"rgb":"#FFF"},"img":{"filt":{"opac":100,"gray":0,"blur":0,"tint":{"rgb":"#FFF","opac":0}},"pos":{"type":"fit","fit":{"bg":{"color":{"rgb":"#FFF","opac":100}},"vali":"center","hali":"center"},"crop":{"bg":{"color":{"rgb":"#FFF","opac":0}},"poi":{"x":707,"y":1486.5}},"mask":{"shape":1}},"measures":{"size":{"width":1414,"height":2000}},"orig":{"rType":"asset","rSubType":"image","fileName":"11 (17).png","fileSize":53938,"val":"mc-d315cd889d94c375488b7b7adfeacdf6.png","aid":"1gzJFiQWd"}}},"audio":{"orig":{"rType":"asset","rSubType":"audio","fileName":"27.m4a","fileSize":139417,"val":"mc-35c82b7a2a23f06bc0cd8b84b286d357.m4a","aid":"dfHE3rbC4"}}}},"XOFxzp2h8P":{"id":"XOFxzp2h8P","type":"interactive","subtype":"interactivePodCast","setup":{"bg":{"selectedKey":"image","fill":{"opac":1,"rgb":"#FFF"},"img":{"filt":{"opac":100,"gray":0,"blur":0,"tint":{"rgb":"#FFF","opac":0}},"pos":{"type":"fit","fit":{"bg":{"color":{"rgb":"#FFF","opac":100}},"vali":"center","hali":"center"},"crop":{"bg":{"color":{"rgb":"#FFF","opac":0}},"poi":{"x":707,"y":1486.5}},"mask":{"shape":1}},"measures":{"size":{"width":1414,"height":2000}},"orig":{"rType":"asset","rSubType":"image","fileName":"11 (18).png","fileSize":65802,"val":"mc-15a6d1fd8a9eab1d89ff14f41bd9e17d.png","aid":"vx4UoBt8d"}}},"audio":{"orig":{"rType":"asset","rSubType":"audio","fileName":"28.m4a","fileSize":158255,"val":"mc-d35dde2e59e19579de1aa175e1b166ce.m4a","aid":"0TEKKphJi"}}}},"dZkG4QURkW":{"id":"dZkG4QURkW","type":"interactive","subtype":"interactiveRichText","setup":{"frmeTp":{"selectedKey":"noneFrame"},"bg":{"fill":{"opac":0.7,"rgb":"var(--TC3)"}},"txt":{"val":{"ops":[{"insert":"\n","attributes":{"align":"center","size":"huge"}},{"insert":"ORDINAL NUMBERS","attributes":{"bold":true,"color":"var(--TC2)"}},{"insert":"\n","attributes":{"align":"center","size":"huge"}},{"insert":"traducción: números ordinales "},{"insert":"\n","attributes":{"size":"large","align":"center"}},{"insert":"\n"}]},"rType":"richtext"},"vali":"middle"}}},"v":"1"}