{"i":{"YCGmkL5om":{"id":"YCGmkL5om","type":"slide","setup":{"bord":{"size":10,"rad":10},"bg":{"selectedKey":"gradient","fill":{"opac":0.26,"rgb":"var(--TC11)"},"gradient":{"angle":0,"opac":0.53,"stops":[{"color":"#00e2ff","pos":0},{"color":"#003663","pos":100}]}},"transparentBg":{"selectedKey":false}}},"LMcezmr3Ld":{"id":"LMcezmr3Ld","type":"interactive","subtype":"interactivePodCast","setup":{"bg":{"selectedKey":"image","fill":{"opac":1,"rgb":"#FFF"},"img":{"filt":{"opac":100,"gray":0,"blur":0,"tint":{"rgb":"#FFF","opac":0}},"pos":{"type":"fit","fit":{"bg":{"color":{"rgb":"#FFF","opac":100}},"vali":"center","hali":"center"},"crop":{"bg":{"color":{"rgb":"#FFF","opac":0}},"poi":{"x":707,"y":1486.5}},"mask":{"shape":1}},"measures":{"size":{"width":1414,"height":2000}},"orig":{"rType":"asset","rSubType":"image","fileName":"11.png","fileSize":48411,"val":"mc-7b0af06b6c9715c25678f60a4bc97717.png","aid":"WEERcNicM"}}},"audio":{"orig":{"rType":"asset","rSubType":"audio","fileName":"18.m4a","fileSize":136151,"val":"mc-02eaa5ce09583d8fe5b5f811ac2449c2.m4a","aid":"qExjAgZIF"}}}},"6I6d5NPiHi":{"id":"6I6d5NPiHi","type":"interactive","subtype":"interactivePodCast","setup":{"bg":{"selectedKey":"image","fill":{"opac":1,"rgb":"#FFF"},"img":{"filt":{"opac":100,"gray":0,"blur":0,"tint":{"rgb":"#FFF","opac":0}},"pos":{"type":"fit","fit":{"bg":{"color":{"rgb":"#FFF","opac":100}},"vali":"center","hali":"center"},"crop":{"bg":{"color":{"rgb":"#FFF","opac":0}},"poi":{"x":707,"y":1486.5}},"mask":{"shape":1}},"measures":{"size":{"width":1414,"height":2000}},"orig":{"rType":"asset","rSubType":"image","fileName":"11 (7).png","fileSize":43386,"val":"mc-6b104c1bb9c4f908e642fb89135c31f6.png","aid":"9rrUndE7x"}}},"audio":{"orig":{"rType":"asset","rSubType":"audio","fileName":"17.m4a","fileSize":149335,"val":"mc-3e84d94c1b8bb7eef4cae0ccfb182ff2.m4a","aid":"_-mH9KSuc"}}}},"xf3UQCL3WL":{"id":"xf3UQCL3WL","type":"interactive","subtype":"interactiveRichText","setup":{"frmeTp":{"selectedKey":"noneFrame"},"bg":{"fill":{"opac":0.7,"rgb":"var(--TC3)"}},"txt":{"val":{"ops":[{"insert":"\n","attributes":{"align":"center","size":"huge"}},{"insert":"ORDINAL NUMBERS","attributes":{"bold":true,"color":"var(--TC2)"}},{"insert":"\n","attributes":{"align":"center","size":"huge"}},{"insert":"traducción: números ordinales "},{"insert":"\n","attributes":{"size":"large","align":"center"}},{"insert":"\n"}]},"rType":"richtext"},"vali":"middle"}}},"v":"1"}