{"i":{"BIzXyB70I":{"id":"BIzXyB70I","type":"slide","setup":{"bord":{"size":10,"rad":10},"bg":{"selectedKey":"gradient","fill":{"opac":0.26,"rgb":"var(--TC11)"},"gradient":{"angle":0,"opac":0.53,"stops":[{"color":"#00e2ff","pos":0},{"color":"#003663","pos":100}]}},"transparentBg":{"selectedKey":false}}},"xonTBKxAHy":{"id":"xonTBKxAHy","type":"interactive","subtype":"interactivePodCast","setup":{"bg":{"selectedKey":"image","fill":{"opac":1,"rgb":"#FFF"},"img":{"filt":{"opac":100,"gray":0,"blur":0,"tint":{"rgb":"#FFF","opac":0}},"pos":{"type":"fit","fit":{"bg":{"color":{"rgb":"#FFF","opac":100}},"vali":"center","hali":"center"},"crop":{"bg":{"color":{"rgb":"#FFF","opac":0}},"poi":{"x":707,"y":703.5}},"mask":{"shape":1}},"measures":{"size":{"width":1414,"height":2000}},"orig":{"rType":"asset","rSubType":"image","fileName":"#f0932b (3).png","fileSize":56495,"val":"mc-1d134e1ef2d236f121c96bd2a08cb929.png","aid":"Bwe7dZMHE"}}},"audio":{"orig":{"rType":"asset","rSubType":"audio","fileName":"3.m4a","fileSize":127960,"val":"mc-d1d0ec1ee15bfc03b59385257efbb40f.m4a","aid":"5jBFEj0vn"}}}},"o1pUVNSbGn":{"id":"o1pUVNSbGn","type":"interactive","subtype":"interactivePodCast","setup":{"bg":{"selectedKey":"image","fill":{"opac":1,"rgb":"#FFF"},"img":{"filt":{"opac":100,"gray":0,"blur":0,"tint":{"rgb":"#FFF","opac":0}},"pos":{"type":"fit","fit":{"bg":{"color":{"rgb":"#FFF","opac":100}},"vali":"center","hali":"center"},"crop":{"bg":{"color":{"rgb":"#FFF","opac":0}},"poi":{"x":707,"y":1486.5}},"mask":{"shape":1}},"measures":{"size":{"width":1414,"height":2000}},"orig":{"rType":"asset","rSubType":"image","fileName":"#f0932b (4).png","fileSize":39400,"val":"mc-6d1bbb0d4856552179622b9055b651bc.png","aid":"FClyO2SLf"}}},"audio":{"orig":{"rType":"asset","rSubType":"audio","fileName":"4.m4a","fileSize":121781,"val":"mc-8e78c4a0733b131eca9084df7bc1de55.m4a","aid":"yiPOx0HOI"}}}},"lllcHsAkCN":{"id":"lllcHsAkCN","type":"interactive","subtype":"interactiveRichText","setup":{"frmeTp":{"selectedKey":"noneFrame"},"bg":{"fill":{"opac":0.7,"rgb":"var(--TC3)"}},"txt":{"val":{"ops":[{"insert":"\n","attributes":{"align":"center","size":"huge"}},{"insert":"ORDINAL NUMBERS","attributes":{"bold":true,"color":"var(--TC2)"}},{"insert":"\n","attributes":{"align":"center","size":"huge"}},{"insert":"traducción: números ordinales "},{"insert":"\n","attributes":{"size":"large","align":"center"}},{"insert":"\n"}]},"rType":"richtext"},"vali":"middle"}}},"v":"1"}