{"i":{"2jWWnUoxd":{"id":"2jWWnUoxd","type":"slide","setup":{"transparentBg":{"selectedKey":false},"bord":{"size":10,"rad":10},"bg":{"selectedKey":"gradient","fill":{"opac":0.26,"rgb":"var(--TC11)"},"gradient":{"angle":0,"opac":0.53,"stops":[{"color":"#00e2ff","pos":0},{"color":"#003663","pos":100}]}}}},"6cBIVEHbaT":{"id":"6cBIVEHbaT","type":"interactive","subtype":"interactiveRichText","setup":{"frmeTp":{"selectedKey":"noneFrame"},"bg":{"fill":{"opac":0.7,"rgb":"var(--TC3)"}},"txt":{"val":{"ops":[{"insert":"\n","attributes":{"align":"center","size":"huge"}},{"insert":"ORDINAL NUMBERS","attributes":{"bold":true,"color":"var(--TC2)"}},{"insert":"\n","attributes":{"align":"center","size":"huge"}},{"insert":"traducción: números ordinales "},{"insert":"\n","attributes":{"size":"large","align":"center"}},{"insert":"\n"}]},"rType":"richtext"},"vali":"middle"}},"-_yMPgqCKp":{"id":"-_yMPgqCKp","type":"interactive","subtype":"interactivePodCast","setup":{"bg":{"selectedKey":"image","fill":{"opac":1,"rgb":"#FFF"},"img":{"filt":{"opac":100,"gray":0,"blur":0,"tint":{"rgb":"#FFF","opac":0}},"pos":{"type":"fit","fit":{"bg":{"color":{"rgb":"#FFF","opac":100}},"vali":"center","hali":"center"},"crop":{"bg":{"color":{"rgb":"#FFF","opac":0}},"poi":{"x":707,"y":1486.5}},"mask":{"shape":1}},"measures":{"size":{"width":1414,"height":2000}},"orig":{"rType":"asset","rSubType":"image","fileName":"11 (20).png","fileSize":52028,"val":"mc-aaddab3ca55f2afbe982c297740267d8.png","aid":"6SryBE1tR"}}},"audio":{"orig":{"rType":"asset","rSubType":"audio","fileName":"30.m4a","fileSize":143089,"val":"mc-526a2d341040dbd7f9a38d7d3f75b189.m4a","aid":"ewB_zflmq"}}}},"N361huWamL":{"id":"N361huWamL","type":"interactive","subtype":"interactivePodCast","setup":{"bg":{"selectedKey":"image","fill":{"opac":1,"rgb":"#FFF"},"img":{"filt":{"opac":100,"gray":0,"blur":0,"tint":{"rgb":"#FFF","opac":0}},"pos":{"type":"fit","fit":{"bg":{"color":{"rgb":"#FFF","opac":100}},"vali":"center","hali":"center"},"crop":{"bg":{"color":{"rgb":"#FFF","opac":0}},"poi":{"x":707,"y":1443.5}},"mask":{"shape":1}},"measures":{"size":{"width":1414,"height":2000}},"orig":{"rType":"asset","rSubType":"image","fileName":"11 (19).png","fileSize":57083,"val":"mc-d2ea18c052d3ca1f0321e4f38a328569.png","aid":"jGcR2_LgG"}}},"audio":{"orig":{"rType":"asset","rSubType":"audio","fileName":"29.m4a","fileSize":150410,"val":"mc-1f72500bef526187dd342950932aa95f.m4a","aid":"S7ll51Qtq"}}}}},"v":"1"}