{"i":{"kmI9OmS8A":{"id":"kmI9OmS8A","type":"slide","setup":{"transparentBg":{"selectedKey":false},"bord":{"size":10,"rad":10},"bg":{"selectedKey":"gradient","fill":{"opac":0.26,"rgb":"var(--TC11)"},"gradient":{"angle":0,"opac":0.53,"stops":[{"color":"#00e2ff","pos":0},{"color":"#003663","pos":100}]}}}},"khiC_GWAxX":{"id":"khiC_GWAxX","type":"interactive","subtype":"interactivePodCast","setup":{"bg":{"selectedKey":"image","fill":{"opac":1,"rgb":"#FFF"},"img":{"filt":{"opac":100,"gray":0,"blur":0,"tint":{"rgb":"#FFF","opac":0}},"pos":{"type":"fit","fit":{"bg":{"color":{"rgb":"#FFF","opac":100}},"vali":"center","hali":"center"},"crop":{"bg":{"color":{"rgb":"#FFF","opac":0}},"poi":{"x":707,"y":1486.5}},"mask":{"shape":1}},"measures":{"size":{"width":1414,"height":2000}},"orig":{"rType":"asset","rSubType":"image","fileName":"11 (12).png","fileSize":63267,"val":"mc-a2509531d7ca621a1e0c4c803da265cb.png","aid":"TWu0POY-s"}}},"audio":{"orig":{"rType":"asset","rSubType":"audio","fileName":"22.m4a","fileSize":135934,"val":"mc-8b8a36d34bbe23a1a4335c7227b65735.m4a","aid":"1XwCaW6xg"}}}},"EJtyBBo1t4":{"id":"EJtyBBo1t4","type":"interactive","subtype":"interactiveRichText","setup":{"frmeTp":{"selectedKey":"noneFrame"},"bg":{"fill":{"opac":0.7,"rgb":"var(--TC3)"}},"txt":{"val":{"ops":[{"insert":"\n","attributes":{"align":"center","size":"huge"}},{"insert":"ORDINAL NUMBERS","attributes":{"bold":true,"color":"var(--TC2)"}},{"insert":"\n","attributes":{"align":"center","size":"huge"}},{"insert":"traducción: números ordinales "},{"insert":"\n","attributes":{"size":"large","align":"center"}},{"insert":"\n"}]},"rType":"richtext"},"vali":"middle"}},"lAzhjOo7Yx":{"id":"lAzhjOo7Yx","type":"interactive","subtype":"interactivePodCast","setup":{"bg":{"selectedKey":"image","fill":{"opac":1,"rgb":"#FFF"},"img":{"filt":{"opac":100,"gray":0,"blur":0,"tint":{"rgb":"#FFF","opac":0}},"pos":{"type":"fit","fit":{"bg":{"color":{"rgb":"#FFF","opac":100}},"vali":"center","hali":"center"},"crop":{"bg":{"color":{"rgb":"#FFF","opac":0}},"poi":{"x":707,"y":1486.5}},"mask":{"shape":1}},"measures":{"size":{"width":1414,"height":2000}},"orig":{"rType":"asset","rSubType":"image","fileName":"11 (11).png","fileSize":57351,"val":"mc-6a4818f2fcecf272fbe6877b5d94290c.png","aid":"Bbh3nvJKF"}}},"audio":{"orig":{"rType":"asset","rSubType":"audio","fileName":"21.m4a","fileSize":162834,"val":"mc-0ff9a0761573ff4fad373db559bd16c5.m4a","aid":"koDsGv_pt"}}}}},"v":"1"}