{"i":{"cNByt6fNqC":{"id":"cNByt6fNqC","type":"slide","setup":{"bg":{"selectedKey":"gradient","fill":{"opac":0.26,"rgb":"var(--TC11)"},"gradient":{"angle":0,"opac":0.53,"stops":[{"color":"#00e2ff","pos":0},{"color":"#003663","pos":100}]}},"transparentBg":{"selectedKey":false},"bord":{"size":10,"rad":10}}},"TDrXEP3-k":{"id":"TDrXEP3-k","type":"interactive","subtype":"interactivePodCast","setup":{"bg":{"selectedKey":"image","fill":{"opac":1,"rgb":"#FFF"},"img":{"filt":{"opac":100,"gray":0,"blur":0,"tint":{"rgb":"#FFF","opac":0}},"pos":{"type":"fit","fit":{"bg":{"color":{"rgb":"#FFF","opac":100}},"vali":"center","hali":"center"},"crop":{"bg":{"color":{"rgb":"#FFF","opac":0}},"poi":{"x":707,"y":703.5}},"mask":{"shape":1}},"measures":{"size":{"width":1414,"height":2000}},"orig":{"rType":"asset","rSubType":"image","fileName":"#f0932b (2).png","fileSize":53355,"val":"mc-6d46a8f6645daca65de2dfb9f8086730.png","aid":"28-bB0aL-"}}},"audio":{"orig":{"rType":"asset","rSubType":"audio","fileName":"2.m4a","fileSize":162969,"val":"mc-f137865a7b477fad668573a99334854b.m4a","aid":"0Rfn68Uz-"}}}},"FpdJHHwI4":{"id":"FpdJHHwI4","type":"interactive","subtype":"interactiveRichText","setup":{"frmeTp":{"selectedKey":"noneFrame"},"bg":{"fill":{"opac":0.7,"rgb":"var(--TC3)"}},"txt":{"val":{"ops":[{"insert":"\n","attributes":{"align":"center","size":"huge"}},{"insert":"ORDINAL NUMBERS","attributes":{"bold":true,"color":"var(--TC2)"}},{"insert":"\n","attributes":{"align":"center","size":"huge"}},{"insert":"traducción: números ordinales "},{"insert":"\n","attributes":{"size":"large","align":"center"}},{"insert":"\n"}]},"rType":"richtext"},"vali":"middle"}},"fb648L8b5":{"id":"fb648L8b5","type":"interactive","subtype":"interactivePodCast","setup":{"bg":{"selectedKey":"image","fill":{"opac":1,"rgb":"#FFF"},"img":{"filt":{"opac":100,"gray":0,"blur":0,"tint":{"rgb":"#FFF","opac":0}},"pos":{"type":"fit","fit":{"bg":{"color":{"rgb":"#FFF","opac":100}},"vali":"center","hali":"center"},"crop":{"bg":{"color":{"rgb":"#FFF","opac":0}},"poi":{"x":707,"y":660.5}},"mask":{"shape":1}},"measures":{"size":{"width":1414,"height":2000}},"orig":{"rType":"asset","rSubType":"image","fileName":"#f0932b (1).png","fileSize":41030,"val":"mc-e88a85abaeb57e756b51d42b840292c1.png","aid":"a0W5lQECq"}}},"audio":{"orig":{"rType":"asset","rSubType":"audio","fileName":"1.m4a","fileSize":171719,"val":"mc-068339b256819b9cd61834f6305cf7f2.m4a","aid":"tVNtdUA-3"}}}}},"v":"1"}