{"i":{"VRTZ9tikm":{"id":"VRTZ9tikm","type":"slide","setup":{"transparentBg":{"selectedKey":false},"bord":{"size":10,"rad":10},"bg":{"selectedKey":"gradient","fill":{"opac":0.26,"rgb":"var(--TC11)"},"gradient":{"angle":0,"opac":0.53,"stops":[{"color":"#00e2ff","pos":0},{"color":"#003663","pos":100}]}}}},"-UFl0NPYUC":{"id":"-UFl0NPYUC","type":"interactive","subtype":"interactiveRichText","setup":{"frmeTp":{"selectedKey":"noneFrame"},"bg":{"fill":{"opac":0.7,"rgb":"var(--TC3)"}},"txt":{"val":{"ops":[{"insert":"\n","attributes":{"align":"center","size":"huge"}},{"insert":"ORDINAL NUMBERS","attributes":{"bold":true,"color":"var(--TC2)"}},{"insert":"\n","attributes":{"align":"center","size":"huge"}},{"insert":"traducción: números ordinales "},{"insert":"\n","attributes":{"size":"large","align":"center"}},{"insert":"\n"}]},"rType":"richtext"},"vali":"middle"}},"t62M0SoeMS":{"id":"t62M0SoeMS","type":"interactive","subtype":"interactivePodCast","setup":{"bg":{"selectedKey":"image","fill":{"opac":1,"rgb":"#FFF"},"img":{"filt":{"opac":100,"gray":0,"blur":0,"tint":{"rgb":"#FFF","opac":0}},"pos":{"type":"fit","fit":{"bg":{"color":{"rgb":"#FFF","opac":100}},"vali":"center","hali":"center"},"crop":{"bg":{"color":{"rgb":"#FFF","opac":0}},"poi":{"x":707,"y":790.5}},"mask":{"shape":1}},"measures":{"size":{"width":1414,"height":2000}},"orig":{"rType":"asset","rSubType":"image","fileName":"11 (16).png","fileSize":63903,"val":"mc-d37883cf192ed8ed240dccf4d720d734.png","aid":"sWTUYJtTJ"}}},"audio":{"orig":{"rType":"asset","rSubType":"audio","fileName":"26.m4a","fileSize":150681,"val":"mc-66ac9e41b6e4df83310bd75d313db6eb.m4a","aid":"3LUKHhqtw"}}}},"f14MDIjudM":{"id":"f14MDIjudM","type":"interactive","subtype":"interactivePodCast","setup":{"bg":{"selectedKey":"image","fill":{"opac":1,"rgb":"#FFF"},"img":{"filt":{"opac":100,"gray":0,"blur":0,"tint":{"rgb":"#FFF","opac":0}},"pos":{"type":"fit","fit":{"bg":{"color":{"rgb":"#FFF","opac":100}},"vali":"center","hali":"center"},"crop":{"bg":{"color":{"rgb":"#FFF","opac":0}},"poi":{"x":707,"y":1486.5}},"mask":{"shape":1}},"measures":{"size":{"width":1414,"height":2000}},"orig":{"rType":"asset","rSubType":"image","fileName":"11 (15).png","fileSize":50483,"val":"mc-6815a73d77ee4ab82a8d2ed91932adab.png","aid":"QprgZDJ0G"}}},"audio":{"orig":{"rType":"asset","rSubType":"audio","fileName":"25.m4a","fileSize":151377,"val":"mc-9acc2a456421add287864d77c210a592.m4a","aid":"2pEralS4N"}}}}},"v":"1"}