{"i":{"NZ10t1l7q":{"id":"NZ10t1l7q","type":"slide","setup":{"bord":{"size":10,"rad":10},"bg":{"selectedKey":"gradient","fill":{"opac":0.26,"rgb":"var(--TC11)"},"gradient":{"angle":0,"opac":0.53,"stops":[{"color":"#00e2ff","pos":0},{"color":"#003663","pos":100}]}},"transparentBg":{"selectedKey":false}}},"Ka3d6xmKi2":{"id":"Ka3d6xmKi2","type":"interactive","subtype":"interactiveRichText","setup":{"frmeTp":{"selectedKey":"noneFrame"},"bg":{"fill":{"opac":0.7,"rgb":"var(--TC3)"}},"txt":{"val":{"ops":[{"insert":"\n","attributes":{"align":"center","size":"huge"}},{"insert":"ORDINAL NUMBERS","attributes":{"bold":true,"color":"var(--TC2)"}},{"insert":"\n","attributes":{"align":"center","size":"huge"}},{"insert":"traducción: números ordinales "},{"insert":"\n","attributes":{"size":"large","align":"center"}},{"insert":"\n"}]},"rType":"richtext"},"vali":"middle"}},"DTQoozJvfS":{"id":"DTQoozJvfS","type":"interactive","subtype":"interactivePodCast","setup":{"bg":{"selectedKey":"image","fill":{"opac":1,"rgb":"#FFF"},"img":{"filt":{"opac":100,"gray":0,"blur":0,"tint":{"rgb":"#FFF","opac":0}},"pos":{"type":"fit","fit":{"bg":{"color":{"rgb":"#FFF","opac":100}},"vali":"center","hali":"center"},"crop":{"bg":{"color":{"rgb":"#FFF","opac":0}},"poi":{"x":707,"y":790.5}},"mask":{"shape":1}},"measures":{"size":{"width":1414,"height":2000}},"orig":{"rType":"asset","rSubType":"image","fileName":"11 (4).png","fileSize":42982,"val":"mc-a4e48dfe2fcef9c4d5f925937ee8c6ed.png","aid":"VS5wpGocX"}}},"audio":{"orig":{"rType":"asset","rSubType":"audio","fileName":"14.m4a","fileSize":145328,"val":"mc-c8c86265cc17ef44c1b04ebc105e1ed5.m4a","aid":"5SCRsFc9b"}}}},"YPlLvPOEmb":{"id":"YPlLvPOEmb","type":"interactive","subtype":"interactivePodCast","setup":{"bg":{"selectedKey":"image","fill":{"opac":1,"rgb":"#FFF"},"img":{"filt":{"opac":100,"gray":0,"blur":0,"tint":{"rgb":"#FFF","opac":0}},"pos":{"type":"fit","fit":{"bg":{"color":{"rgb":"#FFF","opac":100}},"vali":"center","hali":"center"},"crop":{"bg":{"color":{"rgb":"#FFF","opac":0}},"poi":{"x":707,"y":1356.5}},"mask":{"shape":1}},"measures":{"size":{"width":1414,"height":2000}},"orig":{"rType":"asset","rSubType":"image","fileName":"11 (3).png","fileSize":45072,"val":"mc-47f457c6c6e056e7ac5911c6156c917b.png","aid":"i8LrrWY8G"}}},"audio":{"orig":{"rType":"asset","rSubType":"audio","fileName":"13.m4a","fileSize":134974,"val":"mc-e7788a186a82b75d23947d11f1f919c7.m4a","aid":"o8K9vgLDd"}}}}},"v":"1"}