{"i":{"kbT3fPR9n":{"id":"kbT3fPR9n","type":"slide","setup":{"bord":{"size":10,"rad":10},"bg":{"selectedKey":"gradient","fill":{"opac":0.26,"rgb":"var(--TC11)"},"gradient":{"angle":0,"opac":0.53,"stops":[{"color":"#00e2ff","pos":0},{"color":"#003663","pos":100}]}},"transparentBg":{"selectedKey":false}}},"an0rKTEcVp":{"id":"an0rKTEcVp","type":"interactive","subtype":"interactivePodCast","setup":{"bg":{"selectedKey":"image","fill":{"opac":1,"rgb":"#FFF"},"img":{"filt":{"opac":100,"gray":0,"blur":0,"tint":{"rgb":"#FFF","opac":0}},"pos":{"type":"fit","fit":{"bg":{"color":{"rgb":"#FFF","opac":100}},"vali":"center","hali":"center"},"crop":{"bg":{"color":{"rgb":"#FFF","opac":0}},"poi":{"x":707,"y":921.5}},"mask":{"shape":1}},"measures":{"size":{"width":1414,"height":2000}},"orig":{"rType":"asset","rSubType":"image","fileName":"#f0932b (5).png","fileSize":42816,"val":"mc-7a766a1272be7cfb0ed1a6d979835783.png","aid":"YbQZmi4kW"}}},"audio":{"orig":{"rType":"asset","rSubType":"audio","fileName":"5.m4a","fileSize":122811,"val":"mc-73dd7d81cbe585a594ff0ca7cdba3fe3.m4a","aid":"KjsojSjqx"}}}},"KYK3uKU8dI":{"id":"KYK3uKU8dI","type":"interactive","subtype":"interactiveRichText","setup":{"frmeTp":{"selectedKey":"noneFrame"},"bg":{"fill":{"opac":0.7,"rgb":"var(--TC3)"}},"txt":{"val":{"ops":[{"insert":"\n","attributes":{"align":"center","size":"huge"}},{"insert":"ORDINAL NUMBERS","attributes":{"bold":true,"color":"var(--TC2)"}},{"insert":"\n","attributes":{"align":"center","size":"huge"}},{"insert":"traducción: números ordinales "},{"insert":"\n","attributes":{"size":"large","align":"center"}},{"insert":"\n"}]},"rType":"richtext"},"vali":"middle"}},"fvcQGRhdnb":{"id":"fvcQGRhdnb","type":"interactive","subtype":"interactivePodCast","setup":{"bg":{"selectedKey":"image","fill":{"opac":1,"rgb":"#FFF"},"img":{"filt":{"opac":100,"gray":0,"blur":0,"tint":{"rgb":"#FFF","opac":0}},"pos":{"type":"fit","fit":{"bg":{"color":{"rgb":"#FFF","opac":100}},"vali":"center","hali":"center"},"crop":{"bg":{"color":{"rgb":"#FFF","opac":0}},"poi":{"x":707,"y":1486.5}},"mask":{"shape":1}},"measures":{"size":{"width":1414,"height":2000}},"orig":{"rType":"asset","rSubType":"image","fileName":"#f0932b (6).png","fileSize":55936,"val":"mc-2f7b249fe2ccbf262c6c0c570c0db362.png","aid":"J0vm5P_Mm"}}},"audio":{"orig":{"rType":"asset","rSubType":"audio","fileName":"6.m4a","fileSize":126611,"val":"mc-d0e8a4d85a98f7a0b7075a90bdbc551f.m4a","aid":"KrtmJqMBK"}}}}},"v":"1"}