{"i":{"YPxZ2kyff":{"id":"YPxZ2kyff","type":"slide","setup":{"bord":{"size":10,"rad":10},"bg":{"selectedKey":"gradient","fill":{"opac":0.26,"rgb":"var(--TC11)"},"gradient":{"angle":0,"opac":0.53,"stops":[{"color":"#00e2ff","pos":0},{"color":"#003663","pos":100}]}},"transparentBg":{"selectedKey":false}}},"b_8sLi3Zo5":{"id":"b_8sLi3Zo5","type":"interactive","subtype":"interactiveRichText","setup":{"frmeTp":{"selectedKey":"noneFrame"},"bg":{"fill":{"opac":0.7,"rgb":"var(--TC3)"}},"txt":{"val":{"ops":[{"insert":"\n","attributes":{"align":"center","size":"huge"}},{"insert":"ORDINAL NUMBERS","attributes":{"bold":true,"color":"var(--TC2)"}},{"insert":"\n","attributes":{"align":"center","size":"huge"}},{"insert":"traducción: números ordinales "},{"insert":"\n","attributes":{"size":"large","align":"center"}},{"insert":"\n"}]},"rType":"richtext"},"vali":"middle"}},"LYhRxvjm9m":{"id":"LYhRxvjm9m","type":"interactive","subtype":"interactivePodCast","setup":{"bg":{"selectedKey":"image","fill":{"opac":1,"rgb":"#FFF"},"img":{"filt":{"opac":100,"gray":0,"blur":0,"tint":{"rgb":"#FFF","opac":0}},"pos":{"type":"fit","fit":{"bg":{"color":{"rgb":"#FFF","opac":100}},"vali":"center","hali":"center"},"crop":{"bg":{"color":{"rgb":"#FFF","opac":0}},"poi":{"x":707,"y":1312.5}},"mask":{"shape":1}},"measures":{"size":{"width":1414,"height":2000}},"orig":{"rType":"asset","rSubType":"image","fileName":"11 (1).png","fileSize":35820,"val":"mc-89bc769302b5e9273d817b2b6f5dc835.png","aid":"rPapUuSB0"}}},"audio":{"orig":{"rType":"asset","rSubType":"audio","fileName":"11.m4a","fileSize":118705,"val":"mc-3775c1da4ce96f9d2566cafcdea66863.m4a","aid":"9VcYq_w7l"}}}},"hEl7YlwYv0":{"id":"hEl7YlwYv0","type":"interactive","subtype":"interactivePodCast","setup":{"bg":{"selectedKey":"image","fill":{"opac":1,"rgb":"#FFF"},"img":{"filt":{"opac":100,"gray":0,"blur":0,"tint":{"rgb":"#FFF","opac":0}},"pos":{"type":"fit","fit":{"bg":{"color":{"rgb":"#FFF","opac":100}},"vali":"center","hali":"center"},"crop":{"bg":{"color":{"rgb":"#FFF","opac":0}},"poi":{"x":707,"y":1356.5}},"mask":{"shape":1}},"measures":{"size":{"width":1414,"height":2000}},"orig":{"rType":"asset","rSubType":"image","fileName":"11 (2).png","fileSize":42391,"val":"mc-b7184d67fb5233e8f1c7f107760f2442.png","aid":"7LRP1Z6eO"}}},"audio":{"orig":{"rType":"asset","rSubType":"audio","fileName":"12.m4a","fileSize":117517,"val":"mc-11bb91b3968334e183a6d3c4b4f930eb.m4a","aid":"h3R8ZC4G5"}}}}},"v":"1"}