{"i":{"ombWc0S3B":{"id":"ombWc0S3B","type":"slide","setup":{"transparentBg":{"selectedKey":false},"bord":{"size":10,"rad":10},"bg":{"selectedKey":"gradient","fill":{"opac":0.26,"rgb":"var(--TC11)"},"gradient":{"angle":0,"opac":0.53,"stops":[{"color":"#00e2ff","pos":0},{"color":"#003663","pos":100}]}}}},"l-Kz98H4yJ":{"id":"l-Kz98H4yJ","type":"interactive","subtype":"interactivePodCast","setup":{"bg":{"selectedKey":"image","fill":{"opac":1,"rgb":"#FFF"},"img":{"filt":{"opac":100,"gray":0,"blur":0,"tint":{"rgb":"#FFF","opac":0}},"pos":{"type":"fit","fit":{"bg":{"color":{"rgb":"#FFF","opac":100}},"vali":"center","hali":"center"},"crop":{"bg":{"color":{"rgb":"#FFF","opac":0}},"poi":{"x":707,"y":1443.5}},"mask":{"shape":1}},"measures":{"size":{"width":1414,"height":2000}},"orig":{"rType":"asset","rSubType":"image","fileName":"11 (13).png","fileSize":58361,"val":"mc-76aa68a075fba89c3a100cede44d6a2b.png","aid":"XsTBAlFXh"}}},"audio":{"orig":{"rType":"asset","rSubType":"audio","fileName":"23.m4a","fileSize":145410,"val":"mc-bb4ab82116f19b23d6e9dd6690035b8f.m4a","aid":"d6xAnZHxg"}}}},"sfGYA3Srxw":{"id":"sfGYA3Srxw","type":"interactive","subtype":"interactivePodCast","setup":{"bg":{"selectedKey":"image","fill":{"opac":1,"rgb":"#FFF"},"img":{"filt":{"opac":100,"gray":0,"blur":0,"tint":{"rgb":"#FFF","opac":0}},"pos":{"type":"fit","fit":{"bg":{"color":{"rgb":"#FFF","opac":100}},"vali":"center","hali":"center"},"crop":{"bg":{"color":{"rgb":"#FFF","opac":0}},"poi":{"x":707,"y":1486.5}},"mask":{"shape":1}},"measures":{"size":{"width":1414,"height":2000}},"orig":{"rType":"asset","rSubType":"image","fileName":"11 (14).png","fileSize":51222,"val":"mc-86bb9b3316d89e75e51ac9a55126d0c9.png","aid":"pCtjupLx0"}}},"audio":{"orig":{"rType":"asset","rSubType":"audio","fileName":"24.m4a","fileSize":140309,"val":"mc-1772f0632766e9f5f208f441e00d89ad.m4a","aid":"1I_ig9C0C"}}}},"2GqF0WK-L5":{"id":"2GqF0WK-L5","type":"interactive","subtype":"interactiveRichText","setup":{"frmeTp":{"selectedKey":"noneFrame"},"bg":{"fill":{"opac":0.7,"rgb":"var(--TC3)"}},"txt":{"val":{"ops":[{"insert":"\n","attributes":{"align":"center","size":"huge"}},{"insert":"ORDINAL NUMBERS","attributes":{"bold":true,"color":"var(--TC2)"}},{"insert":"\n","attributes":{"align":"center","size":"huge"}},{"insert":"traducción: números ordinales "},{"insert":"\n","attributes":{"size":"large","align":"center"}},{"insert":"\n"}]},"rType":"richtext"},"vali":"middle"}}},"v":"1"}