{"i":{"SbKFT4s-ZuU":{"id":"SbKFT4s-ZuU","type":"slide","setup":{"bord":{"size":10,"rad":10},"bg":{"selectedKey":"gradient","fill":{"opac":0.26,"rgb":"var(--TC11)"},"gradient":{"angle":0,"opac":0.53,"stops":[{"color":"#00e2ff","pos":0},{"color":"#003663","pos":100}]}},"transparentBg":{"selectedKey":false}}},"4q-_RSejmia":{"id":"4q-_RSejmia","type":"interactive","subtype":"interactivePodCast","setup":{"bg":{"selectedKey":"image","fill":{"opac":1,"rgb":"#FFF"},"img":{"filt":{"opac":100,"gray":0,"blur":0,"tint":{"rgb":"#FFF","opac":0}},"pos":{"type":"fit","fit":{"bg":{"color":{"rgb":"#FFF","opac":100}},"vali":"center","hali":"center"},"crop":{"bg":{"color":{"rgb":"#FFF","opac":0}},"poi":{"x":707,"y":921.5}},"mask":{"shape":1}},"measures":{"size":{"width":1414,"height":2000}},"orig":{"rType":"asset","rSubType":"image","fileName":"#f0932b (8).png","fileSize":56525,"val":"mc-36ce54ad044f4f910b60d98f2290ac69.png","aid":"hLlUlZ3si"}}},"audio":{"orig":{"rType":"asset","rSubType":"audio","fileName":"8.m4a","fileSize":112524,"val":"mc-a4fa13dca7bc9b7b0dcfef31a9da40b9.m4a","aid":"tN3mYuPYY"}}}},"4DkSIG0ogZ_":{"id":"4DkSIG0ogZ_","type":"interactive","subtype":"interactiveRichText","setup":{"frmeTp":{"selectedKey":"noneFrame"},"bg":{"fill":{"opac":0.7,"rgb":"var(--TC3)"}},"txt":{"val":{"ops":[{"insert":"\n","attributes":{"align":"center","size":"huge"}},{"insert":"ORDINAL NUMBERS","attributes":{"bold":true,"color":"var(--TC2)"}},{"insert":"\n","attributes":{"align":"center","size":"huge"}},{"insert":"traducción: números ordinales "},{"insert":"\n","attributes":{"size":"large","align":"center"}},{"insert":"\n"}]},"rType":"richtext"},"vali":"middle"}},"ELI9XtRcegE":{"id":"ELI9XtRcegE","type":"interactive","subtype":"interactivePodCast","setup":{"bg":{"selectedKey":"image","fill":{"opac":1,"rgb":"#FFF"},"img":{"filt":{"opac":100,"gray":0,"blur":0,"tint":{"rgb":"#FFF","opac":0}},"pos":{"type":"fit","fit":{"bg":{"color":{"rgb":"#FFF","opac":100}},"vali":"center","hali":"center"},"crop":{"bg":{"color":{"rgb":"#FFF","opac":0}},"poi":{"x":707,"y":660.5}},"mask":{"shape":1}},"measures":{"size":{"width":1414,"height":2000}},"orig":{"rType":"asset","rSubType":"image","fileName":"#f0932b (7).png","fileSize":44898,"val":"mc-80afbe5572912e4faf7a3b17917759b7.png","aid":"HIrQ-IFwg"}}},"audio":{"orig":{"rType":"asset","rSubType":"audio","fileName":"7.m4a","fileSize":123214,"val":"mc-36f5380e88223e29bab3fb8298fb11dc.m4a","aid":"LOuD2tkHf"}}}}},"v":"1"}