<?xml version="1.0" encoding="UTF-8"?>
<!-- Generated by JClic - https://projectestac.github.io/jclic -->
<manifest identifier="JClic-892936" version="1.0" xmlns="http://www.imsproject.org/xsd/imscp_rootv1p1p2" xmlns:adlcp="http://www.adlnet.org/xsd/adlcp_rootv1p2" xmlns:xsi="http://www.w3.org/2001/XMLSchema-instance" xsi:schemaLocation= "http://www.imsproject.org/xsd/imscp_rootv1p1p2 imscp_rootv1p1p2.xsd http://www.imsglobal.org/xsd/imsmd_rootv1p2p1 imsmd_rootv1p2p1.xsd http://www.adlnet.org/xsd/adlcp_rootv1p2 adlcp_rootv1p2.xsd">
 <metadata> 
  <schema>ADL SCORM</schema>
  <schemaversion>1.2</schemaversion>
 </metadata> 
 <organizations default="JClic">  
  <organization identifier="JClic">  
   <title>las profesiones_ audi</title>
   <item identifier="ITEM_JClic-892936" identifierref="RES_JClic-892936">
    <title>las profesiones_ audi</title>
   </item>
  </organization>
 </organizations>
 <resources>
  <resource identifier="RES_JClic-892936" type="webcontent" href="/index.html" adlcp:scormtype="sco"> 
   <file href="11.1doctor.mp3"/>
   <file href="11.2dancers.mp3"/>
   <file href="11.3captain.mp3"/>
   <file href="11.4engineer.mp3"/>
   <file href="11.5teacher.mp3"/>
   <file href="11.6musician.mp3"/>
   <file href="11.7singer.mp3"/>
   <file href="11.8nurse.mp3"/>
   <file href="11.9flight_atendant.mp3"/>
   <file href="3077-resized.jpg"/>
   <file href="corre1.png"/>
   <file href="favicon.ico"/>
   <file href="icon-192.png"/>
   <file href="icon-72.png"/>
   <file href="image.png"/>
   <file href="image__1_.png"/>
   <file href="image__2_.png"/>
   <file href="image__3_.png"/>
   <file href="image__5_.png"/>
   <file href="image__6_.png"/>
   <file href="image__7_.png"/>
   <file href="image__8_.png"/>
   <file href="imsmanifest.xml"/>
   <file href="index.html"/>
   <file href="las_profesiones__audi.jclic"/>
   <file href="las_profesiones__audi.jclic.js"/>
   <file href="letrero_de_informacion-resized.jpg"/>
   <file href="profe1.png"/>
   <file href="profe2.png"/>
   <file href="profe3.png"/>
   <file href="profe4.png"/>
   <file href="profe5.png"/>
   <file href="profe6.png"/>
   <file href="profe7.jpg"/>
   <file href="profe8.png"/>
   <file href="profe9.png"/>
   <file href="project-cover.jpg"/>
   <file href="project-thumb.jpg"/>
   <file href="project.json"/>
  </resource>
 </resources>
</manifest>