[{"rType":"asset","rSubType":"image","fileName":"TRANSPORTE (17).png","fileSize":1217086,"val":"mc-61e028d4fe522f43eed194cb0acc357e.png","aid":"zgLEQITcB","size":1217086},{"rType":"asset","rSubType":"audio","fileName":"16.19cableway.mp3","fileSize":22024,"val":"mc-54440092e49abd454d47bbe0dd5a098a.mp3","aid":"QyKa8R4Fh","size":22024},{"rType":"asset","rSubType":"image","fileName":"TRANSPORTE (14).png","fileSize":803448,"val":"mc-cc98236cac11e28e820445622f007ae2.png","aid":"tfGDuPqOZ","size":803448},{"rType":"asset","rSubType":"audio","fileName":"16.16helicopter.mp3","fileSize":25240,"val":"mc-212e80b01d10d2cce4a9fa0a1ada78f0.mp3","aid":"g9Y1snqiC","size":25240},{"rType":"asset","rSubType":"image","fileName":"portada iseazy (1).png","fileSize":174034,"val":"mc-dc11a2cfcfbe433c8da3aabdc8a92820.png","aid":"qQVsBRFv1","size":174034},{"rType":"asset","rSubType":"image","fileName":"unsplash.jpg","fileSize":0,"val":"mc-2bdf984123efbaf1c6a58561c28ae404.jpg","aid":"p5_h8Hh7Xk","size":1095400},{"rType":"asset","rSubType":"image","fileName":"TRANSPORTE (15).png","fileSize":390242,"aid":"ZMqx4WcM2I","val":"mc-4c4ead9d909d3a1093a1d613f1eac7de.png","size":390242},{"rType":"asset","rSubType":"audio","fileName":"16.17plain.mp3","fileSize":23608,"aid":"ivStV6zVdp","val":"mc-2e5d4b8fa2c0b528972fe3a4b63c62f2.mp3","size":23608},{"rType":"asset","rSubType":"image","fileName":"TRANSPORTE (13).png","fileSize":686728,"val":"mc-710b1d361fff69a8e2a330ebbf54052c.png","aid":"tS6r9efSu","size":686728},{"rType":"asset","rSubType":"audio","fileName":"16.15hot air ballom.mp3","fileSize":40408,"val":"mc-a3b146c0923866a5276b6df718bb5380.mp3","aid":"7krwXVAOC","size":40408},{"rType":"asset","rSubType":"image","fileName":"TRANSPORTE (16).png","fileSize":918145,"val":"mc-4d35bb4aa36a55cc59dfe3d3f8f5f367.png","aid":"oxjbXxNgj","size":918145},{"rType":"asset","rSubType":"audio","fileName":"16.18airplain.mp3","fileSize":29752,"val":"mc-5ae7919203c3fadba7202e393c1e8bdb.mp3","aid":"5vnFHC7FW","size":29752},{"rType":"asset","rSubType":"image","fileName":"TRANSPORTE (15).png","fileSize":390242,"val":"mc-4c4ead9d909d3a1093a1d613f1eac7de.png","aid":"8oOZOQjLW","size":390242},{"rType":"asset","rSubType":"audio","fileName":"16.17plain.mp3","fileSize":23608,"val":"mc-2e5d4b8fa2c0b528972fe3a4b63c62f2.mp3","aid":"uKDBhwjvR","size":23608}]