{"i":{"s6K0EB2ai":{"id":"s6K0EB2ai","type":"slide","setup":{"bord":{"size":10,"rad":10},"bg":{"selectedKey":"fill","fill":{"opac":1,"rgb":"#ff00ff"}},"transparentBg":{"selectedKey":false}}},"M1y7KmShF1":{"id":"M1y7KmShF1","type":"interactive","subtype":"interactivePodCast","setup":{"bg":{"selectedKey":"image","fill":{"opac":1,"rgb":"#FFF"},"img":{"filt":{"opac":100,"gray":0,"blur":0,"tint":{"rgb":"#FFF","opac":0}},"pos":{"type":"fit","fit":{"bg":{"color":{"rgb":"#FFF","opac":100}},"vali":"center","hali":"center"},"crop":{"bg":{"color":{"rgb":"#FFF","opac":0}},"poi":{"x":1122.5,"y":1393.5}},"mask":{"shape":1}},"measures":{"size":{"width":2245,"height":3179}},"orig":{"rType":"asset","rSubType":"image","fileName":"TRANSPORTE (17).png","fileSize":1217086,"val":"mc-61e028d4fe522f43eed194cb0acc357e.png","aid":"zgLEQITcB"}}},"audio":{"orig":{"rType":"asset","rSubType":"audio","fileName":"16.19cableway.mp3","fileSize":22024,"val":"mc-54440092e49abd454d47bbe0dd5a098a.mp3","aid":"QyKa8R4Fh"}}}},"10ImTG0Yi1":{"id":"10ImTG0Yi1","type":"interactive","subtype":"interactiveRichText","setup":{"frmeTp":{"selectedKey":"noneFrame"},"bg":{"fill":{"opac":0,"rgb":"#fe860d"}},"hali":"","txt":{"val":{"ops":[{"insert":"MEANS OF AIR TRANSPORT","attributes":{"color":"var(--TC2)","bold":true}},{"insert":"\n","attributes":{"align":"center","size":"huge"}}]},"rType":"richtext"},"vali":"middle"}},"g57EH5LL7D":{"id":"g57EH5LL7D","type":"interactive","subtype":"interactivePodCast","setup":{"bg":{"selectedKey":"image","fill":{"opac":1,"rgb":"#FFF"},"img":{"filt":{"opac":100,"gray":0,"blur":0,"tint":{"rgb":"#FFF","opac":0}},"pos":{"type":"fit","fit":{"bg":{"color":{"rgb":"#FFF","opac":100}},"vali":"center","hali":"center"},"crop":{"bg":{"color":{"rgb":"#FFF","opac":0}},"poi":{"x":1122.5,"y":1462.5}},"mask":{"shape":1}},"measures":{"size":{"width":2245,"height":3179}},"orig":{"rType":"asset","rSubType":"image","fileName":"TRANSPORTE (15).png","fileSize":390242,"aid":"ZMqx4WcM2I","val":"mc-4c4ead9d909d3a1093a1d613f1eac7de.png"}}},"audio":{"orig":{"rType":"asset","rSubType":"audio","fileName":"16.17plain.mp3","fileSize":23608,"aid":"ivStV6zVdp","val":"mc-2e5d4b8fa2c0b528972fe3a4b63c62f2.mp3"}}}},"mtn_xve7dz":{"id":"mtn_xve7dz","type":"interactive","subtype":"interactivePodCast","setup":{"bg":{"selectedKey":"image","fill":{"opac":1,"rgb":"#FFF"},"img":{"filt":{"opac":100,"gray":0,"blur":0,"tint":{"rgb":"#FFF","opac":0}},"pos":{"type":"fit","fit":{"bg":{"color":{"rgb":"#FFF","opac":100}},"vali":"center","hali":"center"},"crop":{"bg":{"color":{"rgb":"#FFF","opac":0}},"poi":{"x":1122.5,"y":1462.5}},"mask":{"shape":1}},"measures":{"size":{"width":2245,"height":3179}},"orig":{"rType":"asset","rSubType":"image","fileName":"TRANSPORTE (16).png","fileSize":918145,"val":"mc-4d35bb4aa36a55cc59dfe3d3f8f5f367.png","aid":"oxjbXxNgj"}}},"audio":{"orig":{"rType":"asset","rSubType":"audio","fileName":"16.18airplain.mp3","fileSize":29752,"val":"mc-5ae7919203c3fadba7202e393c1e8bdb.mp3","aid":"5vnFHC7FW"}}}}},"v":"1"}