{"i":{"WVXX5mnQFW":{"id":"WVXX5mnQFW","type":"slide","setup":{"bord":{"size":10,"rad":10},"bg":{"selectedKey":"fill","fill":{"opac":1,"rgb":"#fe860d"}},"transparentBg":{"selectedKey":false}}},"1lnO3danE":{"id":"1lnO3danE","type":"interactive","subtype":"interactivePodCast","setup":{"bg":{"selectedKey":"image","fill":{"opac":1,"rgb":"#FFF"},"img":{"filt":{"opac":100,"gray":0,"blur":0,"tint":{"rgb":"#FFF","opac":0}},"pos":{"type":"fit","fit":{"bg":{"color":{"rgb":"#FFF","opac":100}},"vali":"center","hali":"center"},"crop":{"bg":{"color":{"rgb":"#FFF","opac":0}},"poi":{"x":1122.5,"y":1393.5}},"mask":{"shape":1}},"measures":{"size":{"width":2245,"height":3179}},"orig":{"rType":"asset","rSubType":"image","fileName":"TRANSPORTE (14).png","fileSize":803448,"val":"mc-cc98236cac11e28e820445622f007ae2.png","aid":"tfGDuPqOZ"}}},"audio":{"orig":{"rType":"asset","rSubType":"audio","fileName":"16.16helicopter.mp3","fileSize":25240,"val":"mc-212e80b01d10d2cce4a9fa0a1ada78f0.mp3","aid":"g9Y1snqiC"}}}},"z8Y-ul8do":{"id":"z8Y-ul8do","type":"interactive","subtype":"interactivePodCast","setup":{"bg":{"selectedKey":"image","fill":{"opac":1,"rgb":"#FFF"},"img":{"filt":{"opac":100,"gray":0,"blur":0,"tint":{"rgb":"#FFF","opac":0}},"pos":{"type":"fit","fit":{"bg":{"color":{"rgb":"#FFF","opac":100}},"vali":"center","hali":"center"},"crop":{"bg":{"color":{"rgb":"#FFF","opac":0}},"poi":{"x":1122.5,"y":841.5}},"mask":{"shape":1}},"measures":{"size":{"width":2245,"height":3179}},"orig":{"rType":"asset","rSubType":"image","fileName":"TRANSPORTE (13).png","fileSize":686728,"val":"mc-710b1d361fff69a8e2a330ebbf54052c.png","aid":"tS6r9efSu"}}},"audio":{"orig":{"rType":"asset","rSubType":"audio","fileName":"16.15hot air ballom.mp3","fileSize":40408,"val":"mc-a3b146c0923866a5276b6df718bb5380.mp3","aid":"7krwXVAOC"}}}},"IXudBo-0M":{"id":"IXudBo-0M","type":"interactive","subtype":"interactivePodCast","setup":{"bg":{"selectedKey":"image","fill":{"opac":1,"rgb":"#FFF"},"img":{"filt":{"opac":100,"gray":0,"blur":0,"tint":{"rgb":"#FFF","opac":0}},"pos":{"type":"fit","fit":{"bg":{"color":{"rgb":"#FFF","opac":100}},"vali":"center","hali":"center"},"crop":{"bg":{"color":{"rgb":"#FFF","opac":0}},"poi":{"x":1122.5,"y":1462.5}},"mask":{"shape":1}},"measures":{"size":{"width":2245,"height":3179}},"orig":{"rType":"asset","rSubType":"image","fileName":"TRANSPORTE (15).png","fileSize":390242,"val":"mc-4c4ead9d909d3a1093a1d613f1eac7de.png","aid":"8oOZOQjLW"}}},"audio":{"orig":{"rType":"asset","rSubType":"audio","fileName":"16.17plain.mp3","fileSize":23608,"val":"mc-2e5d4b8fa2c0b528972fe3a4b63c62f2.mp3","aid":"uKDBhwjvR"}}}},"1uDEWvt5D":{"id":"1uDEWvt5D","type":"interactive","subtype":"interactiveRichText","setup":{"frmeTp":{"selectedKey":"noneFrame"},"bg":{"fill":{"opac":0,"rgb":"#fe860d"}},"hali":"","txt":{"val":{"ops":[{"insert":"MEANS OF AIR TRANSPORT","attributes":{"color":"var(--TC2)","bold":true}},{"insert":"\n","attributes":{"align":"center","size":"huge"}}]},"rType":"richtext"},"vali":"middle"}}},"v":"1"}