[{"rType":"asset","rSubType":"image","fileName":"bridge-53769_1920.jpg","fileSize":1003976,"val":"mc-338b113a1b579baa9df85b80e0dbb6b3.jpg","aid":"QxHNLQL8U","size":1003976},{"rType":"asset","rSubType":"image","fileName":"ANIMALES (17).png","fileSize":1310783,"val":"mc-f401600fbedf208b7ebc920723e1b2aa.png","aid":"fsEa4vgvj","size":1310783},{"rType":"asset","rSubType":"audio","fileName":"dog.m4a","fileSize":57497,"val":"mc-e9cef0f819f7f9e2620b7d8995d7613c.m4a","aid":"YMMaWxSyZ","size":57497},{"rType":"asset","rSubType":"image","fileName":"bridge-53769_1920.jpg","fileSize":1003976,"val":"mc-338b113a1b579baa9df85b80e0dbb6b3.jpg","aid":"8WxQRdR5b","size":1003976},{"rType":"asset","rSubType":"image","fileName":"ANIMALES (24).png","fileSize":972942,"val":"mc-5bb0d4b7c1597651dc5db2b16c0b7507.png","aid":"qEIZYVimo","size":972942},{"rType":"asset","rSubType":"audio","fileName":"canary.m4a","fileSize":43161,"val":"mc-a571defb2e7328c112549c90d1eac28a.m4a","aid":"MLPEkEE7p","size":43161},{"rType":"asset","rSubType":"image","fileName":"bridge-53769_1920.jpg","fileSize":1003976,"val":"mc-338b113a1b579baa9df85b80e0dbb6b3.jpg","aid":"aqYWZEAfW","size":1003976},{"rType":"asset","rSubType":"image","fileName":"mallard-2121810_1920.jpg","fileSize":539762,"val":"mc-425331cad6e5117e8085627887175287.jpg","aid":"Syn9gI2Nk","size":539762},{"rType":"asset","rSubType":"image","fileName":"ANIMALES (21).png","fileSize":1504386,"val":"mc-5c42bfd1b249ec16416aa8aceaf82c39.png","aid":"oslXRhg4p","size":1504386},{"rType":"asset","rSubType":"audio","fileName":"duck.m4a","fileSize":59545,"val":"mc-3452e3c84984ec72fca0bc987d148d81.m4a","aid":"QzPcy9Vko","size":59545},{"rType":"asset","rSubType":"image","fileName":"canary-4362061_1920.jpg","fileSize":375086,"val":"mc-6f2c7ff75e4689dd7ee954772c7efea2.jpg","aid":"5IQIwDJqg","size":375086},{"rType":"asset","rSubType":"image","fileName":"dog-3277416_1920.jpg","fileSize":278217,"val":"mc-98362cbd94511195dd9b62c8adfd9019.jpg","aid":"D_BxjhkwR","size":278217},{"rType":"asset","rSubType":"image","fileName":"unsplash.jpg","fileSize":0,"val":"mc-fef853b1973cd84967676d07de4c2d05.jpg","aid":"P6B8SXlGV","size":128849},{"rType":"asset","rSubType":"image","fileName":"unsplash.jpg","fileSize":0,"val":"mc-2bdf984123efbaf1c6a58561c28ae404.jpg","aid":"sIHUrMglC4","size":1095400},{"rType":"asset","rSubType":"image","fileName":"ANIMALES (16).png","fileSize":1517922,"val":"mc-a693ecc4481c880d8cbbb8df3ccfff8c.png","aid":"oP9zDLcX0","size":1517922},{"rType":"asset","rSubType":"audio","fileName":"cat.m4a","fileSize":43161,"val":"mc-d26e7a254093c8c613b30766bba59452.m4a","aid":"XbCwK5d-u","size":43161},{"rType":"asset","rSubType":"image","fileName":"rainbow-lorikeet-686100_1920.jpg","fileSize":300558,"val":"mc-621c20ef710a6b7fecfa3b063bed7d5f.jpg","aid":"8OBHFg5M2","size":300558},{"rType":"asset","rSubType":"image","fileName":"bridge-53769_1920.jpg","fileSize":1003976,"val":"mc-338b113a1b579baa9df85b80e0dbb6b3.jpg","aid":"b532SPH7R","size":1003976},{"rType":"asset","rSubType":"image","fileName":"hare-1679003_1920.jpg","fileSize":446184,"val":"mc-11edc7b945a31815d32eefdb40d1d8a7.jpg","aid":"aRYW-auDC","size":446184},{"rType":"asset","rSubType":"image","fileName":"cat-551554_1920.jpg","fileSize":468926,"val":"mc-3ef863a51debbd1ed1bd6d640b985ef5.jpg","aid":"dhF_lTa1c","size":468926},{"rType":"asset","rSubType":"image","fileName":"ANIMALES (20).png","fileSize":1382833,"val":"mc-65eb9061aaf4fe1e34505a22df3ecba7.png","aid":"5U8ax3df2","size":1382833},{"rType":"asset","rSubType":"audio","fileName":"parrots.m4a","fileSize":64665,"val":"mc-696d08f4bb20578af0dea6284059884f.m4a","aid":"eZfiOeLbe","size":64665},{"rType":"asset","rSubType":"image","fileName":"ANIMALES (18).png","fileSize":1389566,"val":"mc-888f86d9e4df8288fb8d738009986be0.png","aid":"MZEYo2F0B","size":1389566},{"rType":"asset","rSubType":"audio","fileName":"rabbit.m4a","fileSize":57497,"val":"mc-1d4ff2a23b1c52a2b4e50a85ee99fd63.m4a","aid":"q8Hi2qDU1","size":57497},{"rType":"asset","rSubType":"image","fileName":"ANIMALES (23).png","fileSize":878230,"val":"mc-495a7c52715a5c5b6d6638aed3cee424.png","aid":"MtED0qwqh","size":878230},{"rType":"asset","rSubType":"audio","fileName":"hamster.m4a","fileSize":57497,"val":"mc-3cd6aecd5b2277a05d9f9847a6aaaebb.m4a","aid":"YvLBm-v5M","size":57497},{"rType":"asset","rSubType":"image","fileName":"hamster-690108_1920.jpg","fileSize":317031,"val":"mc-c3ef4eb00cbd3806607fc058e7513091.jpg","aid":"qQvibT-sg","size":317031},{"rType":"asset","rSubType":"image","fileName":"bridge-53769_1920.jpg","fileSize":1003976,"val":"mc-338b113a1b579baa9df85b80e0dbb6b3.jpg","aid":"4BorTlfgd","size":1003976},{"rType":"asset","rSubType":"image","fileName":"bridge-53769_1920.jpg","fileSize":1003976,"val":"mc-338b113a1b579baa9df85b80e0dbb6b3.jpg","aid":"Fa1IdmFa5","size":1003976}]