{"i":{"c4YRGvmv_":{"id":"c4YRGvmv_","type":"slide","setup":{"transparentBg":{"selectedKey":false},"bord":{"size":14,"rad":10},"bg":{"selectedKey":"image","fill":{"opac":1,"rgb":"var(--TC3)"},"img":{"filt":{"opac":100,"gray":0,"blur":0,"tint":{"rgb":"var(--TC3)","opac":0.5,"blendMode":"multiply"}},"pos":{"type":"crop","fit":{"bg":{"color":{"rgb":"#FFF","opac":100}},"vali":"center","hali":"center"},"crop":{"poi":{"x":943,"y":655.5}},"zoom":0},"measures":{"size":{"width":1920,"height":1311}},"orig":{"rType":"asset","rSubType":"image","fileName":"bridge-53769_1920.jpg","fileSize":1003976,"val":"mc-338b113a1b579baa9df85b80e0dbb6b3.jpg","aid":"4BorTlfgd"}}}}},"DJOko01UHo":{"id":"DJOko01UHo","type":"interactive","subtype":"interactiveRichText","setup":{"frmeTp":{"selectedKey":"noneFrame"},"bg":{"fill":{"opac":0,"rgb":"#FFF"}},"txt":{"val":{"ops":[{"attributes":{"align":"center","size":"hugeTitle"},"insert":"\n"},{"insert":" DOMESTIC ANIMALS  ","attributes":{"background":"#3651f1","color":"#ffffff","bold":true}},{"insert":"\n","attributes":{"size":"hugeTitle","align":"center"}},{"insert":"\n","attributes":{"align":"center","size":"huge"}}]},"rType":"richtext"},"hali":"","vali":"middle"}},"q2nsCPegno":{"id":"q2nsCPegno","type":"interactive","subtype":"interactiveCard","setup":{"animation":{"selectedKey":"rotateH"},"front":{"selectedKey":"image","fill":{"opac":1,"rgb":"#FFF"},"img":{"filt":{"opac":100,"gray":0,"blur":0,"tint":{"rgb":"#FFF","opac":0}},"pos":{"type":"crop","fit":{"bg":{"color":{"rgb":"#FFF","opac":100}},"vali":"center","hali":"center"},"crop":{"bg":{"color":{"rgb":"#FFF","opac":0}},"poi":{"x":818,"y":739}},"mask":{"shape":1}},"measures":{"size":{"width":1280,"height":1920}},"orig":{"rType":"asset","rSubType":"image","fileName":"hare-1679003_1920.jpg","fileSize":446184,"val":"mc-11edc7b945a31815d32eefdb40d1d8a7.jpg","aid":"aRYW-auDC"}},"txt":{"val":{"ops":[{"attributes":{"color":"var(--TC2)","background":"var(--TC14)"},"insert":"Conejo"},{"insert":"\n","attributes":{"size":"huge","align":"center"}}]},"rType":"richtext"},"hali":""},"back":{"selectedKey":"fill","fill":{"opac":1,"rgb":"var(--TC7)"},"txt":{"val":{"ops":[{"attributes":{"bold":true,"color":"var(--TC14)"},"insert":"RABBIT"},{"insert":"\n","attributes":{"size":"huge","align":"center"}}]},"rType":"richtext"},"hali":"","vali":"middle"}}},"7aeEccre4S":{"id":"7aeEccre4S","type":"interactive","subtype":"interactiveCard","setup":{"animation":{"selectedKey":"rotateH"},"front":{"selectedKey":"image","fill":{"opac":1,"rgb":"#FFF"},"img":{"filt":{"opac":100,"gray":0,"blur":0,"tint":{"rgb":"#FFF","opac":0}},"pos":{"type":"crop","fit":{"bg":{"color":{"rgb":"#FFF","opac":100}},"vali":"center","hali":"center"},"crop":{"bg":{"color":{"rgb":"#FFF","opac":0}},"poi":{"x":971,"y":636}},"mask":{"shape":1}},"measures":{"size":{"width":1920,"height":1272}},"orig":{"rType":"asset","rSubType":"image","fileName":"hamster-690108_1920.jpg","fileSize":317031,"val":"mc-c3ef4eb00cbd3806607fc058e7513091.jpg","aid":"qQvibT-sg"}},"txt":{"val":{"ops":[{"attributes":{"color":"#1d1d1d","background":"var(--TC14)"},"insert":"Hámster"},{"insert":"\n","attributes":{"size":"huge","align":"center"}}]},"rType":"richtext"},"hali":""},"back":{"selectedKey":"fill","fill":{"opac":1,"rgb":"var(--TC7)"},"hali":"","txt":{"val":{"ops":[{"attributes":{"bold":true,"color":"var(--TC14)"},"insert":"HAMSTER"},{"insert":"\n","attributes":{"size":"huge","align":"center"}}]},"rType":"richtext"},"vali":"middle"}}}},"v":"1"}