{"i":{"ijYVjZQGB":{"id":"ijYVjZQGB","type":"slide","setup":{"bord":{"size":14,"rad":10},"bg":{"selectedKey":"image","fill":{"opac":1,"rgb":"var(--TC3)"},"img":{"filt":{"opac":100,"gray":0,"blur":0,"tint":{"rgb":"var(--TC3)","opac":0.5,"blendMode":"multiply"}},"pos":{"type":"crop","fit":{"bg":{"color":{"rgb":"#FFF","opac":100}},"vali":"center","hali":"center"},"crop":{"poi":{"x":943,"y":655.5}},"zoom":0},"measures":{"size":{"width":1920,"height":1311}},"orig":{"rType":"asset","rSubType":"image","fileName":"bridge-53769_1920.jpg","fileSize":1003976,"val":"mc-338b113a1b579baa9df85b80e0dbb6b3.jpg","aid":"Fa1IdmFa5"}}},"transparentBg":{"selectedKey":false}}},"1pmTRGw3c_":{"id":"1pmTRGw3c_","type":"interactive","subtype":"interactiveRichText","setup":{"frmeTp":{"selectedKey":"noneFrame"},"bg":{"fill":{"opac":0,"rgb":"#FFF"}},"txt":{"val":{"ops":[{"insert":" DOMESTIC ANIMALS  ","attributes":{"background":"#3651f1","bold":true,"color":"#ffffff"}},{"insert":"\n","attributes":{"align":"center","size":"huge"}}]},"rType":"richtext"},"hali":"","vali":"middle"}},"wC043ZaC3":{"id":"wC043ZaC3","type":"interactive","subtype":"interactivePodCast","setup":{"bg":{"selectedKey":"image","fill":{"opac":1,"rgb":"#FFF"},"img":{"filt":{"opac":100,"gray":0,"blur":0,"tint":{"rgb":"#FFF","opac":0}},"pos":{"type":"fit","fit":{"bg":{"color":{"rgb":"#FFF","opac":100}},"vali":"center","hali":"center"},"crop":{"bg":{"color":{"rgb":"#FFF","opac":0}},"poi":{"x":707,"y":1008.5}},"mask":{"shape":1}},"measures":{"size":{"width":1414,"height":2000}},"orig":{"rType":"asset","rSubType":"image","fileName":"ANIMALES (18).png","fileSize":1389566,"val":"mc-888f86d9e4df8288fb8d738009986be0.png","aid":"MZEYo2F0B"}}},"audio":{"orig":{"rType":"asset","rSubType":"audio","fileName":"rabbit.m4a","fileSize":57497,"val":"mc-1d4ff2a23b1c52a2b4e50a85ee99fd63.m4a","aid":"q8Hi2qDU1"}}}},"PkmN2SR1v":{"id":"PkmN2SR1v","type":"interactive","subtype":"interactivePodCast","setup":{"bg":{"selectedKey":"image","fill":{"opac":1,"rgb":"#FFF"},"img":{"filt":{"opac":100,"gray":0,"blur":0,"tint":{"rgb":"#FFF","opac":0}},"pos":{"type":"fit","fit":{"bg":{"color":{"rgb":"#FFF","opac":100}},"vali":"center","hali":"center"},"crop":{"bg":{"color":{"rgb":"#FFF","opac":0}},"poi":{"x":707,"y":1269.5}},"mask":{"shape":1}},"measures":{"size":{"width":1414,"height":2000}},"orig":{"rType":"asset","rSubType":"image","fileName":"ANIMALES (23).png","fileSize":878230,"val":"mc-495a7c52715a5c5b6d6638aed3cee424.png","aid":"MtED0qwqh"}}},"audio":{"orig":{"rType":"asset","rSubType":"audio","fileName":"hamster.m4a","fileSize":57497,"val":"mc-3cd6aecd5b2277a05d9f9847a6aaaebb.m4a","aid":"YvLBm-v5M"}}}}},"v":"1"}