{"i":{"yNsA0zulD":{"id":"yNsA0zulD","type":"slide","setup":{"transparentBg":{"selectedKey":false},"bord":{"size":14,"rad":10},"bg":{"selectedKey":"image","fill":{"opac":1,"rgb":"var(--TC3)"},"img":{"filt":{"opac":100,"gray":0,"blur":0,"tint":{"rgb":"var(--TC3)","opac":0.5,"blendMode":"multiply"}},"pos":{"type":"crop","fit":{"bg":{"color":{"rgb":"#FFF","opac":100}},"vali":"center","hali":"center"},"crop":{"poi":{"x":943,"y":655.5}},"zoom":0},"measures":{"size":{"width":1920,"height":1311}},"orig":{"rType":"asset","rSubType":"image","fileName":"bridge-53769_1920.jpg","fileSize":1003976,"val":"mc-338b113a1b579baa9df85b80e0dbb6b3.jpg","aid":"QxHNLQL8U"}}}}},"Wpss4ljc4Q":{"id":"Wpss4ljc4Q","type":"interactive","subtype":"interactiveCard","setup":{"animation":{"selectedKey":"rotateH"},"front":{"selectedKey":"image","fill":{"opac":1,"rgb":"#FFF"},"hali":"","txt":{"val":{"ops":[{"insert":"Pato","attributes":{"color":"var(--TC2)","background":"var(--TC14)"}},{"insert":"\n","attributes":{"size":"huge"}},{"insert":"\n","attributes":{"size":"huge","align":"center"}}]},"rType":"richtext"},"img":{"filt":{"opac":100,"gray":0,"blur":0,"tint":{"rgb":"#FFF","opac":0}},"pos":{"type":"crop","fit":{"bg":{"color":{"rgb":"#FFF","opac":100}},"vali":"center","hali":"center"},"crop":{"bg":{"color":{"rgb":"#FFF","opac":0}},"poi":{"x":754,"y":759}},"mask":{"shape":1}},"measures":{"size":{"width":1920,"height":1280}},"orig":{"rType":"asset","rSubType":"image","fileName":"mallard-2121810_1920.jpg","fileSize":539762,"val":"mc-425331cad6e5117e8085627887175287.jpg","aid":"Syn9gI2Nk"}}},"back":{"selectedKey":"fill","fill":{"opac":1,"rgb":"var(--TC7)"},"txt":{"val":{"ops":[{"attributes":{"bold":true,"color":"var(--TC14)"},"insert":"DUCK"},{"insert":"\n","attributes":{"size":"huge","align":"center"}}]},"rType":"richtext"},"hali":"","vali":"middle"}}},"37GmP2TkO":{"id":"37GmP2TkO","type":"interactive","subtype":"interactiveCard","setup":{"animation":{"selectedKey":"rotateH"},"front":{"selectedKey":"image","fill":{"opac":1,"rgb":"#FFF"},"hali":"","txt":{"val":{"ops":[{"insert":"Canario","attributes":{"color":"var(--TC2)","background":"var(--TC3)"}},{"insert":"\n","attributes":{"size":"huge"}}]},"rType":"richtext"},"img":{"filt":{"opac":100,"gray":0,"blur":0,"tint":{"rgb":"#FFF","opac":0}},"pos":{"type":"crop","fit":{"bg":{"color":{"rgb":"#FFF","opac":100}},"vali":"center","hali":"center"},"crop":{"bg":{"color":{"rgb":"#FFF","opac":0}},"poi":{"x":813,"y":601}},"mask":{"shape":1}},"measures":{"size":{"width":1920,"height":1289}},"orig":{"rType":"asset","rSubType":"image","fileName":"canary-4362061_1920.jpg","fileSize":375086,"val":"mc-6f2c7ff75e4689dd7ee954772c7efea2.jpg","aid":"5IQIwDJqg"}}},"back":{"selectedKey":"fill","fill":{"opac":1,"rgb":"var(--TC7)"},"txt":{"val":{"ops":[{"attributes":{"bold":true,"color":"var(--TC14)"},"insert":"CANARY"},{"insert":"\n","attributes":{"align":"center","size":"huge"}}]},"rType":"richtext"},"hali":"","vali":"middle"}}},"D8phlg4ipi":{"id":"D8phlg4ipi","type":"interactive","subtype":"interactiveCard","setup":{"animation":{"selectedKey":"rotateH"},"front":{"selectedKey":"image","fill":{"opac":1,"rgb":"#FFF"},"txt":{"val":{"ops":[{"attributes":{"color":"var(--TC2)","background":"var(--TC14)"},"insert":"Loros "},{"insert":"\n","attributes":{"align":"center","size":"huge"}}]},"rType":"richtext"},"hali":"","img":{"filt":{"opac":100,"gray":0,"blur":0,"tint":{"rgb":"#FFF","opac":0}},"pos":{"type":"fit","fit":{"bg":{"color":{"rgb":"var(--TC2)","opac":1}},"vali":"center","hali":"center"},"crop":{"bg":{"color":{"rgb":"#FFF","opac":0}},"poi":{"x":924,"y":655}},"mask":{"shape":1}},"measures":{"size":{"width":1920,"height":1280}},"orig":{"rType":"asset","rSubType":"image","fileName":"rainbow-lorikeet-686100_1920.jpg","fileSize":300558,"val":"mc-621c20ef710a6b7fecfa3b063bed7d5f.jpg","aid":"8OBHFg5M2"}}},"back":{"selectedKey":"fill","fill":{"opac":1,"rgb":"var(--TC7)"},"hali":"","txt":{"val":{"ops":[{"attributes":{"bold":true,"color":"var(--TC14)"},"insert":"PARROTS"},{"insert":"\n","attributes":{"size":"huge","align":"center"}}]},"rType":"richtext"},"vali":"middle"}}},"ujF3jNQk0o":{"id":"ujF3jNQk0o","type":"interactive","subtype":"interactiveRichText","setup":{"frmeTp":{"selectedKey":"noneFrame"},"bg":{"fill":{"opac":0,"rgb":"#FFF"}},"txt":{"val":{"ops":[{"insert":"\n","attributes":{"align":"center","size":"hugeTitle"}},{"insert":" DOMESTIC BIRDS","attributes":{"background":"var(--TC6)","color":"#ffffff","bold":true}},{"insert":"  ","attributes":{"background":"var(--TC6)","color":"#ffffff"}},{"insert":"\n","attributes":{"size":"hugeTitle","align":"center"}},{"insert":"\n","attributes":{"align":"center","size":"huge"}}]},"rType":"richtext"},"hali":"","vali":"middle"}}},"v":"1"}