{"i":{"_BmuE7QgT":{"id":"_BmuE7QgT","type":"slide","setup":{"bord":{"size":14,"rad":10},"bg":{"selectedKey":"image","fill":{"opac":1,"rgb":"var(--TC3)"},"img":{"filt":{"opac":100,"gray":0,"blur":0,"tint":{"rgb":"var(--TC3)","opac":0.5,"blendMode":"multiply"}},"pos":{"type":"crop","fit":{"bg":{"color":{"rgb":"#FFF","opac":100}},"vali":"center","hali":"center"},"crop":{"poi":{"x":943,"y":655.5}},"zoom":0},"measures":{"size":{"width":1920,"height":1311}},"orig":{"rType":"asset","rSubType":"image","fileName":"bridge-53769_1920.jpg","fileSize":1003976,"val":"mc-338b113a1b579baa9df85b80e0dbb6b3.jpg","aid":"8WxQRdR5b"}}},"transparentBg":{"selectedKey":false}}},"YLiAUYGhw":{"id":"YLiAUYGhw","type":"interactive","subtype":"interactiveRichText","setup":{"frmeTp":{"selectedKey":"noneFrame"},"bg":{"fill":{"opac":0,"rgb":"#FFF"}},"txt":{"val":{"ops":[{"attributes":{"align":"center","size":"hugeTitle"},"insert":"\n"},{"insert":" DOMESTIC ANIMALS  ","attributes":{"background":"#3651f1","color":"#ffffff","bold":true}},{"insert":"\n","attributes":{"size":"hugeTitle","align":"center"}},{"insert":"\n","attributes":{"align":"center","size":"huge"}}]},"rType":"richtext"},"hali":"","vali":"middle"}},"XDIIs8uox":{"id":"XDIIs8uox","type":"interactive","subtype":"interactiveCard","setup":{"animation":{"selectedKey":"rotateH"},"front":{"selectedKey":"image","fill":{"opac":1,"rgb":"#FFF"},"img":{"filt":{"opac":100,"gray":0,"blur":0,"tint":{"rgb":"#FFF","opac":0}},"pos":{"type":"crop","fit":{"bg":{"color":{"rgb":"#FFF","opac":100}},"vali":"center","hali":"center"},"crop":{"bg":{"color":{"rgb":"#FFF","opac":0}},"poi":{"x":920.5,"y":640}},"mask":{"shape":1}},"measures":{"size":{"width":1920,"height":1280}},"orig":{"rType":"asset","rSubType":"image","fileName":"dog-3277416_1920.jpg","fileSize":278217,"val":"mc-98362cbd94511195dd9b62c8adfd9019.jpg","aid":"D_BxjhkwR"}},"txt":{"val":{"ops":[{"attributes":{"color":"var(--TC2)","background":"var(--TC14)"},"insert":"Perro"},{"insert":"\n","attributes":{"align":"center","size":"huge"}}]},"rType":"richtext"},"hali":""},"back":{"selectedKey":"fill","fill":{"opac":1,"rgb":"var(--TC7)"},"hali":"","txt":{"val":{"ops":[{"attributes":{"bold":true,"color":"var(--TC14)"},"insert":"DOG"},{"insert":"\n","attributes":{"size":"huge","align":"center"}}]},"rType":"richtext"},"vali":"middle"}}},"_DTzibF4h":{"id":"_DTzibF4h","type":"interactive","subtype":"interactiveCard","setup":{"animation":{"selectedKey":"rotateH"},"front":{"selectedKey":"image","fill":{"opac":1,"rgb":"#FFF"},"txt":{"val":{"ops":[{"attributes":{"color":"var(--TC2)","background":"var(--TC14)"},"insert":"Gato"},{"insert":"\n","attributes":{"size":"huge","align":"center"}}]},"rType":"richtext"},"hali":"","img":{"filt":{"opac":100,"gray":0,"blur":0,"tint":{"rgb":"#FFF","opac":0}},"pos":{"type":"crop","fit":{"bg":{"color":{"rgb":"#FFF","opac":100}},"vali":"center","hali":"center"},"crop":{"bg":{"color":{"rgb":"#FFF","opac":0}},"poi":{"x":1141,"y":761}},"mask":{"shape":1}},"measures":{"size":{"width":1837,"height":1920}},"orig":{"rType":"asset","rSubType":"image","fileName":"cat-551554_1920.jpg","fileSize":468926,"val":"mc-3ef863a51debbd1ed1bd6d640b985ef5.jpg","aid":"dhF_lTa1c"}}},"back":{"selectedKey":"fill","fill":{"opac":1,"rgb":"var(--TC7)"},"txt":{"val":{"ops":[{"attributes":{"bold":true,"color":"var(--TC14)"},"insert":"CAT"},{"insert":"\n","attributes":{"size":"huge","align":"center"}}]},"rType":"richtext"},"hali":"","vali":"middle"}}}},"v":"1"}