{"i":{"xG1m9Ah8f":{"id":"xG1m9Ah8f","type":"slide","setup":{"bg":{"selectedKey":"image","fill":{"opac":1,"rgb":"var(--TC3)"},"img":{"filt":{"opac":100,"gray":0,"blur":0,"tint":{"rgb":"var(--TC3)","opac":0.5,"blendMode":"multiply"}},"pos":{"type":"crop","fit":{"bg":{"color":{"rgb":"#FFF","opac":100}},"vali":"center","hali":"center"},"crop":{"poi":{"x":943,"y":655.5}},"zoom":0},"measures":{"size":{"width":1920,"height":1311}},"orig":{"rType":"asset","rSubType":"image","fileName":"bridge-53769_1920.jpg","fileSize":1003976,"val":"mc-338b113a1b579baa9df85b80e0dbb6b3.jpg","aid":"aqYWZEAfW"}}},"transparentBg":{"selectedKey":false},"bord":{"size":14,"rad":10}}},"dNu8veI_S":{"id":"dNu8veI_S","type":"interactive","subtype":"interactivePodCast","setup":{"bg":{"selectedKey":"image","fill":{"opac":1,"rgb":"#FFF"},"img":{"filt":{"opac":100,"gray":0,"blur":0,"tint":{"rgb":"#FFF","opac":0}},"pos":{"type":"fit","fit":{"bg":{"color":{"rgb":"#FFF","opac":100}},"vali":"center","hali":"center"},"crop":{"bg":{"color":{"rgb":"#FFF","opac":0}},"poi":{"x":707,"y":1051.5}},"mask":{"shape":1}},"measures":{"size":{"width":1414,"height":2000}},"orig":{"rType":"asset","rSubType":"image","fileName":"ANIMALES (17).png","fileSize":1310783,"val":"mc-f401600fbedf208b7ebc920723e1b2aa.png","aid":"fsEa4vgvj"}}},"audio":{"orig":{"rType":"asset","rSubType":"audio","fileName":"dog.m4a","fileSize":57497,"val":"mc-e9cef0f819f7f9e2620b7d8995d7613c.m4a","aid":"YMMaWxSyZ"}}}},"l_x90Tyocv":{"id":"l_x90Tyocv","type":"interactive","subtype":"interactiveRichText","setup":{"frmeTp":{"selectedKey":"noneFrame"},"bg":{"fill":{"opac":0,"rgb":"#FFF"}},"txt":{"val":{"ops":[{"insert":" DOMESTIC ANIMALS  ","attributes":{"background":"#3651f1","bold":true,"color":"#ffffff"}},{"insert":"\n","attributes":{"align":"center","size":"huge"}}]},"rType":"richtext"},"hali":"","vali":"middle"}},"RjWqx1XmP":{"id":"RjWqx1XmP","type":"interactive","subtype":"interactivePodCast","setup":{"bg":{"selectedKey":"image","fill":{"opac":1,"rgb":"#FFF"},"img":{"filt":{"opac":100,"gray":0,"blur":0,"tint":{"rgb":"#FFF","opac":0}},"pos":{"type":"fit","fit":{"bg":{"color":{"rgb":"#FFF","opac":100}},"vali":"center","hali":"center"},"crop":{"bg":{"color":{"rgb":"#FFF","opac":0}},"poi":{"x":707,"y":1182.5}},"mask":{"shape":1}},"measures":{"size":{"width":1414,"height":2000}},"orig":{"rType":"asset","rSubType":"image","fileName":"ANIMALES (16).png","fileSize":1517922,"val":"mc-a693ecc4481c880d8cbbb8df3ccfff8c.png","aid":"oP9zDLcX0"}}},"audio":{"orig":{"rType":"asset","rSubType":"audio","fileName":"cat.m4a","fileSize":43161,"val":"mc-d26e7a254093c8c613b30766bba59452.m4a","aid":"XbCwK5d-u"}}}}},"v":"1"}