{"i":{"rtEkvCw7k":{"id":"rtEkvCw7k","type":"slide","setup":{"bord":{"size":14,"rad":10},"bg":{"selectedKey":"image","fill":{"opac":1,"rgb":"var(--TC3)"},"img":{"filt":{"opac":100,"gray":0,"blur":0,"tint":{"rgb":"var(--TC3)","opac":0.5,"blendMode":"multiply"}},"pos":{"type":"crop","fit":{"bg":{"color":{"rgb":"#FFF","opac":100}},"vali":"center","hali":"center"},"crop":{"poi":{"x":943,"y":655.5}},"zoom":0},"measures":{"size":{"width":1920,"height":1311}},"orig":{"rType":"asset","rSubType":"image","fileName":"bridge-53769_1920.jpg","fileSize":1003976,"val":"mc-338b113a1b579baa9df85b80e0dbb6b3.jpg","aid":"b532SPH7R"}}},"transparentBg":{"selectedKey":false}}},"SrbVTkU9p":{"id":"SrbVTkU9p","type":"interactive","subtype":"interactivePodCast","setup":{"bg":{"selectedKey":"image","fill":{"opac":1,"rgb":"#FFF"},"img":{"filt":{"opac":100,"gray":0,"blur":0,"tint":{"rgb":"#FFF","opac":0}},"pos":{"type":"fit","fit":{"bg":{"color":{"rgb":"#FFF","opac":100}},"vali":"center","hali":"center"},"crop":{"bg":{"color":{"rgb":"#FFF","opac":0}},"poi":{"x":707,"y":1182.5}},"mask":{"shape":1}},"measures":{"size":{"width":1414,"height":2000}},"orig":{"rType":"asset","rSubType":"image","fileName":"ANIMALES (24).png","fileSize":972942,"val":"mc-5bb0d4b7c1597651dc5db2b16c0b7507.png","aid":"qEIZYVimo"}}},"audio":{"orig":{"rType":"asset","rSubType":"audio","fileName":"canary.m4a","fileSize":43161,"val":"mc-a571defb2e7328c112549c90d1eac28a.m4a","aid":"MLPEkEE7p"}}}},"821MhrxFy":{"id":"821MhrxFy","type":"interactive","subtype":"interactivePodCast","setup":{"bg":{"selectedKey":"image","fill":{"opac":1,"rgb":"#FFF"},"img":{"filt":{"opac":100,"gray":0,"blur":0,"tint":{"rgb":"#FFF","opac":0}},"pos":{"type":"fit","fit":{"bg":{"color":{"rgb":"#FFF","opac":100}},"vali":"center","hali":"center"},"crop":{"bg":{"color":{"rgb":"#FFF","opac":0}},"poi":{"x":707,"y":1095.5}},"mask":{"shape":1}},"measures":{"size":{"width":1414,"height":2000}},"orig":{"rType":"asset","rSubType":"image","fileName":"ANIMALES (21).png","fileSize":1504386,"val":"mc-5c42bfd1b249ec16416aa8aceaf82c39.png","aid":"oslXRhg4p"}}},"audio":{"orig":{"rType":"asset","rSubType":"audio","fileName":"duck.m4a","fileSize":59545,"val":"mc-3452e3c84984ec72fca0bc987d148d81.m4a","aid":"QzPcy9Vko"}}}},"xVIHNZq_m":{"id":"xVIHNZq_m","type":"interactive","subtype":"interactiveRichText","setup":{"frmeTp":{"selectedKey":"noneFrame"},"bg":{"fill":{"opac":0,"rgb":"#FFF"}},"txt":{"val":{"ops":[{"insert":"\n","attributes":{"align":"center","size":"hugeTitle"}},{"insert":" DOMESTIC BIRDS","attributes":{"background":"var(--TC6)","color":"#ffffff","bold":true}},{"insert":"  ","attributes":{"background":"var(--TC6)","color":"#ffffff"}},{"insert":"\n","attributes":{"size":"hugeTitle","align":"center"}},{"insert":"\n","attributes":{"align":"center","size":"huge"}}]},"rType":"richtext"},"hali":"","vali":"middle"}},"Uf98eCSyL":{"id":"Uf98eCSyL","type":"interactive","subtype":"interactivePodCast","setup":{"bg":{"selectedKey":"image","fill":{"opac":1,"rgb":"#FFF"},"img":{"filt":{"opac":100,"gray":0,"blur":0,"tint":{"rgb":"#FFF","opac":0}},"pos":{"type":"fit","fit":{"bg":{"color":{"rgb":"#FFF","opac":100}},"vali":"center","hali":"center"},"crop":{"bg":{"color":{"rgb":"#FFF","opac":0}},"poi":{"x":707,"y":1095.5}},"mask":{"shape":1}},"measures":{"size":{"width":1414,"height":2000}},"orig":{"rType":"asset","rSubType":"image","fileName":"ANIMALES (20).png","fileSize":1382833,"val":"mc-65eb9061aaf4fe1e34505a22df3ecba7.png","aid":"5U8ax3df2"}}},"audio":{"orig":{"rType":"asset","rSubType":"audio","fileName":"parrots.m4a","fileSize":64665,"val":"mc-696d08f4bb20578af0dea6284059884f.m4a","aid":"eZfiOeLbe"}}}}},"v":"1"}