[{"rType":"asset","rSubType":"image","fileName":"unsplash.jpg","fileSize":0,"val":"mc-a9896aa68727d5dc702921dbfdc0f68c.jpg","aid":"N3eAZmHhv0","size":134638},{"rType":"asset","rSubType":"image","fileName":"freej (17).png","fileSize":72575,"val":"mc-90a8d741334880c20e94384b5ab753d4.png","aid":"F0sBO6_Q1","size":72575},{"rType":"asset","rSubType":"audio","fileName":"hi.m4a","fileSize":75532,"val":"mc-ff091ba172957c36f944a59f7163d13e.m4a","aid":"cuvfglCtw","size":75532},{"rType":"asset","rSubType":"image","fileName":"corre2.png","fileSize":293543,"val":"mc-8918cef0c70f682c504865f9e13cd9dd.png","aid":"fmDdiAQaW","size":293543},{"rType":"asset","rSubType":"image","fileName":"freej (16).png","fileSize":71086,"val":"mc-be99cce1d96f59273525a14852b41d4f.png","aid":"1qX3dwQG2","size":71086},{"rType":"asset","rSubType":"image","fileName":"unsplash.jpg","fileSize":0,"val":"mc-a9896aa68727d5dc702921dbfdc0f68c.jpg","aid":"ACEbyiXmJz","size":134638},{"rType":"asset","rSubType":"image","fileName":"unsplash.jpg","fileSize":0,"val":"mc-a9896aa68727d5dc702921dbfdc0f68c.jpg","aid":"9tlDhXYoct","size":134638},{"rType":"asset","rSubType":"image","fileName":"freej (20).png","fileSize":83387,"val":"mc-06fefbc829dc24b5fcbf89fba823be62.png","aid":"iS0CYFaJe","size":83387},{"rType":"asset","rSubType":"audio","fileName":"hey.m4a","fileSize":37017,"val":"mc-e547fe853b88fce5d8d33d3f8d5d94eb.m4a","aid":"abYsF1lgV","size":37017},{"rType":"asset","rSubType":"image","fileName":"unsplash.jpg","fileSize":0,"val":"mc-fef853b1973cd84967676d07de4c2d05.jpg","aid":"42MLDnnd_0","size":128849},{"rType":"asset","rSubType":"image","fileName":"unsplash.jpg","fileSize":0,"val":"mc-2bdf984123efbaf1c6a58561c28ae404.jpg","aid":"W3QByr9810","size":1095400},{"rType":"asset","rSubType":"image","fileName":"freej (1).png","fileSize":215566,"val":"mc-a9e6fcea18ffa171a240f8b6873302fa.png","aid":"tLJXf0WcK","size":215566},{"rType":"asset","rSubType":"audio","fileName":"how's it going.m4a","fileSize":44185,"val":"mc-5dc372324f79207361494b3ebabd3ad0.m4a","aid":"dhEWmgHzU","size":44185},{"rType":"asset","rSubType":"image","fileName":"freej (19).png","fileSize":78652,"val":"mc-6835ebb58062180c98c3d36468ff87c2.png","aid":"tmTqqdgKF","size":78652},{"rType":"asset","rSubType":"image","fileName":"corre 1.png","fileSize":192652,"val":"mc-a19a2f002022a2c97ce3925101656c36.png","aid":"zi7r-UDoS","size":192652},{"rType":"asset","rSubType":"image","fileName":"freej (18).png","fileSize":318557,"val":"mc-2df4769e0c176fcbff0e2a66c60f9339.png","aid":"ridDBDrOj","size":318557},{"rType":"asset","rSubType":"audio","fileName":"how are you all.m4a","fileSize":63641,"val":"mc-235c689798464fe1118ff3c12bf0a699.m4a","aid":"F4AnOAEnl","size":63641},{"rType":"asset","rSubType":"image","fileName":"unsplash.jpg","fileSize":0,"val":"mc-a9896aa68727d5dc702921dbfdc0f68c.jpg","aid":"BIFbtxWH6q","size":134638}]