[{"rType":"asset","rSubType":"image","fileName":"unidad-coche-garaje-interior-almacenamiento-auto-ilustracion_82574-6347.jpg","fileSize":71672,"val":"mc-d8c9d73db6d8e77f49161c0bcf644490.jpg","aid":"Jgqk7kTJ_","size":71672},{"rType":"asset","rSubType":"image","fileName":"bathroom-design-interior-room-with-ceramic-furniture-background-template-vector-cartoon-illustration.jpg","fileSize":50863,"val":"mc-a67994dd7ec750ca286eb36847c6ad1d.jpg","aid":"upCTJ8fFZ","size":50863},{"rType":"asset","rSubType":"image","fileName":"descarga.jpg","fileSize":7688,"val":"mc-96c6a94df5d9a1cb4504a932f240a702.jpg","aid":"loIftY5p_","size":7688},{"rType":"asset","rSubType":"image","fileName":"f78115def0eec258e7083aa4322d27a7.jpg","fileSize":52856,"val":"mc-d18983c8ff410b8c63581f3f98b2228d.jpg","aid":"LFjUFDW0C","size":52856},{"rType":"asset","rSubType":"image","fileName":"unsplash.jpg","fileSize":0,"val":"mc-fef853b1973cd84967676d07de4c2d05.jpg","aid":"7Ve1Lp3-lP","size":128849},{"rType":"asset","rSubType":"image","fileName":"unsplash.jpg","fileSize":0,"val":"mc-2bdf984123efbaf1c6a58561c28ae404.jpg","aid":"owRQnnk_HN","size":1095400},{"rType":"asset","rSubType":"image","fileName":"dining-table-clipart-7.jpg","fileSize":55405,"val":"mc-c5f491e673247f6e452ff7c0279c0246.jpg","aid":"gJTkjZHYk","size":55405},{"rType":"asset","rSubType":"image","fileName":"garden-5019529__340.webp","fileSize":226810,"val":"mc-be511b56112eb0dabd3e9225c64ee30c.webp","aid":"wT-pA41kh","size":226810},{"rType":"asset","rSubType":"image","fileName":"d68fefb7234500bd7d6c9c384c451fc6.jpg","fileSize":35094,"val":"mc-64839cb75e8cd326eeeb891687f026f8.jpg","aid":"fUWCSjtN0","size":35094},{"rType":"asset","rSubType":"image","fileName":"3e81379fcbebf25bc38fefbc21bd9568.png","fileSize":181493,"val":"mc-c09f655fbd8ccc22a827ea3ba3e04cbd.png","aid":"K4QRHx__5","size":181493},{"rType":"asset","rSubType":"image","fileName":"78c4a501e7f926364d01a11b7312875a.jpg","fileSize":33365,"val":"mc-91bea9606d4663861e11ff70df5d1658.jpg","aid":"SeOCE3bUJ","size":33365},{"rType":"asset","rSubType":"image","fileName":"flat-cartoon-style-home-office-vector.jpg","fileSize":73592,"val":"mc-3b34074353cfd2e5d8c4add4f4607ce4.jpg","aid":"N0L-XZ5ju","size":73592}]