[{"rType":"asset","rSubType":"image","fileName":"PROFE (2).png","fileSize":442569,"val":"mc-21cdc7d9538f0d878fcb27e88862035d.png","aid":"m3DKeHm6w2","size":442569},{"rType":"asset","rSubType":"audio","fileName":"doctor.m4a","fileSize":77837,"val":"mc-a9a30466cefd582b0f24695c21c1f67b.m4a","aid":"RprJp4ixKrg","size":77837},{"rType":"asset","rSubType":"image","fileName":"60618909-impresión-niños-de-color-a-mano-de-acuarela-en-el-fondo-de-color-beige-niños-impresión-de-la-mano-huella-aislada.jpg","fileSize":111387,"aid":"-YkEPkttmS","val":"mc-1d31b579be364ded597de9eba415a5be.jpg","size":111387},{"rType":"asset","rSubType":"image","fileName":"PROFE.png","fileSize":290351,"val":"mc-8d41d6a4ce8c73318b4c2faa51195e8e.png","aid":"-Bbut7TsFuT","size":290351},{"rType":"asset","rSubType":"audio","fileName":"Teacher.m4a","fileSize":76811,"val":"mc-2e8e64bfaf8bbf6b95e73999bb76d3c1.m4a","aid":"MaxO26SK4is","size":76811},{"rType":"asset","rSubType":"image","fileName":"PROFE (4).png","fileSize":591371,"val":"mc-e897a5a7fa5c431e95d14010fb3c52bd.png","aid":"UkPTg4mGZho","size":591371},{"rType":"asset","rSubType":"audio","fileName":"flight atendant.m4a","fileSize":82963,"val":"mc-289f358d85225ec13aefe16027c5c6cd.m4a","aid":"W9W-gHr5038","size":82963},{"rType":"asset","rSubType":"image","fileName":"PROFE (7).png","fileSize":463398,"val":"mc-866e251bb468d478f108aea5eb002a06.png","aid":"2s25yWiYZHh","size":463398},{"rType":"asset","rSubType":"audio","fileName":"singer.m4a","fileSize":76823,"val":"mc-1605975004c3f73e2d46383ef0984b82.m4a","aid":"ZuBa6I5oo72","size":76823},{"rType":"asset","rSubType":"image","fileName":"PROFE (8).png","fileSize":517042,"val":"mc-17a6414ec837ad623964882086b04290.png","aid":"NAZjYXTJ0ns","size":517042},{"rType":"asset","rSubType":"audio","fileName":"nurse.m4a","fileSize":65689,"val":"mc-34f47b78fb7c23957282ab803e8ed341.m4a","aid":"jhLPuGKUxrt","size":65689},{"rType":"asset","rSubType":"image","fileName":"60618909-impresión-niños-de-color-a-mano-de-acuarela-en-el-fondo-de-color-beige-niños-impresión-de-la-mano-huella-aislada.jpg","fileSize":111387,"aid":"4U4xMYVT6fy","val":"mc-1d31b579be364ded597de9eba415a5be.jpg","size":111387},{"rType":"asset","rSubType":"image","fileName":"PROFE (1).png","fileSize":509707,"val":"mc-f0766bd42275c6b6b2cc1a98c1f7865b.png","aid":"75rmpGzmI5l","size":509707},{"rType":"asset","rSubType":"audio","fileName":"dancers.m4a","fileSize":81928,"val":"mc-4480ec4bab6aba1b9ea34796c04216d1.m4a","aid":"3n8iaaGHLCG","size":81928},{"rType":"asset","rSubType":"image","fileName":"PROFE (5).png","fileSize":580880,"val":"mc-323ce5e35f9c2a3b40e9d53cfde045ff.png","aid":"E8mFHkm9UBb","size":580880},{"rType":"asset","rSubType":"audio","fileName":"engineer.m4a","fileSize":62617,"val":"mc-f7fc221d77e113681e73b7ad6e118a2b.m4a","aid":"QSE_ZfEorBD","size":62617},{"rType":"asset","rSubType":"image","fileName":"PROFE (3).png","fileSize":526844,"val":"mc-920f95a5974604348d16a6013e1a0d12.png","aid":"ktO6sWx2euB","size":526844},{"rType":"asset","rSubType":"audio","fileName":"captain.m4a","fileSize":75768,"val":"mc-05060d161dc0c8848a702b643290d232.m4a","aid":"aZqWzG7X9_t","size":75768},{"rType":"asset","rSubType":"image","fileName":"60618909-impresión-niños-de-color-a-mano-de-acuarela-en-el-fondo-de-color-beige-niños-impresión-de-la-mano-huella-aislada.jpg","fileSize":111387,"aid":"0In6bnyT0oL","val":"mc-1d31b579be364ded597de9eba415a5be.jpg","size":111387},{"rType":"asset","rSubType":"image","fileName":"PROFE (6).png","fileSize":353283,"val":"mc-19c548f60a5bb84df5063b85735d892d.png","aid":"3nuIvgD2Va-","size":353283},{"rType":"asset","rSubType":"audio","fileName":"musician.m4a","fileSize":71701,"val":"mc-e91370cbc31dd2f318e757163d84b6ca.m4a","aid":"hY8hklnl7DT","size":71701},{"rType":"asset","rSubType":"image","fileName":"unsplash.jpg","fileSize":0,"val":"mc-fef853b1973cd84967676d07de4c2d05.jpg","aid":"0wAKAKPaI","size":128849},{"rType":"asset","rSubType":"image","fileName":"unsplash.jpg","fileSize":0,"val":"mc-2bdf984123efbaf1c6a58561c28ae404.jpg","aid":"_mDX2Q-362","size":1095400}]