[{"rType":"asset","rSubType":"image","fileName":"COLORES (25).png","fileSize":420499,"val":"mc-45ffb5d09bf94b2b6a40cd1f17119d16.png","aid":"oPS3ey2w-","size":420499},{"rType":"asset","rSubType":"audio","fileName":"green.m4a","fileSize":61593,"val":"mc-4855387d85328ebe7fb353303f8e0e4b.m4a","aid":"UlQ3ROTEP","size":61593},{"rType":"asset","rSubType":"image","fileName":"COLORES (4).png","fileSize":98589,"val":"mc-43d43e0b7addf4e6b23ce2a129393ce8.png","aid":"1DpcEzoW1","size":98589},{"rType":"asset","rSubType":"image","fileName":"colores-fondo-madera.jpg","fileSize":423261,"aid":"VIxzRqLRmu","val":"mc-9895bba3e71afb2e4be28b72fd3661d9.jpg","size":423261},{"rType":"asset","rSubType":"image","fileName":"COLORES (19).png","fileSize":433299,"val":"mc-dd3851addebe9b0b8f5b536b91e73b69.png","aid":"3xoh4-WW9","size":433299},{"rType":"asset","rSubType":"audio","fileName":"fuchsia.m4a","fileSize":51353,"val":"mc-17edad19b59ae44816c5e5561c2eed4e.m4a","aid":"7EjmOUue5","size":51353},{"rType":"asset","rSubType":"image","fileName":"COLORES (16).png","fileSize":105435,"val":"mc-cbdee04f0bfd24dc8f5106104abbfa5f.png","aid":"0NNaTmmZI","size":105435},{"rType":"asset","rSubType":"image","fileName":"COLORES (29).png","fileSize":420767,"val":"mc-6a5473873a3f928dd11c0f7509068352.png","aid":"txOHVJSnd","size":420767},{"rType":"asset","rSubType":"audio","fileName":"Light blue.m4a","fileSize":70587,"val":"mc-a60501efe883bbf1028ba02b1026b482.m4a","aid":"IkoClegvV","size":70587},{"rType":"asset","rSubType":"image","fileName":"COLORES (20).png","fileSize":422414,"val":"mc-316aa8eb2adfe004de76f526eef19a8a.png","aid":"u_I6Pot6B","size":422414},{"rType":"asset","rSubType":"audio","fileName":"violet.m4a","fileSize":78775,"val":"mc-a45970d9672b485a03ebdc7aa066ae3b.m4a","aid":"0HNbVinOQ","size":78775},{"rType":"asset","rSubType":"image","fileName":"colores-fondo-madera.jpg","fileSize":423261,"aid":"cuLuvNe8w9","val":"mc-9895bba3e71afb2e4be28b72fd3661d9.jpg","size":423261},{"rType":"asset","rSubType":"image","fileName":"COLORES (31).png","fileSize":431175,"val":"mc-a26f78de817e6fab32f0a5c38896f343.png","aid":"xAnK2ZcpJ","size":431175},{"rType":"asset","rSubType":"audio","fileName":"light green.m4a","fileSize":59545,"val":"mc-19bb56fe58bae8111b476c50e4f9a848.m4a","aid":"yAnPtwCkN","size":59545},{"rType":"asset","rSubType":"image","fileName":"colores-fondo-madera.jpg","fileSize":423261,"aid":"0RpO5mo171","val":"mc-9895bba3e71afb2e4be28b72fd3661d9.jpg","size":423261},{"rType":"asset","rSubType":"image","fileName":"COLORES (21).png","fileSize":445800,"val":"mc-a7d6747140cb82ea78c0bccc21f58551.png","aid":"1S0aZ7cIm","size":445800},{"rType":"asset","rSubType":"audio","fileName":"brown .m4a","fileSize":60569,"val":"mc-b313f8345101bbb3182d323f1dcd779e.m4a","aid":"gjIjj5GkT","size":60569},{"rType":"asset","rSubType":"image","fileName":"COLORES (33).png","fileSize":427260,"val":"mc-fd26054f1f262da331b708666bfc6152.png","aid":"Msh7ok1xU","size":427260},{"rType":"asset","rSubType":"audio","fileName":"black.m4a","fileSize":61593,"val":"mc-62ddd41176f26c53f28ff76125790deb.m4a","aid":"VltAB_0-7","size":61593},{"rType":"asset","rSubType":"image","fileName":"colores-fondo-madera.jpg","fileSize":423261,"aid":"ESoRXbujAR","val":"mc-9895bba3e71afb2e4be28b72fd3661d9.jpg","size":423261},{"rType":"asset","rSubType":"image","fileName":"COLORES (22).png","fileSize":437228,"val":"mc-058a9e33741ab2600fc57c7fbadf57a9.png","aid":"zxvsSgujn","size":437228},{"rType":"asset","rSubType":"audio","fileName":"dark blue.m4a","fileSize":66713,"val":"mc-b20c2658f66fced7458339bc1db7f415.m4a","aid":"4Gw09SKC3","size":66713},{"rType":"asset","rSubType":"image","fileName":"COLORES (13).png","fileSize":104355,"val":"mc-cf55c54aad63c2d6c840572d4bd0ecf7.png","aid":"F83brdKD5","size":104355},{"rType":"asset","rSubType":"image","fileName":"COLORES (24).png","fileSize":420803,"val":"mc-769a92ea9b9771b3d6170214af0e0b26.png","aid":"74XQNa3Uh","size":420803},{"rType":"asset","rSubType":"audio","fileName":"yelow.m4a","fileSize":62617,"val":"mc-7fac760281a0dae11bf400bf70486957.m4a","aid":"sLOsgJskv","size":62617},{"rType":"asset","rSubType":"image","fileName":"COLORES (8).png","fileSize":103387,"val":"mc-899520e683c157a17cad247f5a5f7251.png","aid":"_sTgBUyB7","size":103387},{"rType":"asset","rSubType":"image","fileName":"colores-fondo-madera.jpg","fileSize":423261,"aid":"umdgOiT4Jz","val":"mc-9895bba3e71afb2e4be28b72fd3661d9.jpg","size":423261},{"rType":"asset","rSubType":"image","fileName":"COLORES (7).png","fileSize":96784,"val":"mc-e4083a43b16f3a6cf2a7e011d642dc66.png","aid":"6XMml10r0","size":96784},{"rType":"asset","rSubType":"image","fileName":"unsplash.jpg","fileSize":0,"val":"mc-fef853b1973cd84967676d07de4c2d05.jpg","aid":"_nswmFYs3AX","size":128849},{"rType":"asset","rSubType":"image","fileName":"unsplash.jpg","fileSize":0,"val":"mc-2bdf984123efbaf1c6a58561c28ae404.jpg","aid":"6VKZOHkF2p","size":1095400},{"rType":"asset","rSubType":"image","fileName":"COLORES (32).png","fileSize":420898,"val":"mc-5e9d6f8bda112c547c33b73bf3157269.png","aid":"h8Isotn3D","size":420898},{"rType":"asset","rSubType":"audio","fileName":"gray.m4a","fileSize":54425,"val":"mc-8c68d17e1650c048165865620dfaa2f6.m4a","aid":"F62_yNCnS","size":54425},{"rType":"asset","rSubType":"image","fileName":"COLORES (10).png","fileSize":94503,"val":"mc-22a7eb29651120d3fcea2ffb10765663.png","aid":"mJoOB_lym","size":94503},{"rType":"asset","rSubType":"image","fileName":"COLORES (15).png","fileSize":94958,"val":"mc-c20a58c4559806b762bfe599289737e6.png","aid":"BHVFxwa6U","size":94958},{"rType":"asset","rSubType":"image","fileName":"COLORES (9).png","fileSize":87243,"val":"mc-8f76cd2c364a4f7d3325c388278063c7.png","aid":"F35B5ob4_","size":87243},{"rType":"asset","rSubType":"image","fileName":"colores-fondo-madera.jpg","fileSize":423261,"aid":"IVRUqMSz0f","val":"mc-9895bba3e71afb2e4be28b72fd3661d9.jpg","size":423261},{"rType":"asset","rSubType":"image","fileName":"COLORES (5).png","fileSize":103903,"val":"mc-4ae121dcd5ebe802a9452502f703c3bd.png","aid":"GdWO9eZ6y","size":103903},{"rType":"asset","rSubType":"image","fileName":"COLORES (23).png","fileSize":405148,"val":"mc-a423a3e18bc3e99aa5d028332439de9f.png","aid":"pqmR4hduz","size":405148},{"rType":"asset","rSubType":"audio","fileName":"white.m4a","fileSize":60569,"val":"mc-4a2293f7cf39e1259a61ddff9e7d64bd.m4a","aid":"_sNRNPK0b","size":60569},{"rType":"asset","rSubType":"image","fileName":"COLORES (12).png","fileSize":92814,"val":"mc-f3d192a2581802a7a58ee743a6c9e89f.png","aid":"lIvGRWLZd","size":92814},{"rType":"asset","rSubType":"image","fileName":"COLORES (18).png","fileSize":414861,"val":"mc-0e6d5604bcc85e75d16560120da3421d.png","aid":"7T_EtecYI","size":414861},{"rType":"asset","rSubType":"image","fileName":"COLORES (30).png","fileSize":418868,"val":"mc-109fe3a2b08623051334d367c30a87db.png","aid":"3jcjtsB47","size":418868},{"rType":"asset","rSubType":"audio","fileName":"pink.m4a","fileSize":65689,"val":"mc-a9b693ba91806d062fd74e533b23b5dc.m4a","aid":"7e0doyc_7","size":65689},{"rType":"asset","rSubType":"image","fileName":"COLORES (28).png","fileSize":426826,"val":"mc-280597508876dad64a14bdf1cafa939c.png","aid":"RYniKXOi5","size":426826},{"rType":"asset","rSubType":"audio","fileName":"orange.m4a","fileSize":58521,"val":"mc-9e620e216ea9a2dc298bb953d3f6a3b8.m4a","aid":"CT-_MydYl","size":58521},{"rType":"asset","rSubType":"image","fileName":"COLORES (11).png","fileSize":81132,"val":"mc-e3d9345c9ae1466ec929ca81489fab96.png","aid":"PS7pa_XSl","size":81132},{"rType":"asset","rSubType":"image","fileName":"COLORES (6).png","fileSize":85930,"val":"mc-a64f7389a5160b2e9bb81a0f9c2a4347.png","aid":"xz6tHRIE2","size":85930},{"rType":"asset","rSubType":"image","fileName":"COLORES (14).png","fileSize":86654,"val":"mc-ba0e0f8ffc3f24f0bd3a8d36b20b666d.png","aid":"HA-NPx7RO","size":86654},{"rType":"asset","rSubType":"image","fileName":"COLORES (26).png","fileSize":407444,"val":"mc-b4d1fdb35053513836902256d832646a.png","aid":"L09RNiS3L","size":407444},{"rType":"asset","rSubType":"audio","fileName":"blue.m4a","fileSize":58521,"val":"mc-8234289c62cfabe0d35548bc29dc3a17.m4a","aid":"fmXnAJXuF","size":58521},{"rType":"asset","rSubType":"image","fileName":"colores-fondo-madera.jpg","fileSize":423261,"aid":"TxuDk3JUFE","val":"mc-9895bba3e71afb2e4be28b72fd3661d9.jpg","size":423261},{"rType":"asset","rSubType":"image","fileName":"COLORES (3).png","fileSize":83179,"val":"mc-6a96f3edb18e829682376d3efbf15476.png","aid":"Sjb1MYhy3","size":83179},{"rType":"asset","rSubType":"image","fileName":"COLORES (27).png","fileSize":435558,"val":"mc-9a476ef006b6b366e18b66e47837085e.png","aid":"ufp4CWZJm","size":435558},{"rType":"asset","rSubType":"audio","fileName":"turquise.m4a","fileSize":63641,"val":"mc-79eb1970c1c11d2165b22d66ed770912.m4a","aid":"O-qBxY1R0","size":63641},{"rType":"asset","rSubType":"image","fileName":"COLORES (1).png","fileSize":84965,"val":"mc-0a207e3f979ab167e71a9aebb0a3b2a4.png","aid":"0G90ARYP2","size":84965},{"rType":"asset","rSubType":"image","fileName":"COLORES (17).png","fileSize":80880,"val":"mc-e94ac1fbf808b9417a50bcaffc42274f.png","aid":"99aPcZ6wN","size":80880},{"rType":"asset","rSubType":"image","fileName":"colores-fondo-madera.jpg","fileSize":423261,"val":"mc-9895bba3e71afb2e4be28b72fd3661d9.jpg","aid":"MoTgn4XRc","size":423261}]