{"i":{"1M5RPZlf0r":{"id":"1M5RPZlf0r","type":"slide","setup":{"bord":{"size":10,"rad":10},"bg":{"selectedKey":"image","fill":{"opac":1,"rgb":"var(--TC3)"},"img":{"filt":{"opac":100,"gray":0,"blur":0,"tint":{"rgb":"var(--TC3)","opac":0,"blendMode":"multiply"}},"pos":{"type":"crop","fit":{"bg":{"color":{"rgb":"#FFF","opac":100}},"vali":"center","hali":"center"},"crop":{"poi":{"x":828,"y":540}}},"measures":{"size":{"width":1924,"height":1080}},"orig":{"rType":"asset","rSubType":"image","fileName":"colores-fondo-madera.jpg","fileSize":423261,"val":"mc-9895bba3e71afb2e4be28b72fd3661d9.jpg","aid":"MoTgn4XRc"}}},"transparentBg":{"selectedKey":false}}},"pRtWuQ39cG":{"id":"pRtWuQ39cG","type":"interactive","subtype":"interactiveCard","setup":{"animation":{"selectedKey":"fade"},"front":{"selectedKey":"fill","fill":{"opac":0.95,"rgb":"var(--TC3)"},"img":{"filt":{"opac":100,"gray":0,"blur":0,"tint":{"rgb":"#e50a4f","opac":0}},"pos":{"type":"crop","fit":{"bg":{"color":{"rgb":"#FFF","opac":100}},"vali":"center","hali":"center"},"crop":{"poi":{"x":552,"y":360}}},"measures":{"size":{"width":1080,"height":720}}},"txt":{"rType":"richtext","val":{"ops":[{"insert":"Our Item 6","attributes":{"color":"var(--TC1)","bold":true}},{"insert":"\n","attributes":{"align":"center","size":"large"}}]}},"rType":"richtext","hali":"","vali":"middle","paddV1":10},"back":{"selectedKey":"fill","fill":{"opac":0.5,"rgb":"var(--TC2)"},"img":{"filt":{"opac":100,"gray":100,"blur":0,"tint":{"rgb":"#fff","opac":0.9}},"pos":{"type":"crop","fit":{"bg":{"color":{"rgb":"#FFF","opac":100}},"vali":"center","hali":"center"},"crop":{"poi":{"x":552,"y":360}}},"measures":{"size":{"width":1080,"height":720}}},"rType":"richtext","vali":"top","txt":{"rType":"richtext","val":{"ops":[{"insert":"We want to know why your idea makes sense, why it's  going to be a success, why a user would be interested on it. Once at this point, our strategy experts will challenge the limits and create intuitive, simple and beautiful designs.","attributes":{"color":"var(--TC3)"}},{"insert":"\n","attributes":{"size":"normal"}}]}},"paddV1":15,"hali":""}}},"ZMh5a04g4":{"id":"ZMh5a04g4","type":"interactive","subtype":"interactiveCard","setup":{"animation":{"selectedKey":"rotateH"},"front":{"selectedKey":"image","fill":{"opac":1,"rgb":"#FFF"},"img":{"filt":{"opac":100,"gray":0,"blur":0,"tint":{"rgb":"#FFF","opac":0}},"pos":{"type":"fit","fit":{"bg":{"color":{"rgb":"#FFF","opac":100}},"vali":"bottom","hali":"center"},"crop":{"bg":{"color":{"rgb":"#FFF","opac":0}},"poi":{"x":707,"y":1008.5}},"mask":{"shape":1}},"measures":{"size":{"width":1414,"height":2000}},"orig":{"rType":"asset","rSubType":"image","fileName":"COLORES (5).png","fileSize":103903,"val":"mc-4ae121dcd5ebe802a9452502f703c3bd.png","aid":"GdWO9eZ6y"}},"txt":{"val":{"ops":[{"attributes":{"color":"#1d1d1d","bold":true},"insert":"AZUL OSCURO"},{"insert":"\n\n","attributes":{"align":"center","size":"large"}}]},"rType":"richtext"},"hali":""},"back":{"selectedKey":"fill","fill":{"opac":1,"rgb":"var(--TC5)"},"txt":{"val":{"ops":[{"attributes":{"color":"var(--TC14)","bold":true},"insert":"DARK BLUE"},{"insert":"\n\n","attributes":{"size":"huge","align":"center"}}]},"rType":"richtext"},"hali":"","vali":"middle"}}},"80OkN9Uvy":{"id":"80OkN9Uvy","type":"interactive","subtype":"interactiveCard","setup":{"animation":{"selectedKey":"rotateH"},"front":{"selectedKey":"image","fill":{"opac":1,"rgb":"#FFF"},"img":{"filt":{"opac":100,"gray":0,"blur":0,"tint":{"rgb":"#FFF","opac":0}},"pos":{"type":"fit","fit":{"bg":{"color":{"rgb":"#FFF","opac":100}},"vali":"bottom","hali":"center"},"crop":{"bg":{"color":{"rgb":"#FFF","opac":0}},"poi":{"x":707,"y":1008.5}},"mask":{"shape":1}},"measures":{"size":{"width":1414,"height":2000}},"orig":{"rType":"asset","rSubType":"image","fileName":"COLORES (6).png","fileSize":85930,"val":"mc-a64f7389a5160b2e9bb81a0f9c2a4347.png","aid":"xz6tHRIE2"}},"txt":{"val":{"ops":[{"insert":"ROJO","attributes":{"color":"#1d1d1d","bold":true}},{"insert":"\n","attributes":{"size":"large","align":"center"}}]},"rType":"richtext"},"hali":""},"back":{"selectedKey":"fill","fill":{"opac":1,"rgb":"var(--TC5)"},"txt":{"val":{"ops":[{"attributes":{"bold":true,"color":"var(--TC14)"},"insert":"RED"},{"insert":"\n","attributes":{"size":"huge","align":"center"}}]},"rType":"richtext"},"hali":"","vali":"middle"}}},"WvCOpl--a":{"id":"WvCOpl--a","type":"interactive","subtype":"interactiveRichText","setup":{"frmeTp":{"selectedKey":"noneFrame"},"bg":{"fill":{"opac":0,"rgb":"#FFF"}},"txt":{"val":{"ops":[{"attributes":{"align":"center","size":"hugeTitle"},"insert":"\n"},{"insert":"   THE COLORS  ","attributes":{"color":"#ffffff","background":"#4db30c","bold":true}},{"insert":"\n","attributes":{"align":"center","size":"hugeTitle"}},{"insert":"\n"}]},"rType":"richtext"}}},"phjP93PM3":{"id":"phjP93PM3","type":"interactive","subtype":"interactiveCard","setup":{"animation":{"selectedKey":"rotateH"},"front":{"selectedKey":"image","fill":{"opac":1,"rgb":"#FFF"},"img":{"filt":{"opac":100,"gray":0,"blur":0,"tint":{"rgb":"#FFF","opac":0}},"pos":{"type":"fit","fit":{"bg":{"color":{"rgb":"#FFF","opac":100}},"vali":"bottom","hali":"center"},"crop":{"bg":{"color":{"rgb":"#FFF","opac":0}},"poi":{"x":707,"y":1008.5}},"mask":{"shape":1}},"measures":{"size":{"width":1414,"height":2000}},"orig":{"rType":"asset","rSubType":"image","fileName":"COLORES (1).png","fileSize":84965,"val":"mc-0a207e3f979ab167e71a9aebb0a3b2a4.png","aid":"0G90ARYP2"}},"txt":{"val":{"ops":[{"insert":"AZUL","attributes":{"color":"#1d1d1d","bold":true}},{"insert":"\n","attributes":{"align":"center","size":"large"}}]},"rType":"richtext"},"hali":""},"back":{"selectedKey":"fill","fill":{"opac":1,"rgb":"var(--TC5)"},"txt":{"val":{"ops":[{"insert":"BLUE","attributes":{"bold":true,"color":"var(--TC14)"}},{"insert":"\n","attributes":{"align":"center","size":"huge"}}]},"rType":"richtext"},"vali":"middle","hali":""}}},"sl3uFa0ej":{"id":"sl3uFa0ej","type":"interactive","subtype":"interactiveCard","setup":{"animation":{"selectedKey":"rotateH"},"front":{"selectedKey":"image","fill":{"opac":1,"rgb":"var(--TC3)"},"img":{"filt":{"opac":100,"gray":0,"blur":0,"tint":{"rgb":"#FFF","opac":0}},"pos":{"type":"fit","fit":{"bg":{"color":{"rgb":"#FFF","opac":100}},"vali":"bottom","hali":"center"},"crop":{"bg":{"color":{"rgb":"#FFF","opac":0}},"poi":{"x":707,"y":1008.5}},"mask":{"shape":1}},"measures":{"size":{"width":1414,"height":2000}},"orig":{"rType":"asset","rSubType":"image","fileName":"COLORES (17).png","fileSize":80880,"val":"mc-e94ac1fbf808b9417a50bcaffc42274f.png","aid":"99aPcZ6wN"}},"txt":{"val":{"ops":[{"attributes":{"color":"#1d1d1d","bold":true},"insert":"AZUL CLARO"},{"insert":"\n\n","attributes":{"size":"large","align":"center"}}]},"rType":"richtext"},"hali":""},"back":{"selectedKey":"fill","fill":{"opac":1,"rgb":"var(--TC5)"},"txt":{"val":{"ops":[{"attributes":{"color":"var(--TC14)","bold":true},"insert":"LIGHT BLUE"},{"insert":"\n\n","attributes":{"size":"huge","align":"center"}}]},"rType":"richtext"},"hali":"","vali":"middle"}}}},"v":"1"}