{"i":{"eSveeI4Y3":{"id":"eSveeI4Y3","type":"slide","setup":{"transparentBg":{"selectedKey":false},"bord":{"size":10,"rad":10},"bg":{"selectedKey":"image","fill":{"opac":1,"rgb":"var(--TC3)"},"img":{"filt":{"opac":100,"gray":0,"blur":0,"tint":{"rgb":"var(--TC3)","opac":0,"blendMode":"multiply"}},"pos":{"type":"crop","fit":{"bg":{"color":{"rgb":"#FFF","opac":100}},"vali":"center","hali":"center"},"crop":{"poi":{"x":828,"y":540}}},"measures":{"size":{"width":1924,"height":1080}},"orig":{"rType":"asset","rSubType":"image","fileName":"colores-fondo-madera.jpg","fileSize":423261,"aid":"ESoRXbujAR","val":"mc-9895bba3e71afb2e4be28b72fd3661d9.jpg"}}}}},"_AnhraMMsN":{"id":"_AnhraMMsN","type":"interactive","subtype":"interactivePodCast","setup":{"bg":{"selectedKey":"image","fill":{"opac":1,"rgb":"#FFF"},"img":{"filt":{"opac":100,"gray":0,"blur":0,"tint":{"rgb":"#FFF","opac":0}},"pos":{"type":"crop","fit":{"bg":{"color":{"rgb":"#FFF","opac":100}},"vali":"center","hali":"center"},"crop":{"bg":{"color":{"rgb":"#FFF","opac":0}},"poi":{"x":707,"y":1486.5}},"mask":{"shape":1}},"measures":{"size":{"width":1414,"height":2000}},"orig":{"rType":"asset","rSubType":"image","fileName":"COLORES (20).png","fileSize":422414,"val":"mc-316aa8eb2adfe004de76f526eef19a8a.png","aid":"u_I6Pot6B"}}},"audio":{"orig":{"rType":"asset","rSubType":"audio","fileName":"violet.m4a","fileSize":78775,"val":"mc-a45970d9672b485a03ebdc7aa066ae3b.m4a","aid":"0HNbVinOQ"}}}},"c8Blks3tfK":{"id":"c8Blks3tfK","type":"interactive","subtype":"interactiveCard","setup":{"animation":{"selectedKey":"fade"},"front":{"selectedKey":"fill","fill":{"opac":0.95,"rgb":"var(--TC3)"},"img":{"filt":{"opac":100,"gray":0,"blur":0,"tint":{"rgb":"#e50a4f","opac":0}},"pos":{"type":"crop","fit":{"bg":{"color":{"rgb":"#FFF","opac":100}},"vali":"center","hali":"center"},"crop":{"poi":{"x":552,"y":360}}},"measures":{"size":{"width":1080,"height":720}}},"txt":{"rType":"richtext","val":{"ops":[{"insert":"Our Item 6","attributes":{"color":"var(--TC1)","bold":true}},{"insert":"\n","attributes":{"align":"center","size":"large"}}]}},"rType":"richtext","hali":"","vali":"middle","paddV1":10},"back":{"selectedKey":"fill","fill":{"opac":0.5,"rgb":"var(--TC2)"},"img":{"filt":{"opac":100,"gray":100,"blur":0,"tint":{"rgb":"#fff","opac":0.9}},"pos":{"type":"crop","fit":{"bg":{"color":{"rgb":"#FFF","opac":100}},"vali":"center","hali":"center"},"crop":{"poi":{"x":552,"y":360}}},"measures":{"size":{"width":1080,"height":720}}},"rType":"richtext","vali":"top","txt":{"rType":"richtext","val":{"ops":[{"insert":"We want to know why your idea makes sense, why it's  going to be a success, why a user would be interested on it. Once at this point, our strategy experts will challenge the limits and create intuitive, simple and beautiful designs.","attributes":{"color":"var(--TC3)"}},{"insert":"\n","attributes":{"size":"normal"}}]}},"paddV1":15,"hali":""}}},"cDW8Nue-7s":{"id":"cDW8Nue-7s","type":"interactive","subtype":"interactivePodCast","setup":{"bg":{"selectedKey":"image","fill":{"opac":1,"rgb":"#FFF"},"img":{"filt":{"opac":100,"gray":0,"blur":0,"tint":{"rgb":"#FFF","opac":0}},"pos":{"type":"crop","fit":{"bg":{"color":{"rgb":"#FFF","opac":100}},"vali":"center","hali":"center"},"crop":{"bg":{"color":{"rgb":"#FFF","opac":0}},"poi":{"x":707,"y":1486.5}},"mask":{"shape":1}},"measures":{"size":{"width":1414,"height":2000}},"orig":{"rType":"asset","rSubType":"image","fileName":"COLORES (33).png","fileSize":427260,"val":"mc-fd26054f1f262da331b708666bfc6152.png","aid":"Msh7ok1xU"}}},"audio":{"orig":{"rType":"asset","rSubType":"audio","fileName":"black.m4a","fileSize":61593,"val":"mc-62ddd41176f26c53f28ff76125790deb.m4a","aid":"VltAB_0-7"}}}},"NYvqmlEaK8":{"id":"NYvqmlEaK8","type":"interactive","subtype":"interactiveRichText","setup":{"frmeTp":{"selectedKey":"noneFrame"},"bg":{"fill":{"opac":0,"rgb":"#FFF"}},"txt":{"val":{"ops":[{"insert":"\n","attributes":{"align":"center","size":"hugeTitle"}},{"insert":"   THE COLORS  ","attributes":{"background":"var(--TC11)","color":"#ffffff","bold":true}},{"insert":"\n","attributes":{"align":"center","size":"hugeTitle"}},{"insert":"\n"}]},"rType":"richtext"}}},"hquK6O014o":{"id":"hquK6O014o","type":"interactive","subtype":"interactivePodCast","setup":{"bg":{"selectedKey":"image","fill":{"opac":1,"rgb":"#FFF"},"img":{"filt":{"opac":100,"gray":0,"blur":0,"tint":{"rgb":"#FFF","opac":0}},"pos":{"type":"crop","fit":{"bg":{"color":{"rgb":"#FFF","opac":100}},"vali":"center","hali":"center"},"crop":{"bg":{"color":{"rgb":"#FFF","opac":0}},"poi":{"x":707,"y":1486.5}},"mask":{"shape":1}},"measures":{"size":{"width":1414,"height":2000}},"orig":{"rType":"asset","rSubType":"image","fileName":"COLORES (23).png","fileSize":405148,"val":"mc-a423a3e18bc3e99aa5d028332439de9f.png","aid":"pqmR4hduz"}}},"audio":{"orig":{"rType":"asset","rSubType":"audio","fileName":"white.m4a","fileSize":60569,"val":"mc-4a2293f7cf39e1259a61ddff9e7d64bd.m4a","aid":"_sNRNPK0b"}}}},"A8SNYSwJAy":{"id":"A8SNYSwJAy","type":"interactive","subtype":"interactivePodCast","setup":{"bg":{"selectedKey":"image","fill":{"opac":1,"rgb":"#FFF"},"img":{"filt":{"opac":100,"gray":0,"blur":0,"tint":{"rgb":"#FFF","opac":0}},"pos":{"type":"crop","fit":{"bg":{"color":{"rgb":"#FFF","opac":100}},"vali":"center","hali":"center"},"crop":{"bg":{"color":{"rgb":"#FFF","opac":0}},"poi":{"x":707,"y":964.5}},"mask":{"shape":1}},"measures":{"size":{"width":1414,"height":2000}},"orig":{"rType":"asset","rSubType":"image","fileName":"COLORES (28).png","fileSize":426826,"val":"mc-280597508876dad64a14bdf1cafa939c.png","aid":"RYniKXOi5"}}},"audio":{"orig":{"rType":"asset","rSubType":"audio","fileName":"orange.m4a","fileSize":58521,"val":"mc-9e620e216ea9a2dc298bb953d3f6a3b8.m4a","aid":"CT-_MydYl"}}}}},"v":"1"}