{"i":{"cz4zV95xf":{"id":"cz4zV95xf","type":"slide","setup":{"transparentBg":{"selectedKey":false},"bord":{"size":10,"rad":10},"bg":{"selectedKey":"image","fill":{"opac":1,"rgb":"var(--TC3)"},"img":{"filt":{"opac":100,"gray":0,"blur":0,"tint":{"rgb":"var(--TC3)","opac":0,"blendMode":"multiply"}},"pos":{"type":"crop","fit":{"bg":{"color":{"rgb":"#FFF","opac":100}},"vali":"center","hali":"center"},"crop":{"poi":{"x":828,"y":540}}},"measures":{"size":{"width":1924,"height":1080}},"orig":{"rType":"asset","rSubType":"image","fileName":"colores-fondo-madera.jpg","fileSize":423261,"aid":"VIxzRqLRmu","val":"mc-9895bba3e71afb2e4be28b72fd3661d9.jpg"}}}}},"sjQomSm9jg":{"id":"sjQomSm9jg","type":"interactive","subtype":"interactivePodCast","setup":{"bg":{"selectedKey":"image","fill":{"opac":1,"rgb":"#FFF"},"img":{"filt":{"opac":100,"gray":0,"blur":0,"tint":{"rgb":"#FFF","opac":0}},"pos":{"type":"crop","fit":{"bg":{"color":{"rgb":"#FFF","opac":100}},"vali":"center","hali":"center"},"crop":{"bg":{"color":{"rgb":"#FFF","opac":0}},"poi":{"x":707,"y":1486.5}},"mask":{"shape":1}},"measures":{"size":{"width":1414,"height":2000}},"orig":{"rType":"asset","rSubType":"image","fileName":"COLORES (19).png","fileSize":433299,"val":"mc-dd3851addebe9b0b8f5b536b91e73b69.png","aid":"3xoh4-WW9"}}},"audio":{"orig":{"rType":"asset","rSubType":"audio","fileName":"fuchsia.m4a","fileSize":51353,"val":"mc-17edad19b59ae44816c5e5561c2eed4e.m4a","aid":"7EjmOUue5"}}}},"2jLEvYWJJN":{"id":"2jLEvYWJJN","type":"interactive","subtype":"interactivePodCast","setup":{"bg":{"selectedKey":"image","fill":{"opac":1,"rgb":"#FFF"},"img":{"filt":{"opac":100,"gray":0,"blur":0,"tint":{"rgb":"#FFF","opac":0}},"pos":{"type":"crop","fit":{"bg":{"color":{"rgb":"#FFF","opac":100}},"vali":"center","hali":"center"},"crop":{"bg":{"color":{"rgb":"#FFF","opac":0}},"poi":{"x":707,"y":1486.5}},"mask":{"shape":1}},"measures":{"size":{"width":1414,"height":2000}},"orig":{"rType":"asset","rSubType":"image","fileName":"COLORES (21).png","fileSize":445800,"val":"mc-a7d6747140cb82ea78c0bccc21f58551.png","aid":"1S0aZ7cIm"}}},"audio":{"orig":{"rType":"asset","rSubType":"audio","fileName":"brown .m4a","fileSize":60569,"val":"mc-b313f8345101bbb3182d323f1dcd779e.m4a","aid":"gjIjj5GkT"}}}},"34drJ51RDu":{"id":"34drJ51RDu","type":"interactive","subtype":"interactiveRichText","setup":{"frmeTp":{"selectedKey":"noneFrame"},"bg":{"fill":{"opac":0,"rgb":"#FFF"}},"txt":{"val":{"ops":[{"insert":"\n","attributes":{"align":"center","size":"hugeTitle"}},{"insert":"   THE COLORS  ","attributes":{"background":"var(--TC11)","color":"#ffffff","bold":true}},{"insert":"\n","attributes":{"align":"center","size":"hugeTitle"}},{"insert":"\n"}]},"rType":"richtext"}}},"0_Sw7NKupK":{"id":"0_Sw7NKupK","type":"interactive","subtype":"interactiveCard","setup":{"animation":{"selectedKey":"fade"},"front":{"selectedKey":"fill","fill":{"opac":0.95,"rgb":"var(--TC3)"},"img":{"filt":{"opac":100,"gray":0,"blur":0,"tint":{"rgb":"#e50a4f","opac":0}},"pos":{"type":"crop","fit":{"bg":{"color":{"rgb":"#FFF","opac":100}},"vali":"center","hali":"center"},"crop":{"poi":{"x":552,"y":360}}},"measures":{"size":{"width":1080,"height":720}}},"txt":{"rType":"richtext","val":{"ops":[{"insert":"Our Item 6","attributes":{"color":"var(--TC1)","bold":true}},{"insert":"\n","attributes":{"align":"center","size":"large"}}]}},"rType":"richtext","hali":"","vali":"middle","paddV1":10},"back":{"selectedKey":"fill","fill":{"opac":0.5,"rgb":"var(--TC2)"},"img":{"filt":{"opac":100,"gray":100,"blur":0,"tint":{"rgb":"#fff","opac":0.9}},"pos":{"type":"crop","fit":{"bg":{"color":{"rgb":"#FFF","opac":100}},"vali":"center","hali":"center"},"crop":{"poi":{"x":552,"y":360}}},"measures":{"size":{"width":1080,"height":720}}},"rType":"richtext","vali":"top","txt":{"rType":"richtext","val":{"ops":[{"insert":"We want to know why your idea makes sense, why it's  going to be a success, why a user would be interested on it. Once at this point, our strategy experts will challenge the limits and create intuitive, simple and beautiful designs.","attributes":{"color":"var(--TC3)"}},{"insert":"\n","attributes":{"size":"normal"}}]}},"paddV1":15,"hali":""}}},"a-hUFFycc0":{"id":"a-hUFFycc0","type":"interactive","subtype":"interactivePodCast","setup":{"bg":{"selectedKey":"image","fill":{"opac":1,"rgb":"#FFF"},"img":{"filt":{"opac":100,"gray":0,"blur":0,"tint":{"rgb":"#FFF","opac":0}},"pos":{"type":"crop","fit":{"bg":{"color":{"rgb":"#FFF","opac":100}},"vali":"center","hali":"center"},"crop":{"bg":{"color":{"rgb":"#FFF","opac":0}},"poi":{"x":707,"y":1486.5}},"mask":{"shape":1}},"measures":{"size":{"width":1414,"height":2000}},"orig":{"rType":"asset","rSubType":"image","fileName":"COLORES (32).png","fileSize":420898,"val":"mc-5e9d6f8bda112c547c33b73bf3157269.png","aid":"h8Isotn3D"}}},"audio":{"orig":{"rType":"asset","rSubType":"audio","fileName":"gray.m4a","fileSize":54425,"val":"mc-8c68d17e1650c048165865620dfaa2f6.m4a","aid":"F62_yNCnS"}}}},"vut_dE5mRF":{"id":"vut_dE5mRF","type":"interactive","subtype":"interactivePodCast","setup":{"bg":{"selectedKey":"image","fill":{"opac":1,"rgb":"#FFF"},"img":{"filt":{"opac":100,"gray":0,"blur":0,"tint":{"rgb":"#FFF","opac":0}},"pos":{"type":"crop","fit":{"bg":{"color":{"rgb":"#FFF","opac":100}},"vali":"center","hali":"center"},"crop":{"bg":{"color":{"rgb":"#FFF","opac":0}},"poi":{"x":707,"y":1486.5}},"mask":{"shape":1}},"measures":{"size":{"width":1414,"height":2000}},"orig":{"rType":"asset","rSubType":"image","fileName":"COLORES (30).png","fileSize":418868,"val":"mc-109fe3a2b08623051334d367c30a87db.png","aid":"3jcjtsB47"}}},"audio":{"orig":{"rType":"asset","rSubType":"audio","fileName":"pink.m4a","fileSize":65689,"val":"mc-a9b693ba91806d062fd74e533b23b5dc.m4a","aid":"7e0doyc_7"}}}}},"v":"1"}