{"i":{"8KqoIOOjA":{"id":"8KqoIOOjA","type":"slide","setup":{"bg":{"selectedKey":"image","fill":{"opac":1,"rgb":"var(--TC3)"},"img":{"filt":{"opac":100,"gray":0,"blur":0,"tint":{"rgb":"var(--TC3)","opac":0,"blendMode":"multiply"}},"pos":{"type":"crop","fit":{"bg":{"color":{"rgb":"#FFF","opac":100}},"vali":"center","hali":"center"},"crop":{"poi":{"x":828,"y":540}}},"measures":{"size":{"width":1924,"height":1080}},"orig":{"rType":"asset","rSubType":"image","fileName":"colores-fondo-madera.jpg","fileSize":423261,"aid":"umdgOiT4Jz","val":"mc-9895bba3e71afb2e4be28b72fd3661d9.jpg"}}},"transparentBg":{"selectedKey":false},"bord":{"size":11,"rad":10}}},"QisDgF3jmx":{"id":"QisDgF3jmx","type":"interactive","subtype":"interactiveCard","setup":{"animation":{"selectedKey":"fade"},"front":{"selectedKey":"fill","fill":{"opac":0.95,"rgb":"var(--TC3)"},"img":{"filt":{"opac":100,"gray":0,"blur":0,"tint":{"rgb":"#e50a4f","opac":0}},"pos":{"type":"crop","fit":{"bg":{"color":{"rgb":"#FFF","opac":100}},"vali":"center","hali":"center"},"crop":{"poi":{"x":552,"y":360}}},"measures":{"size":{"width":1080,"height":720}}},"txt":{"rType":"richtext","val":{"ops":[{"insert":"Our Item 6","attributes":{"color":"var(--TC1)","bold":true}},{"insert":"\n","attributes":{"align":"center","size":"large"}}]}},"rType":"richtext","hali":"","vali":"middle","paddV1":10},"back":{"selectedKey":"fill","fill":{"opac":0.5,"rgb":"var(--TC2)"},"img":{"filt":{"opac":100,"gray":100,"blur":0,"tint":{"rgb":"#fff","opac":0.9}},"pos":{"type":"crop","fit":{"bg":{"color":{"rgb":"#FFF","opac":100}},"vali":"center","hali":"center"},"crop":{"poi":{"x":552,"y":360}}},"measures":{"size":{"width":1080,"height":720}}},"rType":"richtext","vali":"top","txt":{"rType":"richtext","val":{"ops":[{"insert":"We want to know why your idea makes sense, why it's  going to be a success, why a user would be interested on it. Once at this point, our strategy experts will challenge the limits and create intuitive, simple and beautiful designs.","attributes":{"color":"var(--TC3)"}},{"insert":"\n","attributes":{"size":"normal"}}]}},"paddV1":15,"hali":""}}},"yXeg3Vh12s":{"id":"yXeg3Vh12s","type":"interactive","subtype":"interactiveCard","setup":{"animation":{"selectedKey":"rotateH"},"front":{"selectedKey":"image","fill":{"opac":1,"rgb":"#FFF"},"txt":{"val":{"ops":[{"insert":"NEGRO","attributes":{"color":"#1d1d1d","bold":true}},{"insert":"\n","attributes":{"align":"center","size":"large"}}]},"rType":"richtext"},"img":{"filt":{"opac":100,"gray":0,"blur":0,"tint":{"rgb":"#FFF","opac":0}},"pos":{"type":"fit","fit":{"bg":{"color":{"rgb":"#FFF","opac":100}},"vali":"bottom","hali":"center"},"crop":{"bg":{"color":{"rgb":"#FFF","opac":0}},"poi":{"x":707,"y":1486.5}},"mask":{"shape":1}},"measures":{"size":{"width":1414,"height":2000}},"orig":{"rType":"asset","rSubType":"image","fileName":"COLORES (13).png","fileSize":104355,"val":"mc-cf55c54aad63c2d6c840572d4bd0ecf7.png","aid":"F83brdKD5"}},"hali":""},"back":{"selectedKey":"fill","fill":{"opac":1,"rgb":"var(--TC5)"},"txt":{"val":{"ops":[{"attributes":{"bold":true,"color":"var(--TC14)"},"insert":"BLACK"},{"insert":"\n","attributes":{"size":"huge","align":"center"}}]},"rType":"richtext"},"hali":"","vali":"middle"}}},"S5PHg8pEwG":{"id":"S5PHg8pEwG","type":"interactive","subtype":"interactiveCard","setup":{"animation":{"selectedKey":"rotateH"},"front":{"selectedKey":"image","fill":{"opac":1,"rgb":"#FFF"},"txt":{"val":{"ops":[{"insert":"VIOLETA","attributes":{"color":"#1d1d1d","bold":true}},{"insert":"\n","attributes":{"size":"large","align":"center"}}]},"rType":"richtext"},"img":{"filt":{"opac":100,"gray":0,"blur":0,"tint":{"rgb":"#FFF","opac":0}},"pos":{"type":"fit","fit":{"bg":{"color":{"rgb":"#FFF","opac":100}},"vali":"bottom","hali":"center"},"crop":{"bg":{"color":{"rgb":"#FFF","opac":0}},"poi":{"x":707,"y":1008.5}},"mask":{"shape":1}},"measures":{"size":{"width":1414,"height":2000}},"orig":{"rType":"asset","rSubType":"image","fileName":"COLORES (10).png","fileSize":94503,"val":"mc-22a7eb29651120d3fcea2ffb10765663.png","aid":"mJoOB_lym"}},"hali":""},"back":{"selectedKey":"fill","fill":{"opac":1,"rgb":"var(--TC5)"},"txt":{"val":{"ops":[{"attributes":{"align":"center","size":"huge"},"insert":"\n"},{"insert":"VIOLET","attributes":{"color":"var(--TC14)","bold":true}},{"insert":"\n\n","attributes":{"align":"center","size":"huge"}}]},"rType":"richtext"},"vali":"middle","hali":""}}},"JNhJMpDO1O":{"id":"JNhJMpDO1O","type":"interactive","subtype":"interactiveCard","setup":{"animation":{"selectedKey":"rotateH"},"front":{"selectedKey":"image","fill":{"opac":1,"rgb":"#FFF"},"txt":{"val":{"ops":[{"insert":"NARANJA","attributes":{"color":"#1d1d1d","bold":true}},{"insert":"\n","attributes":{"align":"center","size":"large"}}]},"rType":"richtext"},"img":{"filt":{"opac":100,"gray":0,"blur":0,"tint":{"rgb":"#FFF","opac":0}},"pos":{"type":"fit","fit":{"bg":{"color":{"rgb":"#FFF","opac":100}},"vali":"bottom","hali":"center"},"crop":{"bg":{"color":{"rgb":"#FFF","opac":0}},"poi":{"x":707,"y":1008.5}},"mask":{"shape":1}},"measures":{"size":{"width":1414,"height":2000}},"orig":{"rType":"asset","rSubType":"image","fileName":"COLORES (9).png","fileSize":87243,"val":"mc-8f76cd2c364a4f7d3325c388278063c7.png","aid":"F35B5ob4_"}},"hali":""},"back":{"selectedKey":"fill","fill":{"opac":1,"rgb":"var(--TC5)"},"txt":{"val":{"ops":[{"attributes":{"bold":true,"color":"var(--TC14)"},"insert":"ORANGE"},{"insert":"\n","attributes":{"size":"huge","align":"center"}}]},"rType":"richtext"},"hali":"","vali":"middle"}}},"sQEqQ7ZQfX":{"id":"sQEqQ7ZQfX","type":"interactive","subtype":"interactiveCard","setup":{"animation":{"selectedKey":"rotateH"},"front":{"selectedKey":"image","fill":{"opac":1,"rgb":"var(--TC3)"},"txt":{"val":{"ops":[{"insert":"BLANCO","attributes":{"color":"#1d1d1d","bold":true}},{"insert":"\n","attributes":{"align":"center","size":"large"}}]},"rType":"richtext"},"img":{"filt":{"opac":100,"gray":0,"blur":0,"tint":{"rgb":"#FFF","opac":0}},"pos":{"type":"fit","fit":{"bg":{"color":{"rgb":"#FFF","opac":100}},"vali":"bottom","hali":"center"},"crop":{"bg":{"color":{"rgb":"#FFF","opac":0}},"poi":{"x":707,"y":1008.5}},"mask":{"shape":1}},"measures":{"size":{"width":1414,"height":2000}},"orig":{"rType":"asset","rSubType":"image","fileName":"COLORES (11).png","fileSize":81132,"val":"mc-e3d9345c9ae1466ec929ca81489fab96.png","aid":"PS7pa_XSl"}},"hali":""},"back":{"selectedKey":"fill","fill":{"opac":1,"rgb":"var(--TC5)"},"txt":{"val":{"ops":[{"attributes":{"bold":true,"color":"var(--TC14)"},"insert":"WHITE"},{"insert":"\n","attributes":{"size":"huge","align":"center"}}]},"rType":"richtext"},"hali":"","vali":"middle"}}},"NnDNaHKnRW":{"id":"NnDNaHKnRW","type":"interactive","subtype":"interactiveRichText","setup":{"frmeTp":{"selectedKey":"noneFrame"},"bg":{"fill":{"opac":0,"rgb":"#FFF"}},"txt":{"val":{"ops":[{"attributes":{"align":"center","size":"hugeTitle"},"insert":"\n"},{"insert":"   THE COLORS  ","attributes":{"color":"#ffffff","background":"#4db30c","bold":true}},{"insert":"\n","attributes":{"align":"center","size":"hugeTitle"}},{"insert":"\n"}]},"rType":"richtext"}}}},"v":"1"}