{"i":{"p79RKx2b7":{"id":"p79RKx2b7","type":"slide","setup":{"bg":{"selectedKey":"image","fill":{"opac":1,"rgb":"var(--TC3)"},"img":{"filt":{"opac":100,"gray":0,"blur":0,"tint":{"rgb":"var(--TC3)","opac":0,"blendMode":"multiply"}},"pos":{"type":"crop","fit":{"bg":{"color":{"rgb":"#FFF","opac":100}},"vali":"center","hali":"center"},"crop":{"poi":{"x":828,"y":540}}},"measures":{"size":{"width":1924,"height":1080}},"orig":{"rType":"asset","rSubType":"image","fileName":"colores-fondo-madera.jpg","fileSize":423261,"aid":"TxuDk3JUFE","val":"mc-9895bba3e71afb2e4be28b72fd3661d9.jpg"}}},"transparentBg":{"selectedKey":false},"bord":{"size":10,"rad":10}}},"ehUNL6x52Q":{"id":"ehUNL6x52Q","type":"interactive","subtype":"interactiveCard","setup":{"animation":{"selectedKey":"rotateH"},"front":{"selectedKey":"image","fill":{"opac":1,"rgb":"#FFF"},"txt":{"val":{"ops":[{"insert":"TURQUESA","attributes":{"color":"#1d1d1d","bold":true}},{"insert":"\n","attributes":{"align":"center","size":"large"}}]},"rType":"richtext"},"img":{"filt":{"opac":100,"gray":0,"blur":0,"tint":{"rgb":"#FFF","opac":0}},"pos":{"type":"fit","fit":{"bg":{"color":{"rgb":"#FFF","opac":100}},"vali":"bottom","hali":"center"},"crop":{"bg":{"color":{"rgb":"#FFF","opac":0}},"poi":{"x":707,"y":1008.5}},"mask":{"shape":1}},"measures":{"size":{"width":1414,"height":2000}},"orig":{"rType":"asset","rSubType":"image","fileName":"COLORES (4).png","fileSize":98589,"val":"mc-43d43e0b7addf4e6b23ce2a129393ce8.png","aid":"1DpcEzoW1"}},"hali":""},"back":{"selectedKey":"fill","fill":{"opac":1,"rgb":"var(--TC5)"},"txt":{"val":{"ops":[{"insert":"\n","attributes":{"size":"huge","align":"center"}},{"insert":"TURQUOISE","attributes":{"script":"super","bold":true,"color":"var(--TC14)"}},{"insert":"\n","attributes":{"size":"huge","align":"center"}}]},"rType":"richtext"},"hali":"","vali":"middle"}}},"Vqlm5eIUtk":{"id":"Vqlm5eIUtk","type":"interactive","subtype":"interactiveCard","setup":{"animation":{"selectedKey":"rotateH"},"front":{"selectedKey":"image","fill":{"opac":1,"rgb":"#FFF"},"txt":{"val":{"ops":[{"insert":"VERDE","attributes":{"color":"#1d1d1d","bold":true}},{"insert":"\n","attributes":{"align":"center","size":"large"}}]},"rType":"richtext"},"img":{"filt":{"opac":100,"gray":0,"blur":0,"tint":{"rgb":"#FFF","opac":0}},"pos":{"type":"fit","fit":{"bg":{"color":{"rgb":"#FFF","opac":100}},"vali":"bottom","hali":"center"},"crop":{"bg":{"color":{"rgb":"#FFF","opac":0}},"poi":{"x":707,"y":1008.5}},"mask":{"shape":1}},"measures":{"size":{"width":1414,"height":2000}},"orig":{"rType":"asset","rSubType":"image","fileName":"COLORES (8).png","fileSize":103387,"val":"mc-899520e683c157a17cad247f5a5f7251.png","aid":"_sTgBUyB7"}},"hali":""},"back":{"selectedKey":"fill","fill":{"opac":1,"rgb":"var(--TC5)"},"txt":{"val":{"ops":[{"attributes":{"size":"huge","align":"center"},"insert":"\n"},{"insert":"GREEN","attributes":{"color":"var(--TC14)","bold":true}},{"insert":"\n","attributes":{"size":"huge","align":"center"}},{"insert":"\n","attributes":{"size":"huge"}}]},"rType":"richtext"},"vali":"middle"}}},"wxY5TOUN2p":{"id":"wxY5TOUN2p","type":"interactive","subtype":"interactiveCard","setup":{"animation":{"selectedKey":"rotateH"},"front":{"selectedKey":"image","fill":{"opac":1,"rgb":"var(--TC3)"},"txt":{"val":{"ops":[{"insert":"       ","attributes":{"color":"#1d1d1d","bold":true}},{"insert":"VERDE           CLARO","attributes":{"background":"var(--TC14)","color":"#1d1d1d","bold":true}},{"insert":" ","attributes":{"color":"#1d1d1d","bold":true}},{"insert":"\n","attributes":{"align":"center","size":"large"}},{"insert":"\n"}]},"rType":"richtext"},"img":{"filt":{"opac":100,"gray":0,"blur":0,"tint":{"rgb":"#FFF","opac":0}},"pos":{"type":"fit","fit":{"bg":{"color":{"rgb":"#FFF","opac":100}},"vali":"bottom","hali":"center"},"crop":{"bg":{"color":{"rgb":"#FFF","opac":0}},"poi":{"x":707,"y":1008.5}},"mask":{"shape":1}},"measures":{"size":{"width":1414,"height":2000}},"orig":{"rType":"asset","rSubType":"image","fileName":"COLORES (7).png","fileSize":96784,"val":"mc-e4083a43b16f3a6cf2a7e011d642dc66.png","aid":"6XMml10r0"}}},"back":{"selectedKey":"fill","fill":{"opac":1,"rgb":"var(--TC5)"},"txt":{"val":{"ops":[{"attributes":{"size":"huge","align":"center"},"insert":"\n"},{"insert":"LIGHT GREEN","attributes":{"color":"var(--TC14)","bold":true}},{"insert":"\n\n","attributes":{"size":"huge","align":"center"}}]},"rType":"richtext"},"hali":"","vali":"middle"}}},"XOf8hchy0M":{"id":"XOf8hchy0M","type":"interactive","subtype":"interactiveRichText","setup":{"frmeTp":{"selectedKey":"noneFrame"},"bg":{"fill":{"opac":0,"rgb":"#FFF"}},"txt":{"val":{"ops":[{"attributes":{"align":"center","size":"hugeTitle"},"insert":"\n"},{"insert":"   THE COLORS  ","attributes":{"color":"#ffffff","background":"#4db30c","bold":true}},{"insert":"\n","attributes":{"align":"center","size":"hugeTitle"}},{"insert":"\n"}]},"rType":"richtext"}}},"PfP7gy4jUc":{"id":"PfP7gy4jUc","type":"interactive","subtype":"interactiveCard","setup":{"animation":{"selectedKey":"fade"},"front":{"selectedKey":"fill","fill":{"opac":0.95,"rgb":"var(--TC3)"},"img":{"filt":{"opac":100,"gray":0,"blur":0,"tint":{"rgb":"#e50a4f","opac":0}},"pos":{"type":"crop","fit":{"bg":{"color":{"rgb":"#FFF","opac":100}},"vali":"center","hali":"center"},"crop":{"poi":{"x":552,"y":360}}},"measures":{"size":{"width":1080,"height":720}}},"txt":{"rType":"richtext","val":{"ops":[{"insert":"Our Item 6","attributes":{"color":"var(--TC1)","bold":true}},{"insert":"\n","attributes":{"align":"center","size":"large"}}]}},"rType":"richtext","hali":"","vali":"middle","paddV1":10},"back":{"selectedKey":"fill","fill":{"opac":0.5,"rgb":"var(--TC2)"},"img":{"filt":{"opac":100,"gray":100,"blur":0,"tint":{"rgb":"#fff","opac":0.9}},"pos":{"type":"crop","fit":{"bg":{"color":{"rgb":"#FFF","opac":100}},"vali":"center","hali":"center"},"crop":{"poi":{"x":552,"y":360}}},"measures":{"size":{"width":1080,"height":720}}},"rType":"richtext","vali":"top","txt":{"rType":"richtext","val":{"ops":[{"insert":"We want to know why your idea makes sense, why it's  going to be a success, why a user would be interested on it. Once at this point, our strategy experts will challenge the limits and create intuitive, simple and beautiful designs.","attributes":{"color":"var(--TC3)"}},{"insert":"\n","attributes":{"size":"normal"}}]}},"paddV1":15,"hali":""}}},"K8BLECbrrj":{"id":"K8BLECbrrj","type":"interactive","subtype":"interactiveCard","setup":{"animation":{"selectedKey":"rotateH"},"front":{"selectedKey":"image","fill":{"opac":1,"rgb":"#FFF"},"txt":{"val":{"ops":[{"insert":"AMARILLO","attributes":{"bold":true,"color":"#1d1d1d"}},{"insert":"\n","attributes":{"align":"center","size":"large"}}]},"rType":"richtext"},"img":{"filt":{"opac":100,"gray":0,"blur":0,"tint":{"rgb":"#FFF","opac":0}},"pos":{"type":"fit","fit":{"bg":{"color":{"rgb":"#FFF","opac":100}},"vali":"bottom","hali":"center"},"crop":{"bg":{"color":{"rgb":"#FFF","opac":0}},"poi":{"x":707,"y":1008.5}},"mask":{"shape":1}},"measures":{"size":{"width":1414,"height":2000}},"orig":{"rType":"asset","rSubType":"image","fileName":"COLORES (3).png","fileSize":83179,"val":"mc-6a96f3edb18e829682376d3efbf15476.png","aid":"Sjb1MYhy3"}},"hali":""},"back":{"selectedKey":"fill","fill":{"opac":1,"rgb":"var(--TC5)"},"txt":{"val":{"ops":[{"attributes":{"bold":true,"color":"var(--TC14)"},"insert":"YELLOW"},{"insert":"\n","attributes":{"size":"huge","align":"center"}}]},"rType":"richtext"},"hali":"","vali":"middle"}}}},"v":"1"}