{"i":{"55Sxr2Dzk8":{"id":"55Sxr2Dzk8","type":"slide","setup":{"bg":{"selectedKey":"image","fill":{"opac":1,"rgb":"var(--TC3)"},"img":{"filt":{"opac":100,"gray":0,"blur":0,"tint":{"rgb":"var(--TC3)","opac":0,"blendMode":"multiply"}},"pos":{"type":"crop","fit":{"bg":{"color":{"rgb":"#FFF","opac":100}},"vali":"center","hali":"center"},"crop":{"poi":{"x":828,"y":540}}},"measures":{"size":{"width":1924,"height":1080}},"orig":{"rType":"asset","rSubType":"image","fileName":"colores-fondo-madera.jpg","fileSize":423261,"aid":"0RpO5mo171","val":"mc-9895bba3e71afb2e4be28b72fd3661d9.jpg"}}},"transparentBg":{"selectedKey":false},"bord":{"size":10,"rad":10}}},"FF1EE7U9-d":{"id":"FF1EE7U9-d","type":"interactive","subtype":"interactiveRichText","setup":{"frmeTp":{"selectedKey":"noneFrame"},"bg":{"fill":{"opac":0,"rgb":"#FFF"}},"txt":{"val":{"ops":[{"attributes":{"align":"center","size":"hugeTitle"},"insert":"\n"},{"insert":"   THE COLORS  ","attributes":{"color":"#ffffff","background":"#4db30c","bold":true}},{"insert":"\n","attributes":{"align":"center","size":"hugeTitle"}},{"insert":"\n"}]},"rType":"richtext"}}},"bC_TA7RVA6":{"id":"bC_TA7RVA6","type":"interactive","subtype":"interactiveCard","setup":{"animation":{"selectedKey":"rotateH"},"front":{"selectedKey":"image","fill":{"opac":1,"rgb":"#FFF"},"txt":{"val":{"ops":[{"insert":"MARRÓN","attributes":{"color":"#1d1d1d","bold":true}},{"insert":"\n","attributes":{"align":"center","size":"large"}}]},"rType":"richtext"},"img":{"filt":{"opac":100,"gray":0,"blur":0,"tint":{"rgb":"#FFF","opac":0}},"pos":{"type":"fit","fit":{"bg":{"color":{"rgb":"#FFF","opac":100}},"vali":"bottom","hali":"center"},"crop":{"bg":{"color":{"rgb":"#FFF","opac":0}},"poi":{"x":707,"y":1008.5}},"mask":{"shape":1}},"measures":{"size":{"width":1414,"height":2000}},"orig":{"rType":"asset","rSubType":"image","fileName":"COLORES (16).png","fileSize":105435,"val":"mc-cbdee04f0bfd24dc8f5106104abbfa5f.png","aid":"0NNaTmmZI"}},"hali":""},"back":{"selectedKey":"fill","fill":{"opac":1,"rgb":"var(--TC5)"},"txt":{"val":{"ops":[{"attributes":{"bold":true,"color":"var(--TC14)"},"insert":"BROWN"},{"insert":"\n","attributes":{"size":"huge","align":"center"}}]},"rType":"richtext"},"hali":"","vali":"middle"}}},"ajKNBEV4m1":{"id":"ajKNBEV4m1","type":"interactive","subtype":"interactiveCard","setup":{"animation":{"selectedKey":"rotateH"},"front":{"selectedKey":"image","fill":{"opac":1,"rgb":"var(--TC3)"},"txt":{"val":{"ops":[{"insert":"FUCSIA","attributes":{"color":"#1d1d1d","bold":true}},{"insert":"\n","attributes":{"align":"center","size":"large"}}]},"rType":"richtext"},"img":{"filt":{"opac":100,"gray":0,"blur":0,"tint":{"rgb":"#FFF","opac":0}},"pos":{"type":"fit","fit":{"bg":{"color":{"rgb":"#FFF","opac":100}},"vali":"bottom","hali":"center"},"crop":{"bg":{"color":{"rgb":"#FFF","opac":0}},"poi":{"x":707,"y":1008.5}},"mask":{"shape":1}},"measures":{"size":{"width":1414,"height":2000}},"orig":{"rType":"asset","rSubType":"image","fileName":"COLORES (15).png","fileSize":94958,"val":"mc-c20a58c4559806b762bfe599289737e6.png","aid":"BHVFxwa6U"}},"hali":""},"back":{"selectedKey":"fill","fill":{"opac":1,"rgb":"var(--TC5)"},"txt":{"val":{"ops":[{"attributes":{"bold":true,"color":"var(--TC14)"},"insert":"FUCHSIA"},{"insert":"\n","attributes":{"size":"huge","align":"center"}}]},"rType":"richtext"},"hali":"","vali":"middle"}}},"QNC9eIYVUU":{"id":"QNC9eIYVUU","type":"interactive","subtype":"interactiveCard","setup":{"animation":{"selectedKey":"rotateH"},"front":{"selectedKey":"image","fill":{"opac":1,"rgb":"#FFF"},"txt":{"val":{"ops":[{"insert":"GRIS","attributes":{"color":"#1d1d1d","bold":true}},{"insert":"\n","attributes":{"align":"center","size":"large"}}]},"rType":"richtext"},"img":{"filt":{"opac":100,"gray":0,"blur":0,"tint":{"rgb":"#FFF","opac":0}},"pos":{"type":"fit","fit":{"bg":{"color":{"rgb":"#FFF","opac":100}},"vali":"bottom","hali":"center"},"crop":{"bg":{"color":{"rgb":"#FFF","opac":0}},"poi":{"x":707,"y":1008.5}},"mask":{"shape":1}},"measures":{"size":{"width":1414,"height":2000}},"orig":{"rType":"asset","rSubType":"image","fileName":"COLORES (12).png","fileSize":92814,"val":"mc-f3d192a2581802a7a58ee743a6c9e89f.png","aid":"lIvGRWLZd"}},"hali":""},"back":{"selectedKey":"fill","fill":{"opac":1,"rgb":"var(--TC5)"},"txt":{"val":{"ops":[{"attributes":{"bold":true,"color":"var(--TC14)"},"insert":"GRAY"},{"insert":"\n","attributes":{"size":"huge","align":"center"}}]},"rType":"richtext"},"hali":"","vali":"middle"}}},"H_7SRy6rjCG":{"id":"H_7SRy6rjCG","type":"interactive","subtype":"interactiveCard","setup":{"animation":{"selectedKey":"fade"},"front":{"selectedKey":"fill","fill":{"opac":0.95,"rgb":"var(--TC3)"},"img":{"filt":{"opac":100,"gray":0,"blur":0,"tint":{"rgb":"#e50a4f","opac":0}},"pos":{"type":"crop","fit":{"bg":{"color":{"rgb":"#FFF","opac":100}},"vali":"center","hali":"center"},"crop":{"poi":{"x":552,"y":360}}},"measures":{"size":{"width":1080,"height":720}}},"txt":{"rType":"richtext","val":{"ops":[{"insert":"Our Item 6","attributes":{"color":"var(--TC1)","bold":true}},{"insert":"\n","attributes":{"align":"center","size":"large"}}]}},"rType":"richtext","hali":"","vali":"middle","paddV1":10},"back":{"selectedKey":"fill","fill":{"opac":0.5,"rgb":"var(--TC2)"},"img":{"filt":{"opac":100,"gray":100,"blur":0,"tint":{"rgb":"#fff","opac":0.9}},"pos":{"type":"crop","fit":{"bg":{"color":{"rgb":"#FFF","opac":100}},"vali":"center","hali":"center"},"crop":{"poi":{"x":552,"y":360}}},"measures":{"size":{"width":1080,"height":720}}},"rType":"richtext","vali":"top","txt":{"rType":"richtext","val":{"ops":[{"insert":"We want to know why your idea makes sense, why it's  going to be a success, why a user would be interested on it. Once at this point, our strategy experts will challenge the limits and create intuitive, simple and beautiful designs.","attributes":{"color":"var(--TC3)"}},{"insert":"\n","attributes":{"size":"normal"}}]}},"paddV1":15,"hali":""}}},"8hYNogkhPp":{"id":"8hYNogkhPp","type":"interactive","subtype":"interactiveCard","setup":{"animation":{"selectedKey":"rotateH"},"front":{"selectedKey":"image","fill":{"opac":1,"rgb":"#FFF"},"txt":{"val":{"ops":[{"insert":"ROSADO","attributes":{"color":"#1d1d1d","bold":true}},{"insert":"\n","attributes":{"align":"center","size":"large"}}]},"rType":"richtext"},"img":{"filt":{"opac":100,"gray":0,"blur":0,"tint":{"rgb":"#FFF","opac":0}},"pos":{"type":"fit","fit":{"bg":{"color":{"rgb":"#FFF","opac":100}},"vali":"bottom","hali":"center"},"crop":{"bg":{"color":{"rgb":"#FFF","opac":0}},"poi":{"x":707,"y":1008.5}},"mask":{"shape":1}},"measures":{"size":{"width":1414,"height":2000}},"orig":{"rType":"asset","rSubType":"image","fileName":"COLORES (14).png","fileSize":86654,"val":"mc-ba0e0f8ffc3f24f0bd3a8d36b20b666d.png","aid":"HA-NPx7RO"}},"hali":""},"back":{"selectedKey":"fill","fill":{"opac":1,"rgb":"var(--TC5)"},"txt":{"val":{"ops":[{"attributes":{"align":"center","size":"huge"},"insert":"\n"},{"attributes":{"color":"var(--TC14)","bold":true},"insert":"PINK"},{"insert":"\n\n","attributes":{"align":"center","size":"huge"}}]},"rType":"richtext"},"vali":"middle","hali":""}}}},"v":"1"}