[{"rType":"asset","rSubType":"image","fileName":"f_OMBLIGO.png","fileSize":688494,"val":"mc-82e7885e9d17514ebddd9271d0a49aa6.png","aid":"M42UbU3co","size":688494},{"rType":"asset","rSubType":"audio","fileName":"belly bottom .m4a","fileSize":65689,"val":"mc-071ee0bda7effd1c6f48db33ebea483c.m4a","aid":"xWVNM3RsB","size":65689},{"rType":"asset","rSubType":"image","fileName":"F_MANO.png","fileSize":111786,"val":"mc-b3d2314865d4ceccd45580e963e0fa59.png","aid":"yCQTLbrQ0","size":111786},{"rType":"asset","rSubType":"audio","fileName":"hand.m4a","fileSize":51353,"val":"mc-f39cbf7f3ac30248dd5427ab8ca7381e.m4a","aid":"TO5Fa4uE_","size":51353},{"rType":"asset","rSubType":"image","fileName":"F_LENGUA.png","fileSize":826891,"val":"mc-98c8dcaced1385b5492f6d9bd901484f.png","aid":"hh-SckRr2","size":826891},{"rType":"asset","rSubType":"audio","fileName":"tongue.m4a","fileSize":75751,"val":"mc-57dd102bfb3cca3bdb0d6ab9f2bc1b50.m4a","aid":"BAXs6uWLI","size":75751},{"rType":"asset","rSubType":"image","fileName":"F_ESTOMAGO.png","fileSize":284597,"val":"mc-d327bcbbd32c85d25c1e74439b640474.png","aid":"py_n57X_U","size":284597},{"rType":"asset","rSubType":"audio","fileName":"stomach.m4a","fileSize":70172,"val":"mc-a45829e885d683389a19e39399398616.m4a","aid":"Ht3_eJ2UP","size":70172},{"rType":"asset","rSubType":"image","fileName":"F_CABELLO.png","fileSize":431395,"val":"mc-b6966e172f9bbf8a89d407233fe01c9b.png","aid":"ROzOWB7dv","size":431395},{"rType":"asset","rSubType":"audio","fileName":"hair.m4a","fileSize":55449,"val":"mc-433cea32c58d6b305dbd49563fd21c5b.m4a","aid":"Oum3bM-Pa","size":55449},{"rType":"asset","rSubType":"image","fileName":"F_LABIOS.png","fileSize":519060,"val":"mc-1f6658b315b34b5935c34f92a2141626.png","aid":"CdvopMNvW","size":519060},{"rType":"asset","rSubType":"audio","fileName":"lips.m4a","fileSize":48281,"val":"mc-eaa76794c72c59969e6fd7ce1866f5de.m4a","aid":"2qVCJH-lU","size":48281},{"rType":"asset","rSubType":"image","fileName":"F_CODO.png","fileSize":473729,"val":"mc-2c5a5c71cbfb1912b9c5460037f1261e.png","aid":"cJCfysDEI","size":473729},{"rType":"asset","rSubType":"audio","fileName":"elbow.m4a","fileSize":49305,"val":"mc-5c1ee0e38ff935ca392fa52281e0c0e9.m4a","aid":"CZehsYmw6","size":49305},{"rType":"asset","rSubType":"image","fileName":"F_PESTAÑAS.png","fileSize":978628,"val":"mc-c3f486130ea658944c176149498dc867.png","aid":"kl53kxRMw","size":978628},{"rType":"asset","rSubType":"audio","fileName":"eyelashes.m4a","fileSize":66713,"val":"mc-4c463bf2c7ed85105746e0b2ca2db421.m4a","aid":"zRHYn0Z_S","size":66713},{"rType":"asset","rSubType":"image","fileName":"unsplash.jpg","fileSize":0,"val":"mc-fef853b1973cd84967676d07de4c2d05.jpg","aid":"fOm_QgFYNR","size":128849},{"rType":"asset","rSubType":"image","fileName":"unsplash.jpg","fileSize":0,"val":"mc-2bdf984123efbaf1c6a58561c28ae404.jpg","aid":"S6W-keQ-j6","size":1095400},{"rType":"asset","rSubType":"image","fileName":"F_NARIZ.png","fileSize":409681,"val":"mc-56bf50dbdad701a758eeb901ca48f2bb.png","aid":"1-_DZ76Bm","size":409681},{"rType":"asset","rSubType":"audio","fileName":"nouse.m4a","fileSize":64665,"val":"mc-2f81c0a3c2bc04d44da545de86a5372e.m4a","aid":"_xlo8buqW","size":64665},{"rType":"asset","rSubType":"image","fileName":"F_CARA.png","fileSize":273516,"val":"mc-e903299e30dcdb01298703a791be2bab.png","aid":"35JiqjYgz","size":273516},{"rType":"asset","rSubType":"audio","fileName":"Face.m4a","fileSize":82959,"val":"mc-dd3dd070cd2d80241992aa270e5e4d3e.m4a","aid":"sPH3XtRRK","size":82959},{"rType":"asset","rSubType":"image","fileName":"F_DEDO.png","fileSize":165470,"val":"mc-9cf5171d055d28ed92b6993b7e12de90.png","aid":"B1OE7DYbx","size":165470},{"rType":"asset","rSubType":"audio","fileName":"finger.m4a","fileSize":65689,"val":"mc-d89d484c7a367313157e09b2e66a64ac.m4a","aid":"1pfPWIO2u","size":65689},{"rType":"asset","rSubType":"image","fileName":"F_CEJA.png","fileSize":1066708,"val":"mc-f53420111b348a0c80a48849b7aee90c.png","aid":"4I08nk6ma","size":1066708},{"rType":"asset","rSubType":"audio","fileName":"eyebrow.m4a","fileSize":61593,"val":"mc-d1a2c09c2c74054db881558640c43cea.m4a","aid":"mQvFnvwNN","size":61593},{"rType":"asset","rSubType":"image","fileName":"F_DIENTE.png","fileSize":398511,"val":"mc-a69917f12563191dc0f3f88f0f2f01ea.png","aid":"a5UubTouF","size":398511},{"rType":"asset","rSubType":"audio","fileName":"tooth.m4a","fileSize":57497,"val":"mc-d191f12d4dec2e5db916839241107baa.m4a","aid":"3S0rTg-Tm","size":57497},{"rType":"asset","rSubType":"image","fileName":"F_ BOCA.png","fileSize":855359,"val":"mc-7815573dd219598f22744770911dc88b.png","aid":"P4IS2UGvA","size":855359},{"rType":"asset","rSubType":"audio","fileName":"mouth.m4a","fileSize":70667,"val":"mc-08a1779e482a68d2c121c2d3b5188370.m4a","aid":"6arAbYi6h","size":70667},{"rType":"asset","rSubType":"image","fileName":"DINNING ROOM (1).png","fileSize":517127,"val":"mc-2a98bb7e70c1181db4b88dc439f81486.png","aid":"N_iUeoBvl","size":517127},{"rType":"asset","rSubType":"audio","fileName":"nail.m4a","fileSize":60569,"val":"mc-12373a1c97208b0515358aca84832e88.m4a","aid":"svEx-J38n","size":60569},{"rType":"asset","rSubType":"image","fileName":"F_PECHO.png","fileSize":594543,"val":"mc-e6cc3d68dd06fc6f89044ee196649493.png","aid":"bbim_W_Oy","size":594543},{"rType":"asset","rSubType":"audio","fileName":"chest.m4a","fileSize":65689,"val":"mc-d78f7c74b7411909da562185bf739cf1.m4a","aid":"bLxNc5R9o","size":65689},{"rType":"asset","rSubType":"image","fileName":"F_OJO.png","fileSize":518928,"val":"mc-578a32b40967b19c4b30dff1d2c05f42.png","aid":"hmccfREPw","size":518928},{"rType":"asset","rSubType":"audio","fileName":"eye.m4a","fileSize":60569,"val":"mc-8d09ae9ba2cf9927ced6eaf21bcf47e6.m4a","aid":"NH1OiziF_","size":60569}]