<?xml version="1.0" encoding="UTF-8"?>
<!-- Generated by JClic - https://projectestac.github.io/jclic -->
<manifest identifier="JClic-76E10F" version="1.0" xmlns="http://www.imsproject.org/xsd/imscp_rootv1p1p2" xmlns:adlcp="http://www.adlnet.org/xsd/adlcp_rootv1p2" xmlns:xsi="http://www.w3.org/2001/XMLSchema-instance" xsi:schemaLocation= "http://www.imsproject.org/xsd/imscp_rootv1p1p2 imscp_rootv1p1p2.xsd http://www.imsglobal.org/xsd/imsmd_rootv1p2p1 imsmd_rootv1p2p1.xsd http://www.adlnet.org/xsd/adlcp_rootv1p2 adlcp_rootv1p2.xsd">
 <metadata> 
  <schema>ADL SCORM</schema>
  <schemaversion>1.2</schemaversion>
 </metadata> 
 <organizations default="JClic">  
  <organization identifier="JClic">  
   <title>los utiles1</title>
   <item identifier="ITEM_JClic-76E10F" identifierref="RES_JClic-76E10F">
    <title>los utiles1</title>
   </item>
  </organization>
 </organizations>
 <resources>
  <resource identifier="RES_JClic-76E10F" type="webcontent" href="/index.html" adlcp:scormtype="sco"> 
   <file href="4103239-resized.jpg"/>
   <file href="board.mp3"/>
   <file href="crayon.mp3"/>
   <file href="desk.mp3"/>
   <file href="eraser.mp3"/>
   <file href="favicon.ico"/>
   <file href="glue_stick.mp3"/>
   <file href="icon-192.png"/>
   <file href="icon-72.png"/>
   <file href="image__58_-resized1.jpg"/>
   <file href="image__60_-resized1.jpg"/>
   <file href="image__61_-resized1.jpg"/>
   <file href="image__62_-resized1.jpg"/>
   <file href="image__63_-resized1.jpg"/>
   <file href="image__64_-resized1.jpg"/>
   <file href="imsmanifest.xml"/>
   <file href="index.html"/>
   <file href="letrero_de_informacion-resized.jpg"/>
   <file href="los_utiles1.jclic"/>
   <file href="los_utiles1.jclic.js"/>
   <file href="project-cover.jpg"/>
   <file href="project-thumb.jpg"/>
   <file href="project.json"/>
   <file href="sharpenes.mp3"/>
   <file href="utiles__10_-resized1.jpg"/>
   <file href="utiles__11_-resized1.jpg"/>
   <file href="utiles__12_-resized1.jpg"/>
   <file href="utiles__13_-resized1.jpg"/>
   <file href="utiles__14_-resized1.jpg"/>
   <file href="utiles__9_-resized1.jpg"/>
  </resource>
 </resources>
</manifest>