[{"rType":"asset","rSubType":"image","fileName":"TRANSPORTE (2).png","fileSize":793436,"val":"mc-7395f8f032206c4b00b57e41805cbf5e.png","aid":"uBefmy55e","size":793436},{"rType":"asset","rSubType":"audio","fileName":"16.4canoe.mp3","fileSize":19087,"val":"mc-e76b4b8948c44ec1808a0bef44453fe4.mp3","aid":"alh9FDedM","size":19087},{"rType":"asset","rSubType":"image","fileName":"TRANSPORTE.png","fileSize":901600,"val":"mc-0797b12385a562af4fa63d456f87cf1a.png","aid":"yUPYeWY9p","size":901600},{"rType":"asset","rSubType":"audio","fileName":"16.1sailboat.mp3","fileSize":34087,"val":"mc-1d7940daa4a74439ca97e0b627251f10.mp3","aid":"xC0N1at6T","size":34087},{"rType":"asset","rSubType":"image","fileName":"TRANSPORTE (1).png","fileSize":719746,"val":"mc-b07b1f2d18320d2d85b23301208df8c1.png","aid":"SrUgdfD4Q","size":719746},{"rType":"asset","rSubType":"audio","fileName":"16.3yacht.mp3","fileSize":17671,"val":"mc-ef688d0b5d1c67d5a93ee9a7b49900e2.mp3","aid":"pab0iGjs0","size":17671},{"rType":"asset","rSubType":"image","fileName":"portada iseazy (1).png","fileSize":174034,"val":"mc-dc11a2cfcfbe433c8da3aabdc8a92820.png","aid":"NFQKtObRk","size":174034},{"rType":"asset","rSubType":"image","fileName":"unsplash.jpg","fileSize":0,"val":"mc-2bdf984123efbaf1c6a58561c28ae404.jpg","aid":"7f_6vFEbj9","size":1095400},{"rType":"asset","rSubType":"image","fileName":"TRASPORTE2.png","fileSize":595587,"val":"mc-2fc1b31efa6db0802314a178ac20f58a.png","aid":"agSYStcny","size":595587},{"rType":"asset","rSubType":"audio","fileName":"16.2submarine.mp3","fileSize":25399,"val":"mc-7af851cbe1817e821dc4d0e66c747ae8.mp3","aid":"7-qFDii2a","size":25399},{"rType":"asset","rSubType":"image","fileName":"TRANSPORTE (4).png","fileSize":1099958,"val":"mc-7e08796fde11251450d2a99d8fc0e72f.png","aid":"6VsPWAH8v","size":1099958},{"rType":"asset","rSubType":"audio","fileName":"16.6jet ski.mp3","fileSize":30151,"val":"mc-3af1de5061287d982872181b344d8d3b.mp3","aid":"yDRAlTFVN","size":30151},{"rType":"asset","rSubType":"image","fileName":"TRANSPORTE (3).png","fileSize":611051,"val":"mc-54732c018daf4e77cbfe930ba4013aa5.png","aid":"hQESSjzRh","size":611051},{"rType":"asset","rSubType":"audio","fileName":"16.5gondola.mp3","fileSize":29023,"val":"mc-f5c34a08dc8fc05e0d7dc77ae9eb0df8.mp3","aid":"n5tlYl_QK","size":29023}]