{"i":{"E2H5KQ8tX":{"id":"E2H5KQ8tX","type":"slide","setup":{"bord":{"size":10,"rad":10},"bg":{"selectedKey":"fill","fill":{"opac":1,"rgb":"#ff0000"}},"transparentBg":{"selectedKey":false}}},"pagjr4Dcd6":{"id":"pagjr4Dcd6","type":"interactive","subtype":"interactivePodCast","setup":{"bg":{"selectedKey":"image","fill":{"opac":1,"rgb":"#FFF"},"img":{"filt":{"opac":100,"gray":0,"blur":0,"tint":{"rgb":"#FFF","opac":0}},"pos":{"type":"fit","fit":{"bg":{"color":{"rgb":"#FFF","opac":100}},"vali":"center","hali":"center"},"crop":{"bg":{"color":{"rgb":"#FFF","opac":0}},"poi":{"x":1122.5,"y":1739.5}},"mask":{"shape":1}},"measures":{"size":{"width":2245,"height":3179}},"orig":{"rType":"asset","rSubType":"image","fileName":"TRANSPORTE (2).png","fileSize":793436,"val":"mc-7395f8f032206c4b00b57e41805cbf5e.png","aid":"uBefmy55e"}}},"audio":{"orig":{"rType":"asset","rSubType":"audio","fileName":"16.4canoe.mp3","fileSize":19087,"val":"mc-e76b4b8948c44ec1808a0bef44453fe4.mp3","aid":"alh9FDedM"}}}},"I6CC4jM-9L":{"id":"I6CC4jM-9L","type":"interactive","subtype":"interactivePodCast","setup":{"bg":{"selectedKey":"image","fill":{"opac":1,"rgb":"#FFF"},"img":{"filt":{"opac":100,"gray":0,"blur":0,"tint":{"rgb":"#FFF","opac":0}},"pos":{"type":"fit","fit":{"bg":{"color":{"rgb":"#FFF","opac":100}},"vali":"center","hali":"center"},"crop":{"bg":{"color":{"rgb":"#FFF","opac":0}},"poi":{"x":1122.5,"y":1600.5}},"mask":{"shape":1}},"measures":{"size":{"width":2245,"height":3179}},"orig":{"rType":"asset","rSubType":"image","fileName":"TRANSPORTE (4).png","fileSize":1099958,"val":"mc-7e08796fde11251450d2a99d8fc0e72f.png","aid":"6VsPWAH8v"}}},"audio":{"orig":{"rType":"asset","rSubType":"audio","fileName":"16.6jet ski.mp3","fileSize":30151,"val":"mc-3af1de5061287d982872181b344d8d3b.mp3","aid":"yDRAlTFVN"}}}},"Mr8ths8XEt":{"id":"Mr8ths8XEt","type":"interactive","subtype":"interactiveRichText","setup":{"frmeTp":{"selectedKey":"noneFrame"},"bg":{"fill":{"opac":0,"rgb":"#FFF"}},"txt":{"val":{"ops":[{"insert":"MEANS OF WATER TRANSPORT","attributes":{"color":"var(--TC2)","bold":true}},{"insert":"\n","attributes":{"size":"huge","align":"center"}}]},"rType":"richtext"},"hali":"","vali":"middle"}},"QNnBte9Y2N":{"id":"QNnBte9Y2N","type":"interactive","subtype":"interactivePodCast","setup":{"bg":{"selectedKey":"image","fill":{"opac":1,"rgb":"#FFF"},"img":{"filt":{"opac":100,"gray":0,"blur":0,"tint":{"rgb":"#FFF","opac":0}},"pos":{"type":"fit","fit":{"bg":{"color":{"rgb":"#FFF","opac":100}},"vali":"center","hali":"center"},"crop":{"bg":{"color":{"rgb":"#FFF","opac":0}},"poi":{"x":1122.5,"y":841.5}},"mask":{"shape":1}},"measures":{"size":{"width":2245,"height":3179}},"orig":{"rType":"asset","rSubType":"image","fileName":"TRANSPORTE (3).png","fileSize":611051,"val":"mc-54732c018daf4e77cbfe930ba4013aa5.png","aid":"hQESSjzRh"}}},"audio":{"orig":{"rType":"asset","rSubType":"audio","fileName":"16.5gondola.mp3","fileSize":29023,"val":"mc-f5c34a08dc8fc05e0d7dc77ae9eb0df8.mp3","aid":"n5tlYl_QK"}}}}},"v":"1"}