{"i":{"TLpEBoV6G":{"id":"TLpEBoV6G","type":"slide","setup":{"bord":{"size":10,"rad":10},"bg":{"selectedKey":"fill","fill":{"opac":1,"rgb":"#0000ff"}},"transparentBg":{"selectedKey":false}}},"LehdOHsR4":{"id":"LehdOHsR4","type":"interactive","subtype":"interactivePodCast","setup":{"bg":{"selectedKey":"image","fill":{"opac":1,"rgb":"#FFF"},"img":{"filt":{"opac":100,"gray":0,"blur":0,"tint":{"rgb":"#FFF","opac":0}},"pos":{"type":"fit","fit":{"bg":{"color":{"rgb":"#FFF","opac":100}},"vali":"center","hali":"center"},"crop":{"bg":{"color":{"rgb":"#FFF","opac":0}},"poi":{"x":1122.5,"y":1739.5}},"mask":{"shape":1}},"measures":{"size":{"width":2245,"height":3179}},"orig":{"rType":"asset","rSubType":"image","fileName":"TRANSPORTE.png","fileSize":901600,"val":"mc-0797b12385a562af4fa63d456f87cf1a.png","aid":"yUPYeWY9p"}}},"audio":{"orig":{"rType":"asset","rSubType":"audio","fileName":"16.1sailboat.mp3","fileSize":34087,"val":"mc-1d7940daa4a74439ca97e0b627251f10.mp3","aid":"xC0N1at6T"}}}},"ueOVB2L3Z":{"id":"ueOVB2L3Z","type":"interactive","subtype":"interactivePodCast","setup":{"bg":{"selectedKey":"image","fill":{"opac":1,"rgb":"#FFF"},"img":{"filt":{"opac":100,"gray":0,"blur":0,"tint":{"rgb":"#FFF","opac":0}},"pos":{"type":"fit","fit":{"bg":{"color":{"rgb":"#FFF","opac":100}},"vali":"center","hali":"center"},"crop":{"bg":{"color":{"rgb":"#FFF","opac":0}},"poi":{"x":1122.5,"y":1739.5}},"mask":{"shape":1}},"measures":{"size":{"width":2245,"height":3179}},"orig":{"rType":"asset","rSubType":"image","fileName":"TRANSPORTE (1).png","fileSize":719746,"val":"mc-b07b1f2d18320d2d85b23301208df8c1.png","aid":"SrUgdfD4Q"}}},"audio":{"orig":{"rType":"asset","rSubType":"audio","fileName":"16.3yacht.mp3","fileSize":17671,"val":"mc-ef688d0b5d1c67d5a93ee9a7b49900e2.mp3","aid":"pab0iGjs0"}}}},"MDRHB-b08":{"id":"MDRHB-b08","type":"interactive","subtype":"interactivePodCast","setup":{"bg":{"selectedKey":"image","fill":{"opac":1,"rgb":"#FFF"},"img":{"filt":{"opac":100,"gray":0,"blur":0,"tint":{"rgb":"#FFF","opac":0}},"pos":{"type":"fit","fit":{"bg":{"color":{"rgb":"#FFF","opac":100}},"vali":"center","hali":"center"},"crop":{"bg":{"color":{"rgb":"#FFF","opac":0}},"poi":{"x":1122.5,"y":1670.5}},"mask":{"shape":1}},"measures":{"size":{"width":2245,"height":3179}},"orig":{"rType":"asset","rSubType":"image","fileName":"TRASPORTE2.png","fileSize":595587,"val":"mc-2fc1b31efa6db0802314a178ac20f58a.png","aid":"agSYStcny"}}},"audio":{"orig":{"rType":"asset","rSubType":"audio","fileName":"16.2submarine.mp3","fileSize":25399,"val":"mc-7af851cbe1817e821dc4d0e66c747ae8.mp3","aid":"7-qFDii2a"}}}},"ASQSX4VC6":{"id":"ASQSX4VC6","type":"interactive","subtype":"interactiveRichText","setup":{"frmeTp":{"selectedKey":"noneFrame"},"bg":{"fill":{"opac":0,"rgb":"#ff0000"}},"txt":{"val":{"ops":[{"insert":"MEANS OF WATER TRANSPORT","attributes":{"color":"var(--TC14)","bold":true}},{"insert":"\n","attributes":{"size":"huge","align":"center"}}]},"rType":"richtext"},"hali":"","vali":"middle"}}},"v":"1"}