<?xml version="1.0" encoding="UTF-8"?>
<!-- Generated by JClic - https://projectestac.github.io/jclic -->
<manifest identifier="JClic-F89B5F" version="1.0" xmlns="http://www.imsproject.org/xsd/imscp_rootv1p1p2" xmlns:adlcp="http://www.adlnet.org/xsd/adlcp_rootv1p2" xmlns:xsi="http://www.w3.org/2001/XMLSchema-instance" xsi:schemaLocation= "http://www.imsproject.org/xsd/imscp_rootv1p1p2 imscp_rootv1p1p2.xsd http://www.imsglobal.org/xsd/imsmd_rootv1p2p1 imsmd_rootv1p2p1.xsd http://www.adlnet.org/xsd/adlcp_rootv1p2 adlcp_rootv1p2.xsd">
 <metadata> 
  <schema>ADL SCORM</schema>
  <schemaversion>1.2</schemaversion>
 </metadata> 
 <organizations default="JClic">  
  <organization identifier="JClic">  
   <title>las figuras geometriacas</title>
   <item identifier="ITEM_JClic-F89B5F" identifierref="RES_JClic-F89B5F">
    <title>las figuras geometriacas</title>
   </item>
  </organization>
 </organizations>
 <resources>
  <resource identifier="RES_JClic-F89B5F" type="webcontent" href="/index.html" adlcp:scormtype="sco"> 
   <file href="22.1triangulo.mp3"/>
   <file href="22.2pentagono.mp3"/>
   <file href="22.3cuadrado.mp3"/>
   <file href="22.4rombo.mp3"/>
   <file href="22.5circulo.mp3"/>
   <file href="5025160-resized.jpg"/>
   <file href="favicon.ico"/>
   <file href="figura-resized.jpg"/>
   <file href="figura__10_-resized.jpg"/>
   <file href="figura__1_-resized.jpg"/>
   <file href="figura__2_-resized.jpg"/>
   <file href="figura__3_-resized.jpg"/>
   <file href="icon-192.png"/>
   <file href="icon-72.png"/>
   <file href="image-resized.jpg"/>
   <file href="image__10_-resized.jpg"/>
   <file href="image__1_-resized.jpg"/>
   <file href="image__2_-resized.jpg"/>
   <file href="image__3_-resized.jpg"/>
   <file href="imsmanifest.xml"/>
   <file href="index.html"/>
   <file href="las_figuras_geometriacas.jclic"/>
   <file href="las_figuras_geometriacas.jclic.js"/>
   <file href="letrero_de_informacion-resized.jpg"/>
   <file href="project-cover.jpg"/>
   <file href="project-thumb.jpg"/>
   <file href="project.json"/>
  </resource>
 </resources>
</manifest>