<?xml version="1.0" encoding="UTF-8"?>
<!-- Generated by JClic - https://projectestac.github.io/jclic -->
<manifest identifier="JClic-98F945" version="1.0" xmlns="http://www.imsproject.org/xsd/imscp_rootv1p1p2" xmlns:adlcp="http://www.adlnet.org/xsd/adlcp_rootv1p2" xmlns:xsi="http://www.w3.org/2001/XMLSchema-instance" xsi:schemaLocation= "http://www.imsproject.org/xsd/imscp_rootv1p1p2 imscp_rootv1p1p2.xsd http://www.imsglobal.org/xsd/imsmd_rootv1p2p1 imsmd_rootv1p2p1.xsd http://www.adlnet.org/xsd/adlcp_rootv1p2 adlcp_rootv1p2.xsd">
 <metadata> 
  <schema>ADL SCORM</schema>
  <schemaversion>1.2</schemaversion>
 </metadata> 
 <organizations default="JClic">  
  <organization identifier="JClic">  
   <title>los utiles2</title>
   <item identifier="ITEM_JClic-98F945" identifierref="RES_JClic-98F945">
    <title>los utiles2</title>
   </item>
  </organization>
 </organizations>
 <resources>
  <resource identifier="RES_JClic-98F945" type="webcontent" href="/index.html" adlcp:scormtype="sco"> 
   <file href="4103239-resized.jpg"/>
   <file href="favicon.ico"/>
   <file href="icon-192.png"/>
   <file href="icon-72.png"/>
   <file href="image__47_-resized1.jpg"/>
   <file href="image__65_-resized1.jpg"/>
   <file href="image__66_-resized1.jpg"/>
   <file href="image__67_-resized1.jpg"/>
   <file href="image__68_-resized1.jpg"/>
   <file href="image__69_-resized1.jpg"/>
   <file href="imsmanifest.xml"/>
   <file href="index.html"/>
   <file href="letrero_de_informacion-resized.jpg"/>
   <file href="los_utiles2.jclic"/>
   <file href="los_utiles2.jclic.js"/>
   <file href="marker.mp3"/>
   <file href="overall.mp3"/>
   <file href="paint.mp3"/>
   <file href="paintbrush.mp3"/>
   <file href="paper.mp3"/>
   <file href="project-cover.jpg"/>
   <file href="project-thumb.jpg"/>
   <file href="project.json"/>
   <file href="rubber_stamp.mp3"/>
   <file href="utiles-resized.jpg"/>
   <file href="utiles__15_-resized.jpg"/>
   <file href="utiles__16_-resized1.jpg"/>
   <file href="utiles__17_-resized1.jpg"/>
   <file href="utiles__18_-resized1.jpg"/>
   <file href="utiles__1_-resized1.jpg"/>
  </resource>
 </resources>
</manifest>