[{"rType":"asset","rSubType":"image","fileName":"TO BE (3).png","fileSize":82242,"val":"mc-e19d9b9e433255bd846354014cd09026.png","aid":"18Fr4M-wR","size":82242},{"rType":"asset","rSubType":"audio","fileName":"he is.m4a","fileSize":60569,"val":"mc-cc9cd7102acc644d440efdf743f7167f.m4a","aid":"EnnRdoqdB","size":60569},{"rType":"asset","rSubType":"image","fileName":"TO BE.png","fileSize":202931,"val":"mc-c8a1c02de577ff96d374682c7a0cad11.png","aid":"9H4I29Xbj","size":202931},{"rType":"asset","rSubType":"audio","fileName":"they are .m4a","fileSize":82957,"val":"mc-932b7d0cb1d1810a2201df2e9793b961.m4a","aid":"3p-4scFJL","size":82957},{"rType":"asset","rSubType":"image","fileName":"TO BE (2).png","fileSize":205367,"val":"mc-15371d830a80bb93ed5ab863ff32a7d1.png","aid":"4KxNuKs-O","size":205367},{"rType":"asset","rSubType":"audio","fileName":"you are.m4a","fileSize":87010,"val":"mc-9310a726a132cce506012776eac826e6.m4a","aid":"I6Kuzg40F","size":87010},{"rType":"asset","rSubType":"image","fileName":"unsplash.jpg","fileSize":0,"val":"mc-fef853b1973cd84967676d07de4c2d05.jpg","aid":"n68T4IT6K","size":128849},{"rType":"asset","rSubType":"image","fileName":"unsplash.jpg","fileSize":0,"val":"mc-2bdf984123efbaf1c6a58561c28ae404.jpg","aid":"Sq9UcdrE6j","size":1095400},{"rType":"asset","rSubType":"image","fileName":"TO BE (1).png","fileSize":74976,"val":"mc-dde11cd13b091360bc8a0440d66cec99.png","aid":"7CE8Rfllb","size":74976},{"rType":"asset","rSubType":"audio","fileName":"i am .m4a","fileSize":86028,"val":"mc-dd449487fcaa30e43d57e20d109cb8f0.m4a","aid":"eqo4cUUNM","size":86028},{"rType":"asset","rSubType":"image","fileName":"TO BE (6).png","fileSize":208531,"val":"mc-1d5bc5f1ee055a6de15ab0a18fe1c890.png","aid":"PnpGGrGb8","size":208531},{"rType":"asset","rSubType":"audio","fileName":"we are.m4a","fileSize":70669,"val":"mc-be475741fdcd8e5ad0de3c421ca54f2b.m4a","aid":"aqZozXcIR","size":70669},{"rType":"asset","rSubType":"image","fileName":"TO BE (4).png","fileSize":115589,"val":"mc-a2aebf89b369d7021f9bf5d46362859a.png","aid":"uyeOM8HaA","size":115589},{"rType":"asset","rSubType":"audio","fileName":"she is.m4a","fileSize":83508,"val":"mc-f531d987d6781503f008ee43494d7f7a.m4a","aid":"Wr7fEecqu","size":83508},{"rType":"asset","rSubType":"image","fileName":"TO BE (7).png","fileSize":201994,"val":"mc-8e166411366f639785fb1a10a447ef55.png","aid":"BwVIzA_V1","size":201994},{"rType":"asset","rSubType":"audio","fileName":"you are_1.m4a","fileSize":71067,"val":"mc-fa2f6561eb7d80cfd2a5b8e23dc73a59.m4a","aid":"AmAFGQLti","size":71067},{"rType":"asset","rSubType":"image","fileName":"images.png","fileSize":15826,"aid":"n1V3eg3XFB","val":"mc-f55c20e3c39052b9300857af4005f533.png","size":15826},{"rType":"asset","rSubType":"image","fileName":"images.png","fileSize":15826,"aid":"eCVzbp2WRB","val":"mc-f55c20e3c39052b9300857af4005f533.png","size":15826},{"rType":"asset","rSubType":"image","fileName":"images.png","fileSize":15826,"aid":"sZKG69Z8No","val":"mc-f55c20e3c39052b9300857af4005f533.png","size":15826},{"rType":"asset","rSubType":"image","fileName":"TO BE (8).png","fileSize":90567,"val":"mc-1237412b22a1d5644c151040ced4980e.png","aid":"hTGisEXLz","size":90567},{"rType":"asset","rSubType":"audio","fileName":"it is.m4a","fileSize":89305,"val":"mc-43de057161eda6080f1e7d9f18c8dd74.m4a","aid":"UTw9tRYGL","size":89305},{"rType":"asset","rSubType":"image","fileName":"images.png","fileSize":15826,"val":"mc-f55c20e3c39052b9300857af4005f533.png","aid":"i2FvTuiyO","size":15826}]