<?xml version="1.0" encoding="UTF-8"?>
<!-- Generated by JClic - https://projectestac.github.io/jclic -->
<manifest identifier="JClic-510D40" version="1.0" xmlns="http://www.imsproject.org/xsd/imscp_rootv1p1p2" xmlns:adlcp="http://www.adlnet.org/xsd/adlcp_rootv1p2" xmlns:xsi="http://www.w3.org/2001/XMLSchema-instance" xsi:schemaLocation= "http://www.imsproject.org/xsd/imscp_rootv1p1p2 imscp_rootv1p1p2.xsd http://www.imsglobal.org/xsd/imsmd_rootv1p2p1 imsmd_rootv1p2p1.xsd http://www.adlnet.org/xsd/adlcp_rootv1p2 adlcp_rootv1p2.xsd">
 <metadata> 
  <schema>ADL SCORM</schema>
  <schemaversion>1.2</schemaversion>
 </metadata> 
 <organizations default="JClic">  
  <organization identifier="JClic">  
   <title>la naturaleza2</title>
   <item identifier="ITEM_JClic-510D40" identifierref="RES_JClic-510D40">
    <title>la naturaleza2</title>
   </item>
  </organization>
 </organizations>
 <resources>
  <resource identifier="RES_JClic-510D40" type="webcontent" href="/index.html" adlcp:scormtype="sco"> 
   <file href="air.mp3"/>
   <file href="favicon.ico"/>
   <file href="hill.mp3"/>
   <file href="icon-192.png"/>
   <file href="icon-72.png"/>
   <file href="image__87_-resized.jpg"/>
   <file href="image__89_-resized.jpg"/>
   <file href="image__90_-resized.jpg"/>
   <file href="image__91_-resized.jpg"/>
   <file href="image__92_-resized.jpg"/>
   <file href="image__93_-resized.jpg"/>
   <file href="imsmanifest.xml"/>
   <file href="index.html"/>
   <file href="la_naturaleza2.jclic"/>
   <file href="la_naturaleza2.jclic.js"/>
   <file href="letrero_de_informacion-resized.jpg"/>
   <file href="natural__18_-resized.jpg"/>
   <file href="natural__20_-resized.jpg"/>
   <file href="natural__21_-resized.jpg"/>
   <file href="natural__22_-resized.jpg"/>
   <file href="natural__23_-resized.jpg"/>
   <file href="natural__24_-resized.jpg"/>
   <file href="paisaje-parque-natural-fondo-vacio_1308-44780.jpg"/>
   <file href="project-cover.jpg"/>
   <file href="project-thumb.jpg"/>
   <file href="project.json"/>
   <file href="rock.mp3"/>
   <file href="sky.mp3"/>
   <file href="way.mp3"/>
   <file href="worm.mp3"/>
  </resource>
 </resources>
</manifest>