<?xml version="1.0" encoding="UTF-8"?>
<!-- Generated by JClic - https://projectestac.github.io/jclic -->
<manifest identifier="JClic-C220C3" version="1.0" xmlns="http://www.imsproject.org/xsd/imscp_rootv1p1p2" xmlns:adlcp="http://www.adlnet.org/xsd/adlcp_rootv1p2" xmlns:xsi="http://www.w3.org/2001/XMLSchema-instance" xsi:schemaLocation= "http://www.imsproject.org/xsd/imscp_rootv1p1p2 imscp_rootv1p1p2.xsd http://www.imsglobal.org/xsd/imsmd_rootv1p2p1 imsmd_rootv1p2p1.xsd http://www.adlnet.org/xsd/adlcp_rootv1p2 adlcp_rootv1p2.xsd">
 <metadata> 
  <schema>ADL SCORM</schema>
  <schemaversion>1.2</schemaversion>
 </metadata> 
 <organizations default="JClic">  
  <organization identifier="JClic">  
   <title>los utiles</title>
   <item identifier="ITEM_JClic-C220C3" identifierref="RES_JClic-C220C3">
    <title>los utiles</title>
   </item>
  </organization>
 </organizations>
 <resources>
  <resource identifier="RES_JClic-C220C3" type="webcontent" href="/index.html" adlcp:scormtype="sco"> 
   <file href="4103239-resized.jpg"/>
   <file href="book.mp3"/>
   <file href="color.mp3"/>
   <file href="favicon.ico"/>
   <file href="icon-192.png"/>
   <file href="icon-72.png"/>
   <file href="image__25_-resized.jpg"/>
   <file href="image__48_-resized.jpg"/>
   <file href="image__54_-resized.jpg"/>
   <file href="image__55_-resized.jpg"/>
   <file href="image__56_-resized.jpg"/>
   <file href="image__57_-resized.jpg"/>
   <file href="image__59_-resized.jpg"/>
   <file href="imsmanifest.xml"/>
   <file href="index.html"/>
   <file href="letrero_de_informacion-resized.jpg"/>
   <file href="los_utiles.jclic"/>
   <file href="los_utiles.jclic.js"/>
   <file href="pencil.mp3"/>
   <file href="pencil_case.mp3"/>
   <file href="project-cover.jpg"/>
   <file href="project-thumb.jpg"/>
   <file href="project.json"/>
   <file href="ruler.mp3"/>
   <file href="school_bag.mp3"/>
   <file href="scissors.mp3"/>
   <file href="utiles__2_-resized.jpg"/>
   <file href="utiles__3_-resized.jpg"/>
   <file href="utiles__4_-resized.jpg"/>
   <file href="utiles__5_-resized.jpg"/>
   <file href="utiles__6_-resized.jpg"/>
   <file href="utiles__7_-resized.jpg"/>
   <file href="utiles__8_-resized.jpg"/>
  </resource>
 </resources>
</manifest>