[{"rType":"asset","rSubType":"image","fileName":"park-4964671__340.jpg","fileSize":46538,"aid":"VadmGcrdzh","val":"mc-4b6cbb5a3088b6fe80eb39447432062a.jpg","size":46538},{"rType":"asset","rSubType":"image","fileName":"TRANSPORTE (4).png","fileSize":1099958,"val":"mc-91475c49b24b7fc578d08bb49f602604.png","aid":"UBSnvC6rS","size":1099958},{"rType":"asset","rSubType":"audio","fileName":"jet ski.m4a","fileSize":72220,"val":"mc-cf6af7e7820f673a53297155441f34e5.m4a","aid":"E_hFJ1Cp7","size":72220},{"rType":"asset","rSubType":"image","fileName":"trans_2.png","fileSize":49299,"val":"mc-115311f298374d66721a03ab3aacce41.png","aid":"Y3jlcHY7B","size":49299},{"rType":"asset","rSubType":"image","fileName":"TRANSPORTE (2).png","fileSize":793436,"val":"mc-7de7a191d89b19578f2ef8099b15d804.png","aid":"UxmQdck-y","size":793436},{"rType":"asset","rSubType":"audio","fileName":"canoe.m4a","fileSize":58521,"val":"mc-97a1162df51843681b145e5ad4186fec.m4a","aid":"3W9hlaSG2","size":58521},{"rType":"asset","rSubType":"image","fileName":"TRASPORTE2.png","fileSize":595587,"val":"mc-29f770363dc7ab80efa598e1d61eac98.png","aid":"PQ1lenWZa","size":595587},{"rType":"asset","rSubType":"audio","fileName":"submarine.m4a","fileSize":58521,"val":"mc-3e1803d24caace794a93fd4e826b5ae5.m4a","aid":"WrDu0zSdd","size":58521},{"rType":"asset","rSubType":"image","fileName":"TRANSPORTE.png","fileSize":901600,"val":"mc-5c8a94f61f05a7621f81e27f7132383f.png","aid":"9FquFoy_w","size":901600},{"rType":"asset","rSubType":"audio","fileName":"sailboat.m4a","fileSize":72064,"val":"mc-739fbfa4165c51ae48548f31e6ce330a.m4a","aid":"H6CwoptnM","size":72064},{"rType":"asset","rSubType":"image","fileName":"park-4964671__340.jpg","fileSize":46538,"val":"mc-4b6cbb5a3088b6fe80eb39447432062a.jpg","aid":"Lm9sIeLaP","size":46538},{"rType":"asset","rSubType":"image","fileName":"park-4964671__340.jpg","fileSize":46538,"aid":"-Qq8xrXZDE","val":"mc-4b6cbb5a3088b6fe80eb39447432062a.jpg","size":46538},{"rType":"asset","rSubType":"image","fileName":"trans_4.png","fileSize":66819,"val":"mc-ef5022d82bb3048d3fcb767436ed7e62.png","aid":"B-zxxJ96P","size":66819},{"rType":"asset","rSubType":"image","fileName":"unsplash.jpg","fileSize":0,"val":"mc-0135c692bea95fc846172763956dd1be.jpg","aid":"34g7m5XcH","size":58019},{"rType":"asset","rSubType":"image","fileName":"unsplash.jpg","fileSize":0,"val":"mc-2bdf984123efbaf1c6a58561c28ae404.jpg","aid":"5-Djyx4I9E","size":1095400},{"rType":"asset","rSubType":"image","fileName":"park-4964671__340.jpg","fileSize":46538,"aid":"rR8pI34Eyv","val":"mc-4b6cbb5a3088b6fe80eb39447432062a.jpg","size":46538},{"rType":"asset","rSubType":"image","fileName":"trans_1.png","fileSize":68495,"val":"mc-2b3cd42fdd8546824e602554e0c28269.png","aid":"uuhHhlwWb","size":68495},{"rType":"asset","rSubType":"image","fileName":"TRANSPORTE (1).png","fileSize":719746,"val":"mc-5d1f8806e3882ffeef5563ed27863b86.png","aid":"_q5EHbhcm","size":719746},{"rType":"asset","rSubType":"audio","fileName":"yacht.m4a","fileSize":60569,"val":"mc-dee519ef4ab2fec568235240523ab62e.m4a","aid":"vId3CWQgj","size":60569},{"rType":"asset","rSubType":"image","fileName":"trans_5.png","fileSize":60379,"val":"mc-69e3731de9f1a783900967ff4e88fe15.png","aid":"CnZ7WdUVF","size":60379},{"rType":"asset","rSubType":"image","fileName":"trans_3.png","fileSize":80228,"val":"mc-b80eaf43254406e48c2f7aa75ec01aa5.png","aid":"sI9j0MWAd","size":80228},{"rType":"asset","rSubType":"image","fileName":"trans_6.png","fileSize":135772,"val":"mc-852106a6e7ea76465acad2300dd3e20e.png","aid":"I6BC6GMxp","size":135772},{"rType":"asset","rSubType":"image","fileName":"TRANSPORTE (3).png","fileSize":611051,"val":"mc-02ef07faffadf3ceb5f6cae8981da4be.png","aid":"uA-bbqUTy","size":611051},{"rType":"asset","rSubType":"audio","fileName":"gondola.m4a","fileSize":78847,"val":"mc-e52c888a3ae2c31b2ef84793e2abe8ba.m4a","aid":"4bSboUpPy","size":78847}]