{"i":{"Uw9wGiyy0":{"id":"Uw9wGiyy0","type":"slide","setup":{"bg":{"selectedKey":"image","fill":{"opac":1,"rgb":"var(--TC3)"},"img":{"filt":{"opac":100,"gray":0,"blur":0,"tint":{"rgb":"#FFF","opac":0}},"pos":{"type":"crop","fit":{"bg":{"color":{"rgb":"#FFF","opac":100}},"vali":"center","hali":"center"},"crop":{"bg":{"color":{"rgb":"#FFF","opac":0}},"poi":{"x":279,"y":169.5}},"mask":{"shape":1}},"measures":{"size":{"width":680,"height":340}},"orig":{"rType":"asset","rSubType":"image","fileName":"park-4964671__340.jpg","fileSize":46538,"aid":"-Qq8xrXZDE","val":"mc-4b6cbb5a3088b6fe80eb39447432062a.jpg"}}},"transparentBg":{"selectedKey":false},"bord":{"size":0,"rad":0}}},"47x4HjIdTb":{"id":"47x4HjIdTb","type":"interactive","subtype":"interactiveRichText","setup":{"frmeTp":{"selectedKey":"noneFrame"},"bg":{"fill":{"opac":0.2,"rgb":"#FFF"}},"txt":{"val":{"ops":[{"insert":" ","attributes":{"background":"#304df6","color":"var(--TC14)"}},{"insert":"MEANS OF WATER TRANSPORT ","attributes":{"background":"#304df6","color":"var(--TC14)","bold":true}},{"insert":"\n","attributes":{"align":"center","size":"huge"}}]},"rType":"richtext"},"vali":"middle","hali":""}},"SALMy0Ww1z":{"id":"SALMy0Ww1z","type":"interactive","subtype":"interactiveCard","setup":{"animation":{"selectedKey":"rotateH"},"front":{"selectedKey":"image","fill":{"opac":1,"rgb":"#FFF"},"img":{"filt":{"opac":100,"gray":0,"blur":0,"tint":{"rgb":"#FFF","opac":0}},"pos":{"type":"fit","fit":{"bg":{"color":{"rgb":"#FFF","opac":100}},"vali":"center","hali":"center"},"crop":{"bg":{"color":{"rgb":"#FFF","opac":0}},"poi":{"x":117,"y":123}},"mask":{"shape":1}},"measures":{"size":{"width":250,"height":246}},"orig":{"rType":"asset","rSubType":"image","fileName":"trans_4.png","fileSize":66819,"val":"mc-ef5022d82bb3048d3fcb767436ed7e62.png","aid":"B-zxxJ96P"}},"txt":{"val":{"ops":[{"attributes":{"color":"#304df6","bold":true},"insert":"CANOA"},{"insert":"\n","attributes":{"align":"center","size":"large"}}]},"rType":"richtext"},"hali":""},"back":{"selectedKey":"fill","fill":{"opac":1,"rgb":"#7085fb"},"txt":{"val":{"ops":[{"insert":"CANOE","attributes":{"bold":true,"background":"transparent","color":"#000000"}},{"insert":"\n","attributes":{"align":"center","size":"huge"}}]},"rType":"richtext"},"vali":"middle","hali":""}}},"Tr3lbmVuWM":{"id":"Tr3lbmVuWM","type":"interactive","subtype":"interactiveCard","setup":{"animation":{"selectedKey":"rotateH"},"front":{"selectedKey":"image","fill":{"opac":1,"rgb":"#FFF"},"img":{"filt":{"opac":100,"gray":0,"blur":0,"tint":{"rgb":"#FFF","opac":0}},"pos":{"type":"fit","fit":{"bg":{"color":{"rgb":"#FFF","opac":100}},"vali":"center","hali":"center"},"crop":{"bg":{"color":{"rgb":"#FFF","opac":0}},"poi":{"x":136.5,"y":123}},"mask":{"shape":1}},"measures":{"size":{"width":364,"height":246}},"orig":{"rType":"asset","rSubType":"image","fileName":"trans_5.png","fileSize":60379,"val":"mc-69e3731de9f1a783900967ff4e88fe15.png","aid":"CnZ7WdUVF"}},"txt":{"val":{"ops":[{"insert":"GÓNDOLA","attributes":{"bold":true,"color":"#304df6"}},{"insert":"\n","attributes":{"align":"center","size":"large"}}]},"rType":"richtext"},"hali":""},"back":{"selectedKey":"fill","fill":{"opac":1,"rgb":"#7085fb"},"txt":{"val":{"ops":[{"insert":"GONDOLA ","attributes":{"bold":true,"background":"transparent","color":"#000000"}},{"insert":"\n","attributes":{"align":"center","size":"huge"}}]},"rType":"richtext"},"hali":"","vali":"middle"}}},"IJURoVOS8G":{"id":"IJURoVOS8G","type":"interactive","subtype":"interactiveCard","setup":{"animation":{"selectedKey":"rotateH"},"front":{"selectedKey":"image","fill":{"opac":1,"rgb":"#FFF"},"img":{"filt":{"opac":100,"gray":0,"blur":0,"tint":{"rgb":"#FFF","opac":0}},"pos":{"type":"fit","fit":{"bg":{"color":{"rgb":"#FFF","opac":100}},"vali":"center","hali":"center"},"crop":{"bg":{"color":{"rgb":"#FFF","opac":0}},"poi":{"x":306,"y":96}},"mask":{"shape":1}},"measures":{"size":{"width":497,"height":192}},"orig":{"rType":"asset","rSubType":"image","fileName":"trans_6.png","fileSize":135772,"val":"mc-852106a6e7ea76465acad2300dd3e20e.png","aid":"I6BC6GMxp"}},"txt":{"val":{"ops":[{"insert":"MOTO ACUÁTICA","attributes":{"color":"#304df6","bold":true}},{"insert":"\n","attributes":{"size":"large","align":"center"}}]},"rType":"richtext"},"hali":""},"back":{"selectedKey":"fill","fill":{"opac":1,"rgb":"#7085fb"},"txt":{"val":{"ops":[{"insert":"JET SKI","attributes":{"bold":true,"background":"transparent","color":"#000000"}},{"insert":"\n","attributes":{"align":"center","size":"huge"}}]},"rType":"richtext"},"hali":"","vali":"middle"}}}},"v":"1"}