{"i":{"fhNm8E5J3":{"id":"fhNm8E5J3","type":"slide","setup":{"bord":{"size":0,"rad":0},"bg":{"selectedKey":"image","fill":{"opac":1,"rgb":"var(--TC3)"},"img":{"filt":{"opac":100,"gray":0,"blur":0,"tint":{"rgb":"#FFF","opac":0}},"pos":{"type":"crop","fit":{"bg":{"color":{"rgb":"#FFF","opac":100}},"vali":"center","hali":"center"},"crop":{"bg":{"color":{"rgb":"#FFF","opac":0}},"poi":{"x":279,"y":169.5}},"mask":{"shape":1}},"measures":{"size":{"width":680,"height":340}},"orig":{"rType":"asset","rSubType":"image","fileName":"park-4964671__340.jpg","fileSize":46538,"aid":"rR8pI34Eyv","val":"mc-4b6cbb5a3088b6fe80eb39447432062a.jpg"}}},"transparentBg":{"selectedKey":false}}},"7_eJUJNEz":{"id":"7_eJUJNEz","type":"interactive","subtype":"interactivePodCast","setup":{"bg":{"selectedKey":"image","fill":{"opac":1,"rgb":"#FFF"},"img":{"filt":{"opac":100,"gray":0,"blur":0,"tint":{"rgb":"#FFF","opac":0}},"pos":{"type":"crop","fit":{"bg":{"color":{"rgb":"#FFF","opac":100}},"vali":"center","hali":"center"},"crop":{"bg":{"color":{"rgb":"#FFF","opac":0}},"poi":{"x":1122.5,"y":1600.5}},"mask":{"shape":1}},"measures":{"size":{"width":2245,"height":3179}},"orig":{"rType":"asset","rSubType":"image","fileName":"TRANSPORTE (4).png","fileSize":1099958,"val":"mc-91475c49b24b7fc578d08bb49f602604.png","aid":"UBSnvC6rS"}}},"audio":{"orig":{"rType":"asset","rSubType":"audio","fileName":"jet ski.m4a","fileSize":72220,"val":"mc-cf6af7e7820f673a53297155441f34e5.m4a","aid":"E_hFJ1Cp7"}}}},"VPrDx2-2Ul":{"id":"VPrDx2-2Ul","type":"interactive","subtype":"interactiveRichText","setup":{"frmeTp":{"selectedKey":"noneFrame"},"bg":{"fill":{"opac":0.2,"rgb":"#FFF"}},"txt":{"val":{"ops":[{"insert":" ","attributes":{"background":"#304df6","color":"var(--TC14)"}},{"insert":"MEANS OF WATER TRANSPORT ","attributes":{"background":"#304df6","color":"var(--TC14)","bold":true}},{"insert":"\n","attributes":{"align":"center","size":"huge"}}]},"rType":"richtext"},"vali":"middle","hali":""}},"imDS0rNuB":{"id":"imDS0rNuB","type":"interactive","subtype":"interactivePodCast","setup":{"bg":{"selectedKey":"image","fill":{"opac":1,"rgb":"#FFF"},"img":{"filt":{"opac":100,"gray":0,"blur":0,"tint":{"rgb":"#FFF","opac":0}},"pos":{"type":"crop","fit":{"bg":{"color":{"rgb":"#FFF","opac":100}},"vali":"center","hali":"center"},"crop":{"bg":{"color":{"rgb":"#FFF","opac":0}},"poi":{"x":1172,"y":1528}},"mask":{"shape":1}},"measures":{"size":{"width":2245,"height":3179}},"orig":{"rType":"asset","rSubType":"image","fileName":"TRANSPORTE (2).png","fileSize":793436,"val":"mc-7de7a191d89b19578f2ef8099b15d804.png","aid":"UxmQdck-y"}}},"audio":{"orig":{"rType":"asset","rSubType":"audio","fileName":"canoe.m4a","fileSize":58521,"val":"mc-97a1162df51843681b145e5ad4186fec.m4a","aid":"3W9hlaSG2"}}}},"6_v1ZVwor":{"id":"6_v1ZVwor","type":"interactive","subtype":"interactivePodCast","setup":{"bg":{"selectedKey":"image","fill":{"opac":1,"rgb":"#FFF"},"img":{"filt":{"opac":100,"gray":0,"blur":0,"tint":{"rgb":"#FFF","opac":0}},"pos":{"type":"crop","fit":{"bg":{"color":{"rgb":"#FFF","opac":100}},"vali":"center","hali":"center"},"crop":{"bg":{"color":{"rgb":"#FFF","opac":0}},"poi":{"x":1404,"y":1590}},"mask":{"shape":1}},"measures":{"size":{"width":2245,"height":3179}},"orig":{"rType":"asset","rSubType":"image","fileName":"TRANSPORTE (3).png","fileSize":611051,"val":"mc-02ef07faffadf3ceb5f6cae8981da4be.png","aid":"uA-bbqUTy"}}},"audio":{"orig":{"rType":"asset","rSubType":"audio","fileName":"gondola.m4a","fileSize":78847,"val":"mc-e52c888a3ae2c31b2ef84793e2abe8ba.m4a","aid":"4bSboUpPy"}}}}},"v":"1"}