{"i":{"EnqCTwRerk":{"id":"EnqCTwRerk","type":"slide","setup":{"bg":{"selectedKey":"image","fill":{"opac":1,"rgb":"var(--TC3)"},"img":{"filt":{"opac":100,"gray":0,"blur":0,"tint":{"rgb":"#FFF","opac":0}},"pos":{"type":"crop","fit":{"bg":{"color":{"rgb":"#FFF","opac":100}},"vali":"center","hali":"center"},"crop":{"bg":{"color":{"rgb":"#FFF","opac":0}},"poi":{"x":279,"y":169.5}},"mask":{"shape":1}},"measures":{"size":{"width":680,"height":340}},"orig":{"rType":"asset","rSubType":"image","fileName":"park-4964671__340.jpg","fileSize":46538,"val":"mc-4b6cbb5a3088b6fe80eb39447432062a.jpg","aid":"Lm9sIeLaP"}}},"transparentBg":{"selectedKey":false},"bord":{"size":0,"rad":0}}},"kXA-0Fuyw":{"id":"kXA-0Fuyw","type":"interactive","subtype":"interactiveCard","setup":{"animation":{"selectedKey":"rotateH"},"front":{"selectedKey":"image","fill":{"opac":1,"rgb":"#FFF"},"img":{"filt":{"opac":100,"gray":0,"blur":0,"tint":{"rgb":"#FFF","opac":0}},"pos":{"type":"fit","fit":{"bg":{"color":{"rgb":"#FFF","opac":100}},"vali":"center","hali":"center"},"crop":{"bg":{"color":{"rgb":"#FFF","opac":0}},"poi":{"x":138,"y":123}},"mask":{"shape":1}},"measures":{"size":{"width":305,"height":247}},"orig":{"rType":"asset","rSubType":"image","fileName":"trans_2.png","fileSize":49299,"val":"mc-115311f298374d66721a03ab3aacce41.png","aid":"Y3jlcHY7B"}},"txt":{"val":{"ops":[{"insert":"SUBMARINO","attributes":{"color":"#304df6","bold":true}},{"insert":"\n","attributes":{"size":"large","align":"center"}}]},"rType":"richtext"},"hali":""},"back":{"selectedKey":"fill","fill":{"opac":1,"rgb":"#7085fb"},"txt":{"val":{"ops":[{"insert":"SUBMARINE ","attributes":{"bold":true,"background":"transparent","color":"#000000"}},{"insert":"\n","attributes":{"size":"huge","align":"center"}}]},"rType":"richtext"},"hali":"","vali":"middle"}}},"Uuig5xDCK":{"id":"Uuig5xDCK","type":"interactive","subtype":"interactiveRichText","setup":{"frmeTp":{"selectedKey":"noneFrame"},"bg":{"fill":{"opac":0.2,"rgb":"#FFF"}},"txt":{"val":{"ops":[{"insert":" ","attributes":{"background":"#304df6","color":"var(--TC14)"}},{"insert":"MEANS OF WATER TRANSPORT ","attributes":{"background":"#304df6","color":"var(--TC14)","bold":true}},{"insert":"\n","attributes":{"align":"center","size":"huge"}}]},"rType":"richtext"},"vali":"middle","hali":""}},"ICZ7nf9-W":{"id":"ICZ7nf9-W","type":"interactive","subtype":"interactiveCard","setup":{"animation":{"selectedKey":"rotateH"},"front":{"selectedKey":"image","fill":{"opac":1,"rgb":"#FFF"},"img":{"filt":{"opac":100,"gray":0,"blur":0,"tint":{"rgb":"#FFF","opac":0}},"pos":{"type":"fit","fit":{"bg":{"color":{"rgb":"#FFF","opac":100}},"vali":"center","hali":"center"},"crop":{"bg":{"color":{"rgb":"#FFF","opac":0}},"poi":{"x":108,"y":141}},"mask":{"shape":1}},"measures":{"size":{"width":224,"height":284}},"orig":{"rType":"asset","rSubType":"image","fileName":"trans_1.png","fileSize":68495,"val":"mc-2b3cd42fdd8546824e602554e0c28269.png","aid":"uuhHhlwWb"}},"txt":{"val":{"ops":[{"insert":"VELERO","attributes":{"bold":true,"color":"#304df6"}},{"insert":"\n","attributes":{"size":"large","align":"center"}}]},"rType":"richtext"},"hali":""},"back":{"selectedKey":"fill","fill":{"opac":1,"rgb":"#7085fb"},"txt":{"val":{"ops":[{"insert":"SAILBOAT ","attributes":{"bold":true,"background":"transparent","color":"#000000"}},{"insert":"\n","attributes":{"size":"huge","align":"center"}}]},"rType":"richtext"},"hali":"","vali":"middle"}}},"SaxJCQnwN":{"id":"SaxJCQnwN","type":"interactive","subtype":"interactiveCard","setup":{"animation":{"selectedKey":"rotateH"},"front":{"selectedKey":"image","fill":{"opac":1,"rgb":"#FFF"},"img":{"filt":{"opac":100,"gray":0,"blur":0,"tint":{"rgb":"#FFF","opac":0}},"pos":{"type":"fit","fit":{"bg":{"color":{"rgb":"#FFF","opac":100}},"vali":"center","hali":"center"},"crop":{"bg":{"color":{"rgb":"#FFF","opac":0}},"poi":{"x":241.5,"y":123}},"mask":{"shape":1}},"measures":{"size":{"width":389,"height":247}},"orig":{"rType":"asset","rSubType":"image","fileName":"trans_3.png","fileSize":80228,"val":"mc-b80eaf43254406e48c2f7aa75ec01aa5.png","aid":"sI9j0MWAd"}},"txt":{"val":{"ops":[{"insert":"YATE","attributes":{"color":"#304df6","bold":true}},{"insert":"\n","attributes":{"size":"large","align":"center"}}]},"rType":"richtext"},"hali":""},"back":{"selectedKey":"fill","fill":{"opac":1,"rgb":"#7085fb"},"txt":{"val":{"ops":[{"insert":"YACHT ","attributes":{"bold":true,"background":"transparent","color":"#000000"}},{"insert":"\n","attributes":{"size":"huge","align":"center"}}]},"rType":"richtext"},"hali":"","vali":"middle"}}}},"v":"1"}