{"i":{"uFlryA0bQ":{"id":"uFlryA0bQ","type":"slide","setup":{"bord":{"size":0,"rad":0},"bg":{"selectedKey":"image","fill":{"opac":1,"rgb":"var(--TC3)"},"img":{"filt":{"opac":100,"gray":0,"blur":0,"tint":{"rgb":"#FFF","opac":0}},"pos":{"type":"crop","fit":{"bg":{"color":{"rgb":"#FFF","opac":100}},"vali":"center","hali":"center"},"crop":{"bg":{"color":{"rgb":"#FFF","opac":0}},"poi":{"x":279,"y":169.5}},"mask":{"shape":1}},"measures":{"size":{"width":680,"height":340}},"orig":{"rType":"asset","rSubType":"image","fileName":"park-4964671__340.jpg","fileSize":46538,"aid":"VadmGcrdzh","val":"mc-4b6cbb5a3088b6fe80eb39447432062a.jpg"}}},"transparentBg":{"selectedKey":false}}},"bayTBh-SL":{"id":"bayTBh-SL","type":"interactive","subtype":"interactivePodCast","setup":{"bg":{"selectedKey":"image","fill":{"opac":1,"rgb":"#FFF"},"img":{"filt":{"opac":100,"gray":0,"blur":0,"tint":{"rgb":"#FFF","opac":0}},"pos":{"type":"crop","fit":{"bg":{"color":{"rgb":"#FFF","opac":100}},"vali":"center","hali":"center"},"crop":{"bg":{"color":{"rgb":"#FFF","opac":0}},"poi":{"x":1269,"y":1651}},"mask":{"shape":1}},"measures":{"size":{"width":2245,"height":3179}},"orig":{"rType":"asset","rSubType":"image","fileName":"TRASPORTE2.png","fileSize":595587,"val":"mc-29f770363dc7ab80efa598e1d61eac98.png","aid":"PQ1lenWZa"}}},"audio":{"orig":{"rType":"asset","rSubType":"audio","fileName":"submarine.m4a","fileSize":58521,"val":"mc-3e1803d24caace794a93fd4e826b5ae5.m4a","aid":"WrDu0zSdd"}}}},"qF0zAQjze":{"id":"qF0zAQjze","type":"interactive","subtype":"interactivePodCast","setup":{"bg":{"selectedKey":"image","fill":{"opac":1,"rgb":"#FFF"},"img":{"filt":{"opac":100,"gray":0,"blur":0,"tint":{"rgb":"#FFF","opac":0}},"pos":{"type":"crop","fit":{"bg":{"color":{"rgb":"#FFF","opac":100}},"vali":"center","hali":"center"},"crop":{"bg":{"color":{"rgb":"#FFF","opac":0}},"poi":{"x":1135,"y":1590}},"mask":{"shape":1}},"measures":{"size":{"width":2245,"height":3179}},"orig":{"rType":"asset","rSubType":"image","fileName":"TRANSPORTE.png","fileSize":901600,"val":"mc-5c8a94f61f05a7621f81e27f7132383f.png","aid":"9FquFoy_w"}}},"audio":{"orig":{"rType":"asset","rSubType":"audio","fileName":"sailboat.m4a","fileSize":72064,"val":"mc-739fbfa4165c51ae48548f31e6ce330a.m4a","aid":"H6CwoptnM"}}}},"VgpybHKP3c":{"id":"VgpybHKP3c","type":"interactive","subtype":"interactiveRichText","setup":{"frmeTp":{"selectedKey":"noneFrame"},"bg":{"fill":{"opac":0.2,"rgb":"#FFF"}},"txt":{"val":{"ops":[{"insert":" ","attributes":{"background":"#304df6","color":"var(--TC14)"}},{"insert":"MEANS OF WATER TRANSPORT ","attributes":{"background":"#304df6","color":"var(--TC14)","bold":true}},{"insert":"\n","attributes":{"align":"center","size":"huge"}}]},"rType":"richtext"},"vali":"middle","hali":""}},"qntGaySAK":{"id":"qntGaySAK","type":"interactive","subtype":"interactivePodCast","setup":{"bg":{"selectedKey":"image","fill":{"opac":1,"rgb":"#FFF"},"img":{"filt":{"opac":100,"gray":0,"blur":0,"tint":{"rgb":"#FFF","opac":0}},"pos":{"type":"crop","fit":{"bg":{"color":{"rgb":"#FFF","opac":100}},"vali":"center","hali":"center"},"crop":{"bg":{"color":{"rgb":"#FFF","opac":0}},"poi":{"x":1147,"y":1541}},"mask":{"shape":1}},"measures":{"size":{"width":2245,"height":3179}},"orig":{"rType":"asset","rSubType":"image","fileName":"TRANSPORTE (1).png","fileSize":719746,"val":"mc-5d1f8806e3882ffeef5563ed27863b86.png","aid":"_q5EHbhcm"}}},"audio":{"orig":{"rType":"asset","rSubType":"audio","fileName":"yacht.m4a","fileSize":60569,"val":"mc-dee519ef4ab2fec568235240523ab62e.m4a","aid":"vId3CWQgj"}}}}},"v":"1"}