<?xml version="1.0" encoding="UTF-8"?>
<!-- Generated by JClic - https://projectestac.github.io/jclic -->
<manifest identifier="JClic-A563BE" version="1.0" xmlns="http://www.imsproject.org/xsd/imscp_rootv1p1p2" xmlns:adlcp="http://www.adlnet.org/xsd/adlcp_rootv1p2" xmlns:xsi="http://www.w3.org/2001/XMLSchema-instance" xsi:schemaLocation= "http://www.imsproject.org/xsd/imscp_rootv1p1p2 imscp_rootv1p1p2.xsd http://www.imsglobal.org/xsd/imsmd_rootv1p2p1 imsmd_rootv1p2p1.xsd http://www.adlnet.org/xsd/adlcp_rootv1p2 adlcp_rootv1p2.xsd">
 <metadata> 
  <schema>ADL SCORM</schema>
  <schemaversion>1.2</schemaversion>
 </metadata> 
 <organizations default="JClic">  
  <organization identifier="JClic">  
   <title>los_juguetes1</title>
   <item identifier="ITEM_JClic-A563BE" identifierref="RES_JClic-A563BE">
    <title>los_juguetes1</title>
   </item>
  </organization>
 </organizations>
 <resources>
  <resource identifier="RES_JClic-A563BE" type="webcontent" href="/index.html" adlcp:scormtype="sco"> 
   <file href="bycicle.mp3"/>
   <file href="captura2.png"/>
   <file href="favicon.ico"/>
   <file href="fresbee.mp3"/>
   <file href="icon-192.png"/>
   <file href="icon-72.png"/>
   <file href="imsmanifest.xml"/>
   <file href="index.html"/>
   <file href="juguete__11_-resized.jpg"/>
   <file href="juguete__12_-resized.jpg"/>
   <file href="juguete__13_-resized.jpg"/>
   <file href="juguete__14_-resized.jpg"/>
   <file href="juguete__15_-resized.jpg"/>
   <file href="juguete__16_-resized.jpg"/>
   <file href="juguete__17_-resized.jpg"/>
   <file href="juguete__21_-resized.jpg"/>
   <file href="juguete__22_-resized3.jpg"/>
   <file href="juguete__24_-resized3.jpg"/>
   <file href="juguete__25_-resized2.jpg"/>
   <file href="juguete__26_-resized2.jpg"/>
   <file href="juguete__27_-resized.jpg"/>
   <file href="juguete__28_-resized2.jpg"/>
   <file href="letrero_de_informacion-resized.jpg"/>
   <file href="los_juguetes1.jclic"/>
   <file href="los_juguetes1.jclic.js"/>
   <file href="plain.mp3"/>
   <file href="project-cover.jpg"/>
   <file href="project-thumb.jpg"/>
   <file href="project.json"/>
   <file href="scooter.mp3"/>
   <file href="skateboard.mp3"/>
   <file href="skates.mp3"/>
  </resource>
 </resources>
</manifest>