[{"rType":"asset","rSubType":"image","fileName":"naturaleza (5).png","fileSize":714933,"val":"mc-29223b91bb2b4c869d93cc53aca30296.png","aid":"21-yINt2m","size":714933},{"rType":"asset","rSubType":"audio","fileName":"dissert.mp3","fileSize":35037,"val":"mc-62ad3d83dfe87088186a2b89917bdc59.mp3","aid":"J8kI2RFga","size":35037},{"rType":"asset","rSubType":"image","fileName":"naturaleza (4).png","fileSize":471926,"val":"mc-c16858674908b2e644bd130ce679c764.png","aid":"GsgPcdPyJ","size":471926},{"rType":"asset","rSubType":"audio","fileName":"river.mp3","fileSize":22359,"val":"mc-ae2c7632665c3a42f135de3058e0cb47.mp3","aid":"PeOqKTcA2","size":22359},{"rType":"asset","rSubType":"image","fileName":"naturaleza (3).png","fileSize":216962,"val":"mc-db4e3765389e2fc24907e845b30f9892.png","aid":"_z-zMuAjZ","size":216962},{"rType":"asset","rSubType":"audio","fileName":"mountain.mp3","fileSize":32537,"val":"mc-f62f187a2e7b7b0a734a17bf464568d7.mp3","aid":"MxlW5oME-","size":32537},{"rType":"asset","rSubType":"image","fileName":"naturaleza (13).png","fileSize":326335,"val":"mc-a0f3979cae8ebf29010a6f087490ebe2.png","aid":"WCI_nDU80","size":326335},{"rType":"asset","rSubType":"audio","fileName":"sun.mp3","fileSize":37234,"val":"mc-1b4e7da80581ddf6fab8bf4d1b2ca383.mp3","aid":"sDQshdXeE","size":37234},{"rType":"asset","rSubType":"image","fileName":"naturaleza (21).png","fileSize":466438,"val":"mc-1f51e0f1ab211d38c988f846cacfa907.png","aid":"GB52BPsjG","size":466438},{"rType":"asset","rSubType":"audio","fileName":"air.mp3","fileSize":30556,"val":"mc-02f10b2a849623fb4b8ca07eccd2e5b6.mp3","aid":"nU4-KZGw0","size":30556},{"rType":"asset","rSubType":"image","fileName":"naturaleza (18).png","fileSize":629938,"val":"mc-d6716bd7aa8da054348d25fd52cefbdf.png","aid":"cQ2b7Zhi7","size":629938},{"rType":"asset","rSubType":"audio","fileName":"insects.mp3","fileSize":50021,"val":"mc-4731750e56d0645a147277aeb24326a0.mp3","aid":"lBvnnJrNH","size":50021},{"rType":"asset","rSubType":"image","fileName":"naturaleza (14).png","fileSize":244547,"val":"mc-c1274e7c22c41c17459969eb79af268c.png","aid":"vkc1sUnGE","size":244547},{"rType":"asset","rSubType":"audio","fileName":"cloud.mp3","fileSize":25802,"val":"mc-d0f539066758b75f998a2b2248317c90.mp3","aid":"lrIblZJYf","size":25802},{"rType":"asset","rSubType":"image","fileName":"naturaleza (11).png","fileSize":359593,"val":"mc-df47110add03d324cccbef8b7d742352.png","aid":"o4g5VFMFQ","size":359593},{"rType":"asset","rSubType":"audio","fileName":"leaf.mp3","fileSize":24810,"val":"mc-2fb3406af25b66138a7bca45e4b71a72.mp3","aid":"na3IGFTzY","size":24810},{"rType":"asset","rSubType":"image","fileName":"naturaleza (19).png","fileSize":261163,"val":"mc-6b4fab15ab5746b3f09032c8e8c33c8b.png","aid":"qknbyNHuC","size":261163},{"rType":"asset","rSubType":"audio","fileName":"rock.mp3","fileSize":20299,"val":"mc-b67cd362795c3f3e2ccce7be4a8d896a.mp3","aid":"Cb_Cj3Oh9","size":20299},{"rType":"asset","rSubType":"image","fileName":"naturaleza.png","fileSize":231651,"val":"mc-c57c827336595c0faebf8394ce3f42ab.png","aid":"E7p8ASI6N","size":231651},{"rType":"asset","rSubType":"audio","fileName":"flower.mp3","fileSize":40377,"val":"mc-b16afb04e858cb2a7a4a6609d8433915.mp3","aid":"btns9VoxZ","size":40377},{"rType":"asset","rSubType":"image","fileName":"unsplash.jpg","fileSize":0,"val":"mc-fef853b1973cd84967676d07de4c2d05.jpg","aid":"ZA916Yeulj","size":128849},{"rType":"asset","rSubType":"image","fileName":"unsplash.jpg","fileSize":0,"val":"mc-2bdf984123efbaf1c6a58561c28ae404.jpg","aid":"emm7qH7qGk","size":1095400},{"rType":"asset","rSubType":"image","fileName":"naturaleza (6).png","fileSize":454327,"val":"mc-c4453d66308760f9c2b9993c7ba4c0f1.png","aid":"nihi46zBy","size":454327},{"rType":"asset","rSubType":"audio","fileName":"beach.mp3","fileSize":31441,"val":"mc-a94da79a16c5cc0c823a84bd563e5b0c.mp3","aid":"aXDvrYruP","size":31441},{"rType":"asset","rSubType":"image","fileName":"naturaleza (3).png","fileSize":216962,"aid":"Aw10JhgJw-","val":"mc-db4e3765389e2fc24907e845b30f9892.png","size":216962},{"rType":"asset","rSubType":"image","fileName":"naturaleza (8).png","fileSize":439609,"val":"mc-c6e7a1d2ada7c9b29da2ae76268fa8ea.png","aid":"P-tMtODHi","size":439609},{"rType":"asset","rSubType":"audio","fileName":"island.mp3","fileSize":30623,"val":"mc-20f9f7797fd04ce8fd6487292b54f517.mp3","aid":"qjhO1Lm4q","size":30623},{"rType":"asset","rSubType":"image","fileName":"naturaleza (3).png","fileSize":216962,"aid":"kL0H2qP0QR","val":"mc-db4e3765389e2fc24907e845b30f9892.png","size":216962},{"rType":"asset","rSubType":"image","fileName":"naturaleza (15).png","fileSize":577922,"val":"mc-99b4af29cf7d7666745d9da52eb01f62.png","aid":"TglB1UfF_","size":577922},{"rType":"asset","rSubType":"audio","fileName":"lake.mp3","fileSize":26742,"val":"mc-af0c707d328febe35fd0fe0b59e8d18b.mp3","aid":"brHAlJdcW","size":26742},{"rType":"asset","rSubType":"image","fileName":"naturaleza (1).png","fileSize":503719,"val":"mc-9bf26c589bdb279fa6a89aa739896dfd.png","aid":"grwUPqb0t","size":503719},{"rType":"asset","rSubType":"audio","fileName":"lown.mp3","fileSize":19224,"val":"mc-b8772ed00b3ea5e728d0d1d33a9ec043.mp3","aid":"_kJa3WkSn","size":19224},{"rType":"asset","rSubType":"image","fileName":"naturaleza (22).png","fileSize":483490,"val":"mc-fb83dd1aacb9ea579860711adce879ea.png","aid":"ykO18Z8Es","size":483490},{"rType":"asset","rSubType":"audio","fileName":"way.mp3","fileSize":29357,"val":"mc-83be16011954c4314d0a8b66699d47a8.mp3","aid":"MY_K6RW5l","size":29357},{"rType":"asset","rSubType":"image","fileName":"naturaleza (12).png","fileSize":584929,"val":"mc-8a18c83b747f91126d84c405219fb6d7.png","aid":"duA6TaiN8","size":584929},{"rType":"asset","rSubType":"audio","fileName":"cave.mp3","fileSize":24239,"val":"mc-07857ae03ad819d3cd040ba0a2f50ca5.mp3","aid":"ba5OpV5Ne","size":24239},{"rType":"asset","rSubType":"image","fileName":"naturaleza (24).png","fileSize":371380,"val":"mc-347799cd1bc87d433e0ba4b5829cc855.png","aid":"6jPJ7Snnc","size":371380},{"rType":"asset","rSubType":"audio","fileName":"hill.mp3","fileSize":23926,"val":"mc-97be92b29d5c17533e0707efc458db83.mp3","aid":"XmWe4KQOo","size":23926},{"rType":"asset","rSubType":"image","fileName":"naturaleza (2).png","fileSize":712763,"aid":"dNnvCgVSPL","val":"mc-829d8f4f87663f312346abe55b54a00d.png","size":712763},{"rType":"asset","rSubType":"image","fileName":"naturaleza (23).png","fileSize":1204714,"val":"mc-f70aed6abb50171fbe8087be41757b3e.png","aid":"W5m6V1Zh5","size":1204714},{"rType":"asset","rSubType":"audio","fileName":"sky.mp3","fileSize":36402,"val":"mc-e5cf5bc9bb851e70c76a59758ee752b2.mp3","aid":"1bZTPKrK1","size":36402},{"rType":"asset","rSubType":"image","fileName":"naturaleza (16).png","fileSize":344510,"val":"mc-ab9bd7ae4776979e0f618e1d1dc20d44.png","aid":"tYEJYnuTC","size":344510},{"rType":"asset","rSubType":"audio","fileName":"pond.mp3","fileSize":24025,"val":"mc-208ae41c9c1b19e74944f2d72656eed3.mp3","aid":"KX1AFrtta","size":24025},{"rType":"asset","rSubType":"image","fileName":"naturaleza (9).png","fileSize":1121258,"val":"mc-e36bb1d27102b59ddbec61a9d7089988.png","aid":"fzYSvM7cV","size":1121258},{"rType":"asset","rSubType":"audio","fileName":"waterfall.mp3","fileSize":43754,"val":"mc-e02f4ebad1552e927b2e4760f2112d7e.mp3","aid":"78M-YzwI9","size":43754},{"rType":"asset","rSubType":"image","fileName":"naturaleza (7).png","fileSize":900292,"val":"mc-dad6b5d838f66b1bfebce3a737e11c0d.png","aid":"TtTVKSosg","size":900292},{"rType":"asset","rSubType":"audio","fileName":"forest.mp3","fileSize":30529,"val":"mc-2fd55f76b60503f355fc358111130bbd.mp3","aid":"k8v6ide3D","size":30529},{"rType":"asset","rSubType":"image","fileName":"naturaleza (20).png","fileSize":326099,"val":"mc-500d99433c88c3949558c11a46f2dd83.png","aid":"zL6RZg_mz","size":326099},{"rType":"asset","rSubType":"audio","fileName":"worm.mp3","fileSize":30812,"val":"mc-33509a7e955f7d92133ae33750800820.mp3","aid":"mqws2fSeE","size":30812},{"rType":"asset","rSubType":"image","fileName":"naturaleza (2).png","fileSize":712763,"val":"mc-829d8f4f87663f312346abe55b54a00d.png","aid":"nGM9m9WD-","size":712763},{"rType":"asset","rSubType":"audio","fileName":"tree.mp3","fileSize":25494,"val":"mc-13ae5f9850eafa5e7ba540bec8a25963.mp3","aid":"GjYc18D7m","size":25494},{"rType":"asset","rSubType":"image","fileName":"naturaleza (10).png","fileSize":518013,"val":"mc-ce6d82d3a88a1da2d95d590b9d8cc4bc.png","aid":"OK9zQ-qIc","size":518013},{"rType":"asset","rSubType":"audio","fileName":"ocean.mp3","fileSize":28547,"val":"mc-8a994f7474d4b27c1f1cdb36412f5e40.mp3","aid":"GCW1ij-un","size":28547},{"rType":"asset","rSubType":"image","fileName":"naturaleza (17).png","fileSize":1254196,"val":"mc-af718d427b3ed8a5005b75336dd6e36c.png","aid":"L0bweiLKt","size":1254196},{"rType":"asset","rSubType":"audio","fileName":"jungle.mp3","fileSize":30684,"val":"mc-8c68d1e2844318b69e69c7b3651868ad.mp3","aid":"51LmPnt4T","size":30684}]