{"i":{"jBUkSdRZ5":{"id":"jBUkSdRZ5","type":"slide","setup":{"bg":{"selectedKey":"fill","fill":{"opac":1,"rgb":"#ff0000"}},"transparentBg":{"selectedKey":false},"bord":{"size":10,"rad":10}}},"xhVd4vRmTc":{"id":"xhVd4vRmTc","type":"interactive","subtype":"interactivePodCast","setup":{"bg":{"selectedKey":"image","fill":{"opac":1,"rgb":"#FFF"},"img":{"filt":{"opac":100,"gray":0,"blur":0,"tint":{"rgb":"#FFF","opac":0}},"pos":{"type":"fit","fit":{"bg":{"color":{"rgb":"#FFF","opac":100}},"vali":"center","hali":"center"},"crop":{"bg":{"color":{"rgb":"#FFF","opac":0}},"poi":{"x":707,"y":1051.5}},"mask":{"shape":1}},"measures":{"size":{"width":1414,"height":2000}},"orig":{"rType":"asset","rSubType":"image","fileName":"naturaleza (21).png","fileSize":466438,"val":"mc-1f51e0f1ab211d38c988f846cacfa907.png","aid":"GB52BPsjG"}}},"audio":{"orig":{"rType":"asset","rSubType":"audio","fileName":"air.mp3","fileSize":30556,"val":"mc-02f10b2a849623fb4b8ca07eccd2e5b6.mp3","aid":"nU4-KZGw0"}}}},"oXCXm8uYNs":{"id":"oXCXm8uYNs","type":"interactive","subtype":"interactivePodCast","setup":{"bg":{"selectedKey":"image","fill":{"opac":1,"rgb":"#FFF"},"img":{"filt":{"opac":100,"gray":0,"blur":0,"tint":{"rgb":"#FFF","opac":0}},"pos":{"type":"fit","fit":{"bg":{"color":{"rgb":"#FFF","opac":100}},"vali":"center","hali":"center"},"crop":{"bg":{"color":{"rgb":"#FFF","opac":0}},"poi":{"x":707,"y":1486.5}},"mask":{"shape":1}},"measures":{"size":{"width":1414,"height":2000}},"orig":{"rType":"asset","rSubType":"image","fileName":"naturaleza (3).png","fileSize":216962,"aid":"Aw10JhgJw-","val":"mc-db4e3765389e2fc24907e845b30f9892.png"}}}}},"TbMtz4zZGK":{"id":"TbMtz4zZGK","type":"interactive","subtype":"interactivePodCast","setup":{"bg":{"selectedKey":"image","fill":{"opac":1,"rgb":"#FFF"},"img":{"filt":{"opac":100,"gray":0,"blur":0,"tint":{"rgb":"#FFF","opac":0}},"pos":{"type":"fit","fit":{"bg":{"color":{"rgb":"#FFF","opac":100}},"vali":"center","hali":"center"},"crop":{"bg":{"color":{"rgb":"#FFF","opac":0}},"poi":{"x":707,"y":1486.5}},"mask":{"shape":1}},"measures":{"size":{"width":1414,"height":2000}},"orig":{"rType":"asset","rSubType":"image","fileName":"naturaleza (22).png","fileSize":483490,"val":"mc-fb83dd1aacb9ea579860711adce879ea.png","aid":"ykO18Z8Es"}}},"audio":{"orig":{"rType":"asset","rSubType":"audio","fileName":"way.mp3","fileSize":29357,"val":"mc-83be16011954c4314d0a8b66699d47a8.mp3","aid":"MY_K6RW5l"}}}},"FZBJDvhYWM":{"id":"FZBJDvhYWM","type":"interactive","subtype":"interactiveRichText","setup":{"frmeTp":{"selectedKey":"noneFrame"},"bg":{"fill":{"opac":0,"rgb":"#FFF"}},"txt":{"val":{"ops":[{"insert":"THE NATURE","attributes":{"bold":true,"color":"black"}},{"insert":"\n","attributes":{"size":"giant","align":"center"}}]},"rType":"richtext"},"vali":"middle","hali":""}},"JfAmyanjpa":{"id":"JfAmyanjpa","type":"interactive","subtype":"interactivePodCast","setup":{"bg":{"selectedKey":"image","fill":{"opac":1,"rgb":"#FFF"},"img":{"filt":{"opac":100,"gray":0,"blur":0,"tint":{"rgb":"#FFF","opac":0}},"pos":{"type":"fit","fit":{"bg":{"color":{"rgb":"#FFF","opac":100}},"vali":"center","hali":"center"},"crop":{"bg":{"color":{"rgb":"#FFF","opac":0}},"poi":{"x":707,"y":964.5}},"mask":{"shape":1}},"measures":{"size":{"width":1414,"height":2000}},"orig":{"rType":"asset","rSubType":"image","fileName":"naturaleza (20).png","fileSize":326099,"val":"mc-500d99433c88c3949558c11a46f2dd83.png","aid":"zL6RZg_mz"}}},"audio":{"orig":{"rType":"asset","rSubType":"audio","fileName":"worm.mp3","fileSize":30812,"val":"mc-33509a7e955f7d92133ae33750800820.mp3","aid":"mqws2fSeE"}}}}},"v":"1"}