{"i":{"CzMrvSHeg":{"id":"CzMrvSHeg","type":"slide","setup":{"bg":{"selectedKey":"fill","fill":{"opac":1,"rgb":"#ff0000"}},"transparentBg":{"selectedKey":false},"bord":{"size":10,"rad":10}}},"JlDSZxlx-u":{"id":"JlDSZxlx-u","type":"interactive","subtype":"interactivePodCast","setup":{"bg":{"selectedKey":"image","fill":{"opac":1,"rgb":"#FFF"},"img":{"filt":{"opac":100,"gray":0,"blur":0,"tint":{"rgb":"#FFF","opac":0}},"pos":{"type":"fit","fit":{"bg":{"color":{"rgb":"#FFF","opac":100}},"vali":"center","hali":"center"},"crop":{"bg":{"color":{"rgb":"#FFF","opac":0}},"poi":{"x":707,"y":921.5}},"mask":{"shape":1}},"measures":{"size":{"width":1414,"height":2000}},"orig":{"rType":"asset","rSubType":"image","fileName":"naturaleza (5).png","fileSize":714933,"val":"mc-29223b91bb2b4c869d93cc53aca30296.png","aid":"21-yINt2m"}}},"audio":{"orig":{"rType":"asset","rSubType":"audio","fileName":"dissert.mp3","fileSize":35037,"val":"mc-62ad3d83dfe87088186a2b89917bdc59.mp3","aid":"J8kI2RFga"}}}},"j-g2NdvRmR":{"id":"j-g2NdvRmR","type":"interactive","subtype":"interactivePodCast","setup":{"bg":{"selectedKey":"image","fill":{"opac":1,"rgb":"#FFF"},"img":{"filt":{"opac":100,"gray":0,"blur":0,"tint":{"rgb":"#FFF","opac":0}},"pos":{"type":"fit","fit":{"bg":{"color":{"rgb":"#FFF","opac":100}},"vali":"center","hali":"center"},"crop":{"bg":{"color":{"rgb":"#FFF","opac":0}},"poi":{"x":707,"y":1008.5}},"mask":{"shape":1}},"measures":{"size":{"width":1414,"height":2000}},"orig":{"rType":"asset","rSubType":"image","fileName":"naturaleza (4).png","fileSize":471926,"val":"mc-c16858674908b2e644bd130ce679c764.png","aid":"GsgPcdPyJ"}}},"audio":{"orig":{"rType":"asset","rSubType":"audio","fileName":"river.mp3","fileSize":22359,"val":"mc-ae2c7632665c3a42f135de3058e0cb47.mp3","aid":"PeOqKTcA2"}}}},"iG9DIWzwqj":{"id":"iG9DIWzwqj","type":"interactive","subtype":"interactiveRichText","setup":{"frmeTp":{"selectedKey":"noneFrame"},"bg":{"fill":{"opac":0,"rgb":"#FFF"}},"txt":{"val":{"ops":[{"insert":"THE NATURE","attributes":{"bold":true,"color":"black"}},{"insert":"\n","attributes":{"size":"giant","align":"center"}}]},"rType":"richtext"},"vali":"middle","hali":""}},"GDmN-IC6tW":{"id":"GDmN-IC6tW","type":"interactive","subtype":"interactivePodCast","setup":{"bg":{"selectedKey":"image","fill":{"opac":1,"rgb":"#FFF"},"img":{"filt":{"opac":100,"gray":0,"blur":0,"tint":{"rgb":"#FFF","opac":0}},"pos":{"type":"fit","fit":{"bg":{"color":{"rgb":"#FFF","opac":100}},"vali":"center","hali":"center"},"crop":{"bg":{"color":{"rgb":"#FFF","opac":0}},"poi":{"x":707,"y":1486.5}},"mask":{"shape":1}},"measures":{"size":{"width":1414,"height":2000}},"orig":{"rType":"asset","rSubType":"image","fileName":"naturaleza (6).png","fileSize":454327,"val":"mc-c4453d66308760f9c2b9993c7ba4c0f1.png","aid":"nihi46zBy"}}},"audio":{"orig":{"rType":"asset","rSubType":"audio","fileName":"beach.mp3","fileSize":31441,"val":"mc-a94da79a16c5cc0c823a84bd563e5b0c.mp3","aid":"aXDvrYruP"}}}},"wZTnUtnn8U":{"id":"wZTnUtnn8U","type":"interactive","subtype":"interactivePodCast","setup":{"bg":{"selectedKey":"image","fill":{"opac":1,"rgb":"#FFF"},"img":{"filt":{"opac":100,"gray":0,"blur":0,"tint":{"rgb":"#FFF","opac":0}},"pos":{"type":"fit","fit":{"bg":{"color":{"rgb":"#FFF","opac":100}},"vali":"center","hali":"center"},"crop":{"bg":{"color":{"rgb":"#FFF","opac":0}},"poi":{"x":707,"y":964.5}},"mask":{"shape":1}},"measures":{"size":{"width":1414,"height":2000}},"orig":{"rType":"asset","rSubType":"image","fileName":"naturaleza (7).png","fileSize":900292,"val":"mc-dad6b5d838f66b1bfebce3a737e11c0d.png","aid":"TtTVKSosg"}}},"audio":{"orig":{"rType":"asset","rSubType":"audio","fileName":"forest.mp3","fileSize":30529,"val":"mc-2fd55f76b60503f355fc358111130bbd.mp3","aid":"k8v6ide3D"}}}}},"v":"1"}