{"i":{"XsUwDYOpPR":{"id":"XsUwDYOpPR","type":"slide","setup":{"bg":{"selectedKey":"fill","fill":{"opac":1,"rgb":"#ffff00"}},"transparentBg":{"selectedKey":false},"bord":{"size":10,"rad":10}}},"QozjrsYjMw":{"id":"QozjrsYjMw","type":"interactive","subtype":"interactiveRichText","setup":{"frmeTp":{"selectedKey":"noneFrame"},"bg":{"fill":{"opac":0,"rgb":"#FFF"}},"txt":{"val":{"ops":[{"insert":"THE NATURE","attributes":{"bold":true,"color":"black"}},{"insert":"\n","attributes":{"size":"giant","align":"center"}}]},"rType":"richtext"},"vali":"middle","hali":""}},"50tRZJM6VO":{"id":"50tRZJM6VO","type":"interactive","subtype":"interactivePodCast","setup":{"bg":{"selectedKey":"image","fill":{"opac":1,"rgb":"#FFF"},"img":{"filt":{"opac":100,"gray":0,"blur":0,"tint":{"rgb":"#FFF","opac":0}},"pos":{"type":"fit","fit":{"bg":{"color":{"rgb":"#FFF","opac":100}},"vali":"center","hali":"center"},"crop":{"bg":{"color":{"rgb":"#FFF","opac":0}},"poi":{"x":707,"y":1225.5}},"mask":{"shape":1}},"measures":{"size":{"width":1414,"height":2000}},"orig":{"rType":"asset","rSubType":"image","fileName":"naturaleza (18).png","fileSize":629938,"val":"mc-d6716bd7aa8da054348d25fd52cefbdf.png","aid":"cQ2b7Zhi7"}}},"audio":{"orig":{"rType":"asset","rSubType":"audio","fileName":"insects.mp3","fileSize":50021,"val":"mc-4731750e56d0645a147277aeb24326a0.mp3","aid":"lBvnnJrNH"}}}},"UMwPKkDNte":{"id":"UMwPKkDNte","type":"interactive","subtype":"interactivePodCast","setup":{"bg":{"selectedKey":"image","fill":{"opac":1,"rgb":"#FFF"},"img":{"filt":{"opac":100,"gray":0,"blur":0,"tint":{"rgb":"#FFF","opac":0}},"pos":{"type":"fit","fit":{"bg":{"color":{"rgb":"#FFF","opac":100}},"vali":"center","hali":"center"},"crop":{"bg":{"color":{"rgb":"#FFF","opac":0}},"poi":{"x":707,"y":1008.5}},"mask":{"shape":1}},"measures":{"size":{"width":1414,"height":2000}},"orig":{"rType":"asset","rSubType":"image","fileName":"naturaleza (19).png","fileSize":261163,"val":"mc-6b4fab15ab5746b3f09032c8e8c33c8b.png","aid":"qknbyNHuC"}}},"audio":{"orig":{"rType":"asset","rSubType":"audio","fileName":"rock.mp3","fileSize":20299,"val":"mc-b67cd362795c3f3e2ccce7be4a8d896a.mp3","aid":"Cb_Cj3Oh9"}}}},"N9w011t9GV":{"id":"N9w011t9GV","type":"interactive","subtype":"interactivePodCast","setup":{"bg":{"selectedKey":"image","fill":{"opac":1,"rgb":"#FFF"},"img":{"filt":{"opac":100,"gray":0,"blur":0,"tint":{"rgb":"#FFF","opac":0}},"pos":{"type":"fit","fit":{"bg":{"color":{"rgb":"#FFF","opac":100}},"vali":"center","hali":"center"},"crop":{"bg":{"color":{"rgb":"#FFF","opac":0}},"poi":{"x":707,"y":1486.5}},"mask":{"shape":1}},"measures":{"size":{"width":1414,"height":2000}},"orig":{"rType":"asset","rSubType":"image","fileName":"naturaleza (16).png","fileSize":344510,"val":"mc-ab9bd7ae4776979e0f618e1d1dc20d44.png","aid":"tYEJYnuTC"}}},"audio":{"orig":{"rType":"asset","rSubType":"audio","fileName":"pond.mp3","fileSize":24025,"val":"mc-208ae41c9c1b19e74944f2d72656eed3.mp3","aid":"KX1AFrtta"}}}},"CKvx3ehJxY":{"id":"CKvx3ehJxY","type":"interactive","subtype":"interactivePodCast","setup":{"bg":{"selectedKey":"image","fill":{"opac":1,"rgb":"#FFF"},"img":{"filt":{"opac":100,"gray":0,"blur":0,"tint":{"rgb":"#FFF","opac":0}},"pos":{"type":"fit","fit":{"bg":{"color":{"rgb":"#FFF","opac":100}},"vali":"center","hali":"center"},"crop":{"bg":{"color":{"rgb":"#FFF","opac":0}},"poi":{"x":707,"y":964.5}},"mask":{"shape":1}},"measures":{"size":{"width":1414,"height":2000}},"orig":{"rType":"asset","rSubType":"image","fileName":"naturaleza (17).png","fileSize":1254196,"val":"mc-af718d427b3ed8a5005b75336dd6e36c.png","aid":"L0bweiLKt"}}},"audio":{"orig":{"rType":"asset","rSubType":"audio","fileName":"jungle.mp3","fileSize":30684,"val":"mc-8c68d1e2844318b69e69c7b3651868ad.mp3","aid":"51LmPnt4T"}}}}},"v":"1"}