{"i":{"offQcuRIBH":{"id":"offQcuRIBH","type":"slide","setup":{"bg":{"selectedKey":"fill","fill":{"opac":1,"rgb":"#fe860d"}},"transparentBg":{"selectedKey":false},"bord":{"size":10,"rad":10}}},"V679uJof5":{"id":"V679uJof5","type":"interactive","subtype":"interactivePodCast","setup":{"bg":{"selectedKey":"image","fill":{"opac":1,"rgb":"#FFF"},"img":{"filt":{"opac":100,"gray":0,"blur":0,"tint":{"rgb":"#FFF","opac":0}},"pos":{"type":"fit","fit":{"bg":{"color":{"rgb":"#FFF","opac":100}},"vali":"center","hali":"center"},"crop":{"bg":{"color":{"rgb":"#FFF","opac":0}},"poi":{"x":707,"y":1486.5}},"mask":{"shape":1}},"measures":{"size":{"width":1414,"height":2000}},"orig":{"rType":"asset","rSubType":"image","fileName":"naturaleza (3).png","fileSize":216962,"val":"mc-db4e3765389e2fc24907e845b30f9892.png","aid":"_z-zMuAjZ"}}},"audio":{"orig":{"rType":"asset","rSubType":"audio","fileName":"mountain.mp3","fileSize":32537,"val":"mc-f62f187a2e7b7b0a734a17bf464568d7.mp3","aid":"MxlW5oME-"}}}},"WrM8tmh3Y":{"id":"WrM8tmh3Y","type":"interactive","subtype":"interactivePodCast","setup":{"bg":{"selectedKey":"image","fill":{"opac":1,"rgb":"#FFF"},"img":{"filt":{"opac":100,"gray":0,"blur":0,"tint":{"rgb":"#FFF","opac":0}},"pos":{"type":"fit","fit":{"bg":{"color":{"rgb":"#FFF","opac":100}},"vali":"center","hali":"center"},"crop":{"bg":{"color":{"rgb":"#FFF","opac":0}},"poi":{"x":707,"y":1486.5}},"mask":{"shape":1}},"measures":{"size":{"width":1414,"height":2000}},"orig":{"rType":"asset","rSubType":"image","fileName":"naturaleza.png","fileSize":231651,"val":"mc-c57c827336595c0faebf8394ce3f42ab.png","aid":"E7p8ASI6N"}}},"audio":{"orig":{"rType":"asset","rSubType":"audio","fileName":"flower.mp3","fileSize":40377,"val":"mc-b16afb04e858cb2a7a4a6609d8433915.mp3","aid":"btns9VoxZ"}}}},"O75matTHz":{"id":"O75matTHz","type":"interactive","subtype":"interactivePodCast","setup":{"bg":{"selectedKey":"image","fill":{"opac":1,"rgb":"#FFF"},"img":{"filt":{"opac":100,"gray":0,"blur":0,"tint":{"rgb":"#FFF","opac":0}},"pos":{"type":"fit","fit":{"bg":{"color":{"rgb":"#FFF","opac":100}},"vali":"center","hali":"center"},"crop":{"bg":{"color":{"rgb":"#FFF","opac":0}},"poi":{"x":707,"y":964.5}},"mask":{"shape":1}},"measures":{"size":{"width":1414,"height":2000}},"orig":{"rType":"asset","rSubType":"image","fileName":"naturaleza (1).png","fileSize":503719,"val":"mc-9bf26c589bdb279fa6a89aa739896dfd.png","aid":"grwUPqb0t"}}},"audio":{"orig":{"rType":"asset","rSubType":"audio","fileName":"lown.mp3","fileSize":19224,"val":"mc-b8772ed00b3ea5e728d0d1d33a9ec043.mp3","aid":"_kJa3WkSn"}}}},"FPGm-KSKz":{"id":"FPGm-KSKz","type":"interactive","subtype":"interactiveRichText","setup":{"frmeTp":{"selectedKey":"noneFrame"},"bg":{"fill":{"opac":0,"rgb":"#FFF"}},"txt":{"val":{"ops":[{"insert":"THE NATURE","attributes":{"bold":true,"color":"black"}},{"insert":"\n","attributes":{"size":"giant","align":"center"}}]},"rType":"richtext"},"vali":"middle","hali":""}},"vYVx4P3ht":{"id":"vYVx4P3ht","type":"interactive","subtype":"interactivePodCast","setup":{"bg":{"selectedKey":"image","fill":{"opac":1,"rgb":"#FFF"},"img":{"filt":{"opac":100,"gray":0,"blur":0,"tint":{"rgb":"#FFF","opac":0}},"pos":{"type":"fit","fit":{"bg":{"color":{"rgb":"#FFF","opac":100}},"vali":"center","hali":"center"},"crop":{"bg":{"color":{"rgb":"#FFF","opac":0}},"poi":{"x":707,"y":964.5}},"mask":{"shape":1}},"measures":{"size":{"width":1414,"height":2000}},"orig":{"rType":"asset","rSubType":"image","fileName":"naturaleza (2).png","fileSize":712763,"val":"mc-829d8f4f87663f312346abe55b54a00d.png","aid":"nGM9m9WD-"}}},"audio":{"orig":{"rType":"asset","rSubType":"audio","fileName":"tree.mp3","fileSize":25494,"val":"mc-13ae5f9850eafa5e7ba540bec8a25963.mp3","aid":"GjYc18D7m"}}}}},"v":"1"}