{"i":{"8Xj4jtDks":{"id":"8Xj4jtDks","type":"slide","setup":{"bg":{"selectedKey":"fill","fill":{"opac":1,"rgb":"#fe860d"}},"transparentBg":{"selectedKey":false},"bord":{"size":10,"rad":10}}},"M8I3KlExXy":{"id":"M8I3KlExXy","type":"interactive","subtype":"interactiveRichText","setup":{"frmeTp":{"selectedKey":"noneFrame"},"bg":{"fill":{"opac":0,"rgb":"#FFF"}},"txt":{"val":{"ops":[{"insert":"THE NATURE","attributes":{"bold":true,"color":"black"}},{"insert":"\n","attributes":{"size":"giant","align":"center"}}]},"rType":"richtext"},"vali":"middle","hali":""}},"4wWhW1hl9Y":{"id":"4wWhW1hl9Y","type":"interactive","subtype":"interactivePodCast","setup":{"bg":{"selectedKey":"image","fill":{"opac":1,"rgb":"#FFF"},"img":{"filt":{"opac":100,"gray":0,"blur":0,"tint":{"rgb":"#FFF","opac":0}},"pos":{"type":"fit","fit":{"bg":{"color":{"rgb":"#FFF","opac":100}},"vali":"center","hali":"center"},"crop":{"bg":{"color":{"rgb":"#FFF","opac":0}},"poi":{"x":707,"y":1486.5}},"mask":{"shape":1}},"measures":{"size":{"width":1414,"height":2000}},"orig":{"rType":"asset","rSubType":"image","fileName":"naturaleza (3).png","fileSize":216962,"aid":"kL0H2qP0QR","val":"mc-db4e3765389e2fc24907e845b30f9892.png"}}}}},"WXmOshIgYX":{"id":"WXmOshIgYX","type":"interactive","subtype":"interactivePodCast","setup":{"bg":{"selectedKey":"image","fill":{"opac":1,"rgb":"#FFF"},"img":{"filt":{"opac":100,"gray":0,"blur":0,"tint":{"rgb":"#FFF","opac":0}},"pos":{"type":"fit","fit":{"bg":{"color":{"rgb":"#FFF","opac":100}},"vali":"center","hali":"center"},"crop":{"bg":{"color":{"rgb":"#FFF","opac":0}},"poi":{"x":707,"y":1356.5}},"mask":{"shape":1}},"measures":{"size":{"width":1414,"height":2000}},"orig":{"rType":"asset","rSubType":"image","fileName":"naturaleza (24).png","fileSize":371380,"val":"mc-347799cd1bc87d433e0ba4b5829cc855.png","aid":"6jPJ7Snnc"}}},"audio":{"orig":{"rType":"asset","rSubType":"audio","fileName":"hill.mp3","fileSize":23926,"val":"mc-97be92b29d5c17533e0707efc458db83.mp3","aid":"XmWe4KQOo"}}}},"mY5i-n7G2W":{"id":"mY5i-n7G2W","type":"interactive","subtype":"interactivePodCast","setup":{"bg":{"selectedKey":"image","fill":{"opac":1,"rgb":"#FFF"},"img":{"filt":{"opac":100,"gray":0,"blur":0,"tint":{"rgb":"#FFF","opac":0}},"pos":{"type":"fit","fit":{"bg":{"color":{"rgb":"#FFF","opac":100}},"vali":"center","hali":"center"},"crop":{"bg":{"color":{"rgb":"#FFF","opac":0}},"poi":{"x":707,"y":964.5}},"mask":{"shape":1}},"measures":{"size":{"width":1414,"height":2000}},"orig":{"rType":"asset","rSubType":"image","fileName":"naturaleza (2).png","fileSize":712763,"aid":"dNnvCgVSPL","val":"mc-829d8f4f87663f312346abe55b54a00d.png"}}}}},"yu-vV7_5rm":{"id":"yu-vV7_5rm","type":"interactive","subtype":"interactivePodCast","setup":{"bg":{"selectedKey":"image","fill":{"opac":1,"rgb":"#FFF"},"img":{"filt":{"opac":100,"gray":0,"blur":0,"tint":{"rgb":"#FFF","opac":0}},"pos":{"type":"fit","fit":{"bg":{"color":{"rgb":"#FFF","opac":100}},"vali":"center","hali":"center"},"crop":{"bg":{"color":{"rgb":"#FFF","opac":0}},"poi":{"x":707,"y":1486.5}},"mask":{"shape":1}},"measures":{"size":{"width":1414,"height":2000}},"orig":{"rType":"asset","rSubType":"image","fileName":"naturaleza (23).png","fileSize":1204714,"val":"mc-f70aed6abb50171fbe8087be41757b3e.png","aid":"W5m6V1Zh5"}}},"audio":{"orig":{"rType":"asset","rSubType":"audio","fileName":"sky.mp3","fileSize":36402,"val":"mc-e5cf5bc9bb851e70c76a59758ee752b2.mp3","aid":"1bZTPKrK1"}}}}},"v":"1"}