{"i":{"-0hZNFyin":{"id":"-0hZNFyin","type":"slide","setup":{"bg":{"selectedKey":"fill","fill":{"opac":1,"rgb":"#00ff00"}},"transparentBg":{"selectedKey":false},"bord":{"size":10,"rad":10}}},"irPGa9HEOF":{"id":"irPGa9HEOF","type":"interactive","subtype":"interactivePodCast","setup":{"bg":{"selectedKey":"image","fill":{"opac":1,"rgb":"#FFF"},"img":{"filt":{"opac":100,"gray":0,"blur":0,"tint":{"rgb":"#FFF","opac":0}},"pos":{"type":"fit","fit":{"bg":{"color":{"rgb":"#FFF","opac":100}},"vali":"center","hali":"center"},"crop":{"bg":{"color":{"rgb":"#FFF","opac":0}},"poi":{"x":707,"y":964.5}},"mask":{"shape":1}},"measures":{"size":{"width":1414,"height":2000}},"orig":{"rType":"asset","rSubType":"image","fileName":"naturaleza (11).png","fileSize":359593,"val":"mc-df47110add03d324cccbef8b7d742352.png","aid":"o4g5VFMFQ"}}},"audio":{"orig":{"rType":"asset","rSubType":"audio","fileName":"leaf.mp3","fileSize":24810,"val":"mc-2fb3406af25b66138a7bca45e4b71a72.mp3","aid":"na3IGFTzY"}}}},"LJ_TB5of8M":{"id":"LJ_TB5of8M","type":"interactive","subtype":"interactivePodCast","setup":{"bg":{"selectedKey":"image","fill":{"opac":1,"rgb":"#FFF"},"img":{"filt":{"opac":100,"gray":0,"blur":0,"tint":{"rgb":"#FFF","opac":0}},"pos":{"type":"fit","fit":{"bg":{"color":{"rgb":"#FFF","opac":100}},"vali":"center","hali":"center"},"crop":{"bg":{"color":{"rgb":"#FFF","opac":0}},"poi":{"x":707,"y":1008.5}},"mask":{"shape":1}},"measures":{"size":{"width":1414,"height":2000}},"orig":{"rType":"asset","rSubType":"image","fileName":"naturaleza (8).png","fileSize":439609,"val":"mc-c6e7a1d2ada7c9b29da2ae76268fa8ea.png","aid":"P-tMtODHi"}}},"audio":{"orig":{"rType":"asset","rSubType":"audio","fileName":"island.mp3","fileSize":30623,"val":"mc-20f9f7797fd04ce8fd6487292b54f517.mp3","aid":"qjhO1Lm4q"}}}},"50GsLHmY_I":{"id":"50GsLHmY_I","type":"interactive","subtype":"interactivePodCast","setup":{"bg":{"selectedKey":"image","fill":{"opac":1,"rgb":"#FFF"},"img":{"filt":{"opac":100,"gray":0,"blur":0,"tint":{"rgb":"#FFF","opac":0}},"pos":{"type":"fit","fit":{"bg":{"color":{"rgb":"#FFF","opac":100}},"vali":"center","hali":"center"},"crop":{"bg":{"color":{"rgb":"#FFF","opac":0}},"poi":{"x":707,"y":1486.5}},"mask":{"shape":1}},"measures":{"size":{"width":1414,"height":2000}},"orig":{"rType":"asset","rSubType":"image","fileName":"naturaleza (9).png","fileSize":1121258,"val":"mc-e36bb1d27102b59ddbec61a9d7089988.png","aid":"fzYSvM7cV"}}},"audio":{"orig":{"rType":"asset","rSubType":"audio","fileName":"waterfall.mp3","fileSize":43754,"val":"mc-e02f4ebad1552e927b2e4760f2112d7e.mp3","aid":"78M-YzwI9"}}}},"n6BhqbVdfR":{"id":"n6BhqbVdfR","type":"interactive","subtype":"interactiveRichText","setup":{"frmeTp":{"selectedKey":"noneFrame"},"bg":{"fill":{"opac":0,"rgb":"#FFF"}},"txt":{"val":{"ops":[{"insert":"THE NATURE","attributes":{"bold":true,"color":"black"}},{"insert":"\n","attributes":{"size":"giant","align":"center"}}]},"rType":"richtext"},"vali":"middle","hali":""}},"VDoC2AHooU":{"id":"VDoC2AHooU","type":"interactive","subtype":"interactivePodCast","setup":{"bg":{"selectedKey":"image","fill":{"opac":1,"rgb":"#FFF"},"img":{"filt":{"opac":100,"gray":0,"blur":0,"tint":{"rgb":"#FFF","opac":0}},"pos":{"type":"fit","fit":{"bg":{"color":{"rgb":"#FFF","opac":100}},"vali":"center","hali":"center"},"crop":{"bg":{"color":{"rgb":"#FFF","opac":0}},"poi":{"x":707,"y":964.5}},"mask":{"shape":1}},"measures":{"size":{"width":1414,"height":2000}},"orig":{"rType":"asset","rSubType":"image","fileName":"naturaleza (10).png","fileSize":518013,"val":"mc-ce6d82d3a88a1da2d95d590b9d8cc4bc.png","aid":"OK9zQ-qIc"}}},"audio":{"orig":{"rType":"asset","rSubType":"audio","fileName":"ocean.mp3","fileSize":28547,"val":"mc-8a994f7474d4b27c1f1cdb36412f5e40.mp3","aid":"GCW1ij-un"}}}}},"v":"1"}