{"i":{"q8v5y9jIH":{"id":"q8v5y9jIH","type":"slide","setup":{"bg":{"selectedKey":"fill","fill":{"opac":1,"rgb":"#ff00ff"}},"transparentBg":{"selectedKey":false},"bord":{"size":10,"rad":10}}},"cssGFCxanL":{"id":"cssGFCxanL","type":"interactive","subtype":"interactivePodCast","setup":{"bg":{"selectedKey":"image","fill":{"opac":1,"rgb":"#FFF"},"img":{"filt":{"opac":100,"gray":0,"blur":0,"tint":{"rgb":"#FFF","opac":0}},"pos":{"type":"fit","fit":{"bg":{"color":{"rgb":"#FFF","opac":100}},"vali":"center","hali":"center"},"crop":{"bg":{"color":{"rgb":"#FFF","opac":0}},"poi":{"x":707,"y":964.5}},"mask":{"shape":1}},"measures":{"size":{"width":1414,"height":2000}},"orig":{"rType":"asset","rSubType":"image","fileName":"naturaleza (13).png","fileSize":326335,"val":"mc-a0f3979cae8ebf29010a6f087490ebe2.png","aid":"WCI_nDU80"}}},"audio":{"orig":{"rType":"asset","rSubType":"audio","fileName":"sun.mp3","fileSize":37234,"val":"mc-1b4e7da80581ddf6fab8bf4d1b2ca383.mp3","aid":"sDQshdXeE"}}}},"gWTq6teWB-":{"id":"gWTq6teWB-","type":"interactive","subtype":"interactiveRichText","setup":{"frmeTp":{"selectedKey":"noneFrame"},"bg":{"fill":{"opac":0,"rgb":"#FFF"}},"txt":{"val":{"ops":[{"insert":"THE NATURE","attributes":{"bold":true,"color":"black"}},{"insert":"\n","attributes":{"size":"giant","align":"center"}}]},"rType":"richtext"},"vali":"middle","hali":""}},"FEXqNIGxZA":{"id":"FEXqNIGxZA","type":"interactive","subtype":"interactivePodCast","setup":{"bg":{"selectedKey":"image","fill":{"opac":1,"rgb":"#FFF"},"img":{"filt":{"opac":100,"gray":0,"blur":0,"tint":{"rgb":"#FFF","opac":0}},"pos":{"type":"fit","fit":{"bg":{"color":{"rgb":"#FFF","opac":100}},"vali":"center","hali":"center"},"crop":{"bg":{"color":{"rgb":"#FFF","opac":0}},"poi":{"x":707,"y":1486.5}},"mask":{"shape":1}},"measures":{"size":{"width":1414,"height":2000}},"orig":{"rType":"asset","rSubType":"image","fileName":"naturaleza (14).png","fileSize":244547,"val":"mc-c1274e7c22c41c17459969eb79af268c.png","aid":"vkc1sUnGE"}}},"audio":{"orig":{"rType":"asset","rSubType":"audio","fileName":"cloud.mp3","fileSize":25802,"val":"mc-d0f539066758b75f998a2b2248317c90.mp3","aid":"lrIblZJYf"}}}},"y3Q1h4KYfE":{"id":"y3Q1h4KYfE","type":"interactive","subtype":"interactivePodCast","setup":{"bg":{"selectedKey":"image","fill":{"opac":1,"rgb":"#FFF"},"img":{"filt":{"opac":100,"gray":0,"blur":0,"tint":{"rgb":"#FFF","opac":0}},"pos":{"type":"fit","fit":{"bg":{"color":{"rgb":"#FFF","opac":100}},"vali":"center","hali":"center"},"crop":{"bg":{"color":{"rgb":"#FFF","opac":0}},"poi":{"x":707,"y":1486.5}},"mask":{"shape":1}},"measures":{"size":{"width":1414,"height":2000}},"orig":{"rType":"asset","rSubType":"image","fileName":"naturaleza (15).png","fileSize":577922,"val":"mc-99b4af29cf7d7666745d9da52eb01f62.png","aid":"TglB1UfF_"}}},"audio":{"orig":{"rType":"asset","rSubType":"audio","fileName":"lake.mp3","fileSize":26742,"val":"mc-af0c707d328febe35fd0fe0b59e8d18b.mp3","aid":"brHAlJdcW"}}}},"GG8iN8wu7s":{"id":"GG8iN8wu7s","type":"interactive","subtype":"interactivePodCast","setup":{"bg":{"selectedKey":"image","fill":{"opac":1,"rgb":"#FFF"},"img":{"filt":{"opac":100,"gray":0,"blur":0,"tint":{"rgb":"#FFF","opac":0}},"pos":{"type":"fit","fit":{"bg":{"color":{"rgb":"#FFF","opac":100}},"vali":"center","hali":"center"},"crop":{"bg":{"color":{"rgb":"#FFF","opac":0}},"poi":{"x":707,"y":1486.5}},"mask":{"shape":1}},"measures":{"size":{"width":1414,"height":2000}},"orig":{"rType":"asset","rSubType":"image","fileName":"naturaleza (12).png","fileSize":584929,"val":"mc-8a18c83b747f91126d84c405219fb6d7.png","aid":"duA6TaiN8"}}},"audio":{"orig":{"rType":"asset","rSubType":"audio","fileName":"cave.mp3","fileSize":24239,"val":"mc-07857ae03ad819d3cd040ba0a2f50ca5.mp3","aid":"ba5OpV5Ne"}}}}},"v":"1"}