[{"rType":"asset","rSubType":"image","fileName":"good.png","fileSize":189357,"val":"mc-7b7e023c434d63a43d3ba4419bb14e8b.png","aid":"74K2q5ejO","size":189357},{"rType":"asset","rSubType":"audio","fileName":"good night.m4a","fileSize":64665,"val":"mc-895c88e373d3f2ddcd4ebd885d1bd7ae.m4a","aid":"9UBi-D288","size":64665},{"rType":"asset","rSubType":"image","fileName":"freej (10).png","fileSize":190470,"val":"mc-ed06a9efcb138a382a850af5552675b7.png","aid":"dM2aOLiGB","size":190470},{"rType":"asset","rSubType":"audio","fileName":"how are you-.m4a","fileSize":70631,"val":"mc-250e0b88332d1ef87df9c198840b1823.m4a","aid":"0uZ8g0Rmp","size":70631},{"rType":"asset","rSubType":"image","fileName":"3178697.jpg","fileSize":456464,"val":"mc-f238c8ddf72d3cf6a425f1eae8d53fe6.jpg","aid":"OwTG0d6CM","size":456464},{"rType":"asset","rSubType":"image","fileName":"unsplash.jpg","fileSize":0,"val":"mc-2bdf984123efbaf1c6a58561c28ae404.jpg","aid":"5mrlx90E2b","size":1095400},{"rType":"asset","rSubType":"image","fileName":"freej (15).png","fileSize":345165,"val":"mc-7a3a71ea7cb58ac083c2cf4e30f5cfb4.png","aid":"dhmYjORzQ","size":345165},{"rType":"asset","rSubType":"audio","fileName":"nice to see you.m4a","fileSize":104471,"val":"mc-bb693e30390995890765ba20733e3ca0.m4a","aid":"e3neNHpFE","size":104471},{"rType":"asset","rSubType":"image","fileName":"HGTF.png","fileSize":421575,"val":"mc-34c3cc2f42ed38f205003ca9e16f12d0.png","aid":"jm3eWC43p","size":421575},{"rType":"asset","rSubType":"audio","fileName":"good morning.m4a","fileSize":55449,"val":"mc-079725aaf7ab68b5d80e6a19793cdc24.m4a","aid":"lWzvVJpQy","size":55449},{"rType":"asset","rSubType":"image","fileName":"freej (6).png","fileSize":221065,"val":"mc-3a2a05351d19be0ea61c74dff8b22287.png","aid":"B9curpNcb","size":221065},{"rType":"asset","rSubType":"audio","fileName":"good evening.m4a","fileSize":52377,"val":"mc-f7fef7c39145de5d56d56390d4f75e88.m4a","aid":"lsSWtFl4V","size":52377},{"rType":"asset","rSubType":"image","fileName":"freej (12).png","fileSize":188937,"val":"mc-39a3d2c4544773d71a258de026276adf.png","aid":"diEE0xZLc","size":188937},{"rType":"asset","rSubType":"audio","fileName":"good to see you.m4a","fileSize":57497,"val":"mc-eb7c2390bac4881e68269c6f7eb544da.m4a","aid":"tmiGaUD-V","size":57497},{"rType":"asset","rSubType":"image","fileName":"freej (5).png","fileSize":221533,"val":"mc-a9ee2e06fbc098f021f64f9c0782cfd3.png","aid":"6MUVy6QMd","size":221533},{"rType":"asset","rSubType":"audio","fileName":"good afternoon.m4a","fileSize":60569,"val":"mc-d4e9cb840fbc6f49086b2d366175625c.m4a","aid":"PFX6DDNMG","size":60569},{"rType":"asset","rSubType":"image","fileName":"freej (3).png","fileSize":81841,"val":"mc-06a5a8cff7299d8972f6366bf98acc74.png","aid":"30d-9vjih","size":81841},{"rType":"asset","rSubType":"audio","fileName":"hello.m4a","fileSize":58521,"val":"mc-cdaa3cc6699210b6f965e9a93f81e6e3.m4a","aid":"yQOGcQOn7","size":58521}]