{"i":{"NcZhDjAo7":{"id":"NcZhDjAo7","type":"slide","setup":{"bg":{"selectedKey":"fill","fill":{"opac":1,"rgb":"#ffff00"}},"transparentBg":{"selectedKey":false},"bord":{"size":10,"rad":10}}},"pnK9i4qD18":{"id":"pnK9i4qD18","type":"interactive","subtype":"interactiveRichText","setup":{"frmeTp":{"selectedKey":"noneFrame"},"bg":{"fill":{"opac":0,"rgb":"#FFF"}},"hali":"","txt":{"val":{"ops":[{"attributes":{"align":"center","size":"giant"},"insert":"\n"},{"insert":"FORMAL GREETINGS","attributes":{"script":"super","bold":true,"color":"var(--TC2)"}},{"insert":"\n","attributes":{"align":"center","size":"giant"}}]},"rType":"richtext"},"vali":"middle"}},"5hts4Gp-Td":{"id":"5hts4Gp-Td","type":"interactive","subtype":"interactivePodCast","setup":{"bg":{"selectedKey":"image","fill":{"opac":1,"rgb":"#FFF"},"img":{"filt":{"opac":100,"gray":0,"blur":0,"tint":{"rgb":"#FFF","opac":0}},"pos":{"type":"fit","fit":{"bg":{"color":{"rgb":"#FFF","opac":100}},"vali":"center","hali":"center"},"crop":{"bg":{"color":{"rgb":"#FFF","opac":0}},"poi":{"x":772.5,"y":863.5}},"mask":{"shape":1}},"measures":{"size":{"width":1545,"height":2000}},"orig":{"rType":"asset","rSubType":"image","fileName":"freej (6).png","fileSize":221065,"val":"mc-3a2a05351d19be0ea61c74dff8b22287.png","aid":"B9curpNcb"}}},"audio":{"orig":{"rType":"asset","rSubType":"audio","fileName":"good evening.m4a","fileSize":52377,"val":"mc-f7fef7c39145de5d56d56390d4f75e88.m4a","aid":"lsSWtFl4V"}}}},"IO8_GxbPhR":{"id":"IO8_GxbPhR","type":"interactive","subtype":"interactivePodCast","setup":{"bg":{"selectedKey":"image","fill":{"opac":1,"rgb":"#FFF"},"img":{"filt":{"opac":100,"gray":0,"blur":0,"tint":{"rgb":"#FFF","opac":0}},"pos":{"type":"fit","fit":{"bg":{"color":{"rgb":"#FFF","opac":100}},"vali":"center","hali":"center"},"crop":{"bg":{"color":{"rgb":"#FFF","opac":0}},"poi":{"x":772.5,"y":578.5}},"mask":{"shape":1}},"measures":{"size":{"width":1545,"height":2000}},"orig":{"rType":"asset","rSubType":"image","fileName":"freej (5).png","fileSize":221533,"val":"mc-a9ee2e06fbc098f021f64f9c0782cfd3.png","aid":"6MUVy6QMd"}}},"audio":{"orig":{"rType":"asset","rSubType":"audio","fileName":"good afternoon.m4a","fileSize":60569,"val":"mc-d4e9cb840fbc6f49086b2d366175625c.m4a","aid":"PFX6DDNMG"}}}}},"v":"1"}