{"i":{"Bj_aTufMyCx":{"id":"Bj_aTufMyCx","type":"slide","setup":{"transparentBg":{"selectedKey":false},"bord":{"size":10,"rad":10},"bg":{"selectedKey":"fill","fill":{"opac":1,"rgb":"#0000ff"}}}},"UMZBAiEhM":{"id":"UMZBAiEhM","type":"interactive","subtype":"interactiveRichText","setup":{"frmeTp":{"selectedKey":"noneFrame"},"bg":{"fill":{"opac":0,"rgb":"#FFF"}},"hali":"","txt":{"val":{"ops":[{"insert":"\n","attributes":{"align":"center","size":"giant"}},{"insert":"FORMAL GREETINGS","attributes":{"bold":true,"color":"var(--TC2)","script":"super"}},{"insert":"\n","attributes":{"align":"center","size":"giant"}}]},"rType":"richtext"},"vali":"middle"}},"gIlWeRfEj":{"id":"gIlWeRfEj","type":"interactive","subtype":"interactivePodCast","setup":{"bg":{"selectedKey":"image","fill":{"opac":1,"rgb":"#FFF"},"img":{"filt":{"opac":100,"gray":0,"blur":0,"tint":{"rgb":"#FFF","opac":0}},"pos":{"type":"fit","fit":{"bg":{"color":{"rgb":"#FFF","opac":100}},"vali":"center","hali":"center"},"crop":{"bg":{"color":{"rgb":"#FFF","opac":0}},"poi":{"x":772.5,"y":958.5}},"mask":{"shape":1}},"measures":{"size":{"width":1545,"height":2000}},"orig":{"rType":"asset","rSubType":"image","fileName":"HGTF.png","fileSize":421575,"val":"mc-34c3cc2f42ed38f205003ca9e16f12d0.png","aid":"jm3eWC43p"}}},"audio":{"orig":{"rType":"asset","rSubType":"audio","fileName":"good morning.m4a","fileSize":55449,"val":"mc-079725aaf7ab68b5d80e6a19793cdc24.m4a","aid":"lWzvVJpQy"}}}},"QAjGEeZSd":{"id":"QAjGEeZSd","type":"interactive","subtype":"interactivePodCast","setup":{"bg":{"selectedKey":"image","fill":{"opac":1,"rgb":"#FFF"},"img":{"filt":{"opac":100,"gray":0,"blur":0,"tint":{"rgb":"#FFF","opac":0}},"pos":{"type":"fit","fit":{"bg":{"color":{"rgb":"#FFF","opac":100}},"vali":"center","hali":"center"},"crop":{"bg":{"color":{"rgb":"#FFF","opac":0}},"poi":{"x":772.5,"y":578.5}},"mask":{"shape":1}},"measures":{"size":{"width":1545,"height":2000}},"orig":{"rType":"asset","rSubType":"image","fileName":"freej (3).png","fileSize":81841,"val":"mc-06a5a8cff7299d8972f6366bf98acc74.png","aid":"30d-9vjih"}}},"audio":{"orig":{"rType":"asset","rSubType":"audio","fileName":"hello.m4a","fileSize":58521,"val":"mc-cdaa3cc6699210b6f965e9a93f81e6e3.m4a","aid":"yQOGcQOn7"}}}}},"v":"1"}