{"i":{"ntBPK11Q-":{"id":"ntBPK11Q-","type":"slide","setup":{"bg":{"selectedKey":"fill","fill":{"opac":1,"rgb":"#00ff00"}},"transparentBg":{"selectedKey":false},"bord":{"size":10,"rad":10}}},"j5fcqMMXFD":{"id":"j5fcqMMXFD","type":"interactive","subtype":"interactivePodCast","setup":{"bg":{"selectedKey":"image","fill":{"opac":1,"rgb":"#FFF"},"img":{"filt":{"opac":100,"gray":0,"blur":0,"tint":{"rgb":"#FFF","opac":0}},"pos":{"type":"fit","fit":{"bg":{"color":{"rgb":"#FFF","opac":100}},"vali":"center","hali":"center"},"crop":{"bg":{"color":{"rgb":"#FFF","opac":0}},"poi":{"x":772.5,"y":816.5}},"mask":{"shape":1}},"measures":{"size":{"width":1545,"height":2000}},"orig":{"rType":"asset","rSubType":"image","fileName":"good.png","fileSize":189357,"val":"mc-7b7e023c434d63a43d3ba4419bb14e8b.png","aid":"74K2q5ejO"}}},"audio":{"orig":{"rType":"asset","rSubType":"audio","fileName":"good night.m4a","fileSize":64665,"val":"mc-895c88e373d3f2ddcd4ebd885d1bd7ae.m4a","aid":"9UBi-D288"}}}},"gbwjQy8xKb":{"id":"gbwjQy8xKb","type":"interactive","subtype":"interactiveRichText","setup":{"frmeTp":{"selectedKey":"noneFrame"},"bg":{"fill":{"opac":0,"rgb":"#FFF"}},"hali":"","txt":{"val":{"ops":[{"attributes":{"align":"center","size":"giant"},"insert":"\n"},{"insert":"FORMAL GREETINGS","attributes":{"script":"super","bold":true,"color":"var(--TC2)"}},{"insert":"\n","attributes":{"align":"center","size":"giant"}}]},"rType":"richtext"},"vali":"middle"}},"l2an2idKxT":{"id":"l2an2idKxT","type":"interactive","subtype":"interactivePodCast","setup":{"bg":{"selectedKey":"image","fill":{"opac":1,"rgb":"#FFF"},"img":{"filt":{"opac":100,"gray":0,"blur":0,"tint":{"rgb":"#FFF","opac":0}},"pos":{"type":"fit","fit":{"bg":{"color":{"rgb":"#FFF","opac":100}},"vali":"center","hali":"center"},"crop":{"bg":{"color":{"rgb":"#FFF","opac":0}},"poi":{"x":772.5,"y":1149.5}},"mask":{"shape":1}},"measures":{"size":{"width":1545,"height":2000}},"orig":{"rType":"asset","rSubType":"image","fileName":"freej (10).png","fileSize":190470,"val":"mc-ed06a9efcb138a382a850af5552675b7.png","aid":"dM2aOLiGB"}}},"audio":{"orig":{"rType":"asset","rSubType":"audio","fileName":"how are you-.m4a","fileSize":70631,"val":"mc-250e0b88332d1ef87df9c198840b1823.m4a","aid":"0uZ8g0Rmp"}}}}},"v":"1"}