{"i":{"Lxk8a8Fjh":{"id":"Lxk8a8Fjh","type":"slide","setup":{"transparentBg":{"selectedKey":false},"bord":{"size":11,"rad":10},"bg":{"selectedKey":"fill","fill":{"opac":1,"rgb":"#ff0000"}}}},"9bSb1cL1NC":{"id":"9bSb1cL1NC","type":"interactive","subtype":"interactiveRichText","setup":{"frmeTp":{"selectedKey":"noneFrame"},"bg":{"fill":{"opac":0,"rgb":"#ffff00"}},"hali":"","txt":{"val":{"ops":[{"attributes":{"size":"giant","align":"center"},"insert":"\n"},{"insert":"FORMAL GREETINGS","attributes":{"script":"super","bold":true,"color":"var(--TC2)"}},{"insert":"\n","attributes":{"size":"giant","align":"center"}}]},"rType":"richtext"},"vali":"middle"}},"bYM_YblPG":{"id":"bYM_YblPG","type":"interactive","subtype":"interactivePodCast","setup":{"bg":{"selectedKey":"image","fill":{"opac":1,"rgb":"#FFF"},"img":{"filt":{"opac":100,"gray":0,"blur":0,"tint":{"rgb":"#FFF","opac":0}},"pos":{"type":"fit","fit":{"bg":{"color":{"rgb":"#FFF","opac":100}},"vali":"center","hali":"center"},"crop":{"bg":{"color":{"rgb":"#FFF","opac":0}},"poi":{"x":772.5,"y":626.5}},"mask":{"shape":1}},"measures":{"size":{"width":1545,"height":2000}},"orig":{"rType":"asset","rSubType":"image","fileName":"freej (15).png","fileSize":345165,"val":"mc-7a3a71ea7cb58ac083c2cf4e30f5cfb4.png","aid":"dhmYjORzQ"}}},"audio":{"orig":{"rType":"asset","rSubType":"audio","fileName":"nice to see you.m4a","fileSize":104471,"val":"mc-bb693e30390995890765ba20733e3ca0.m4a","aid":"e3neNHpFE"}}}},"nQ5spAn9uK":{"id":"nQ5spAn9uK","type":"interactive","subtype":"interactivePodCast","setup":{"bg":{"selectedKey":"image","fill":{"opac":1,"rgb":"#FFF"},"img":{"filt":{"opac":100,"gray":0,"blur":0,"tint":{"rgb":"#FFF","opac":0}},"pos":{"type":"fit","fit":{"bg":{"color":{"rgb":"#FFF","opac":100}},"vali":"center","hali":"center"},"crop":{"bg":{"color":{"rgb":"#FFF","opac":0}},"poi":{"x":772.5,"y":1149.5}},"mask":{"shape":1}},"measures":{"size":{"width":1545,"height":2000}},"orig":{"rType":"asset","rSubType":"image","fileName":"freej (12).png","fileSize":188937,"val":"mc-39a3d2c4544773d71a258de026276adf.png","aid":"diEE0xZLc"}}},"audio":{"orig":{"rType":"asset","rSubType":"audio","fileName":"good to see you.m4a","fileSize":57497,"val":"mc-eb7c2390bac4881e68269c6f7eb544da.m4a","aid":"tmiGaUD-V"}}}}},"v":"1"}