[{"rType":"asset","rSubType":"image","fileName":"utiles escolares (15).png","fileSize":1112045,"val":"mc-bd4458ec47981e8322b0377695de7bb4.png","aid":"1irS2bwJv","size":1112045},{"rType":"asset","rSubType":"audio","fileName":"paintbrush.mp3","fileSize":30500,"val":"mc-11b484ed578fbcdd02edbd7f9d9e5b24.mp3","aid":"KbEugXAzv","size":30500},{"rType":"asset","rSubType":"image","fileName":"utiles escolares (4).png","fileSize":441990,"val":"mc-c3cb7d3bb13b296d95aaecbef34c85d3.png","aid":"9wxJQIBgv","size":441990},{"rType":"asset","rSubType":"audio","fileName":"ruler.mp3","fileSize":53547,"val":"mc-cac7d6913bb52b6137610e3a174a435d.mp3","aid":"ZhwzOc6A1","size":53547},{"rType":"asset","rSubType":"image","fileName":"utiles escolares (5).png","fileSize":226333,"val":"mc-9b390662ba8c94f11743f4e2e0e7f826.png","aid":"TRG_j1oVs","size":226333},{"rType":"asset","rSubType":"audio","fileName":"pencil.mp3","fileSize":17505,"val":"mc-903d4e107cb0b24c3b194a8dff61809f.mp3","aid":"N8_6IjXKu","size":17505},{"rType":"asset","rSubType":"image","fileName":"vegetales  (19).png","fileSize":538085,"val":"mc-03340700b9d6d93b2e1c44cf03d85b84.png","aid":"B0jBYE1F9_","size":538085},{"rType":"asset","rSubType":"image","fileName":"utiles escolares (8).png","fileSize":367227,"val":"mc-f16d3c3cfa995def23f00b3b8a15b82c.png","aid":"oBv6YkFWS","size":367227},{"rType":"asset","rSubType":"audio","fileName":"sharpenes.mp3","fileSize":22279,"val":"mc-c851534645eb32881848e8f503600057.mp3","aid":"Wr6QjcVUk","size":22279},{"rType":"asset","rSubType":"image","fileName":"utiles escolares (10).png","fileSize":1018430,"val":"mc-fbe60e3ff0e93b8daf4cd83e2665653c.png","aid":"Ax3HRTjoN","size":1018430},{"rType":"asset","rSubType":"audio","fileName":"board.mp3","fileSize":30441,"val":"mc-efa15b01b2e414505afbd354ba3b00bb.mp3","aid":"DIIO9c6-n","size":30441},{"rType":"asset","rSubType":"image","fileName":"utiles escolares (11).png","fileSize":391641,"val":"mc-65c9f66484d861fb17f8f3282b801e48.png","aid":"CHuFStSyX","size":391641},{"rType":"asset","rSubType":"audio","fileName":"desk.mp3","fileSize":28934,"val":"mc-658e5531ad2e9b7469a09b41f7f87ec0.mp3","aid":"x8gJXIQSF","size":28934},{"rType":"asset","rSubType":"image","fileName":"utiles escolares (18).png","fileSize":264313,"val":"mc-4ad6b3940cba03b7d20d24281251b902.png","aid":"4EE86wdm2","size":264313},{"rType":"asset","rSubType":"audio","fileName":"rubber stamp.mp3","fileSize":29036,"val":"mc-cd1aefe1e5f8ceb9f836514a6f1b4da6.mp3","aid":"6PJGXQzPe","size":29036},{"rType":"asset","rSubType":"image","fileName":"utiles escolares (3).png","fileSize":497475,"val":"mc-568f1374e3719dbe554592cd7f28b158.png","aid":"jIMcl6_7e","size":497475},{"rType":"asset","rSubType":"audio","fileName":"school bag.mp3","fileSize":41199,"val":"mc-944724ac87386d698ba8a2d216418fa6.mp3","aid":"AvDeNAp-4","size":41199},{"rType":"asset","rSubType":"image","fileName":"portada iseazy 10.png","fileSize":59840,"val":"mc-003dca05920ddfc5e3397d7647d61ef0.png","aid":"6WHP01iAk","size":59840},{"rType":"asset","rSubType":"image","fileName":"unsplash.jpg","fileSize":0,"val":"mc-2bdf984123efbaf1c6a58561c28ae404.jpg","aid":"6hgt-LkGbN","size":1095400},{"rType":"asset","rSubType":"image","fileName":"utiles escolares (16).png","fileSize":137912,"val":"mc-a69ccaea34df6cd9d2432a41f43c7ce2.png","aid":"Kvn0Ds5dc","size":137912},{"rType":"asset","rSubType":"audio","fileName":"overall.mp3","fileSize":33916,"val":"mc-bb7936e5dedef6ba1539cb3584502e9c.mp3","aid":"DJqIal4RH","size":33916},{"rType":"asset","rSubType":"image","fileName":"utiles escolares (1).png","fileSize":385064,"val":"mc-4bdfae87b209c06073c124e20818fcb4.png","aid":"fI_aIISBN","size":385064},{"rType":"asset","rSubType":"audio","fileName":"color.mp3","fileSize":63993,"val":"mc-bd27494d1e7b5952fe6cac37012141e1.mp3","aid":"jYAW6ZBk5","size":63993},{"rType":"asset","rSubType":"image","fileName":"utiles escolares (13).png","fileSize":97684,"val":"mc-082178e86c61be49971b7ada4c662d9c.png","aid":"irzE81z7L","size":97684},{"rType":"asset","rSubType":"audio","fileName":"paper.mp3","fileSize":23141,"val":"mc-c7923d4b9fb93392f9103647f40087bf.mp3","aid":"I7zJcjDGV","size":23141},{"rType":"asset","rSubType":"image","fileName":"utiles escolares (9).png","fileSize":365673,"val":"mc-0c50561f5cc7dcaf36bfdf2730540ebd.png","aid":"n_CmjQQxI","size":365673},{"rType":"asset","rSubType":"audio","fileName":"glue stick.mp3","fileSize":31413,"val":"mc-9296d81c5c8428f8fcff43f3f148fd88.mp3","aid":"MRiqbLx55","size":31413},{"rType":"asset","rSubType":"image","fileName":"utiles escolares (6).png","fileSize":214874,"val":"mc-90890234538d0728c9ab7f923c8acddc.png","aid":"aCo1-cYpR","size":214874},{"rType":"asset","rSubType":"audio","fileName":"scissors.mp3","fileSize":40547,"val":"mc-7bb465a43b961d62a95d1ce7ac31c7a6.mp3","aid":"RKd8pyCkv","size":40547},{"rType":"asset","rSubType":"image","fileName":"utiles escolares (17).png","fileSize":726201,"val":"mc-5845020272dadeec3a758bf50616f201.png","aid":"wh0H_i2d5","size":726201},{"rType":"asset","rSubType":"audio","fileName":"marker.mp3","fileSize":73267,"val":"mc-4f8a94037f6e18903ad0c74236bd997a.mp3","aid":"ThY8BIvhV","size":73267},{"rType":"asset","rSubType":"image","fileName":"utiles escolares (2).png","fileSize":846428,"val":"mc-3485ee3fb27f7a3a27e23f65d730e6db.png","aid":"XoT7Cn8Ck","size":846428},{"rType":"asset","rSubType":"audio","fileName":"pencil case.mp3","fileSize":39634,"val":"mc-6cf2d014fdb333d5bfb40e70954a6eb0.mp3","aid":"ecDoI8knq","size":39634},{"rType":"asset","rSubType":"image","fileName":"utiles escolares (7).png","fileSize":196536,"val":"mc-ade19adf58167973148884c8bd15ede9.png","aid":"EkgNviDW5","size":196536},{"rType":"asset","rSubType":"audio","fileName":"eraser.mp3","fileSize":28780,"val":"mc-e7bda529aa4687f01bafdcd0cdfe529f.mp3","aid":"nAVnkzOMz","size":28780},{"rType":"asset","rSubType":"image","fileName":"utiles escolares.png","fileSize":551223,"val":"mc-6ca476c40c299690a0d272909be01bd0.png","aid":"qOPk4KOvL","size":551223},{"rType":"asset","rSubType":"audio","fileName":"book.mp3","fileSize":63561,"val":"mc-792eecac756e96508e260142856bf294.mp3","aid":"wWTGvEEHh","size":63561},{"rType":"asset","rSubType":"image","fileName":"utiles escolares (12).png","fileSize":176549,"val":"mc-b2f5ac2975162e0ca954c9de97c40834.png","aid":"pDK3mbqzc","size":176549},{"rType":"asset","rSubType":"audio","fileName":"crayon.mp3","fileSize":34890,"val":"mc-353d16266de593ef225205f2860809b2.mp3","aid":"d5yU7h1pV","size":34890},{"rType":"asset","rSubType":"image","fileName":"utiles escolares (14).png","fileSize":665919,"val":"mc-cebcdb508b721cd37955bf163e998562.png","aid":"pJtcz2qYQ","size":665919},{"rType":"asset","rSubType":"audio","fileName":"paint.mp3","fileSize":15444,"val":"mc-40ff582810b2eee69e595f67eaef7848.mp3","aid":"YZUKj_6UK","size":15444}]