{"i":{"jD_zF8RlF":{"id":"jD_zF8RlF","type":"slide","setup":{"bg":{"selectedKey":"fill","fill":{"opac":1,"rgb":"#0000ff"}},"transparentBg":{"selectedKey":false},"bord":{"size":10,"rad":10}}},"h5LzH04Ti":{"id":"h5LzH04Ti","type":"interactive","subtype":"interactiveRichText","setup":{"frmeTp":{"selectedKey":"noneFrame"},"bg":{"fill":{"opac":0.2,"rgb":"#FFF"}},"txt":{"val":{"ops":[{"insert":"\n","attributes":{"size":"giant","align":"center"}},{"insert":"SCHOOL SUPPLIES","attributes":{"color":"var(--TC14)","bold":true,"script":"super","background":"transparent"}},{"insert":"\n","attributes":{"size":"giant","align":"center"}}]},"rType":"richtext"},"hali":"","vali":"middle"}},"mg6fIsSpA":{"id":"mg6fIsSpA","type":"interactive","subtype":"interactivePodCast","setup":{"bg":{"selectedKey":"image","fill":{"opac":1,"rgb":"#FFF"},"img":{"filt":{"opac":100,"gray":0,"blur":0,"tint":{"rgb":"#FFF","opac":0}},"pos":{"type":"fit","fit":{"bg":{"color":{"rgb":"#FFF","opac":100}},"vali":"center","hali":"center"},"crop":{"bg":{"color":{"rgb":"#FFF","opac":0}},"poi":{"x":707,"y":1486.5}},"mask":{"shape":1}},"measures":{"size":{"width":1414,"height":2000}},"orig":{"rType":"asset","rSubType":"image","fileName":"utiles escolares (3).png","fileSize":497475,"val":"mc-568f1374e3719dbe554592cd7f28b158.png","aid":"jIMcl6_7e"}}},"audio":{"orig":{"rType":"asset","rSubType":"audio","fileName":"school bag.mp3","fileSize":41199,"val":"mc-944724ac87386d698ba8a2d216418fa6.mp3","aid":"AvDeNAp-4"}}}},"lpd8H9Pj3":{"id":"lpd8H9Pj3","type":"interactive","subtype":"interactivePodCast","setup":{"bg":{"selectedKey":"image","fill":{"opac":1,"rgb":"#FFF"},"img":{"filt":{"opac":100,"gray":0,"blur":0,"tint":{"rgb":"#FFF","opac":0}},"pos":{"type":"fit","fit":{"bg":{"color":{"rgb":"#FFF","opac":100}},"vali":"center","hali":"center"},"crop":{"bg":{"color":{"rgb":"#FFF","opac":0}},"poi":{"x":707,"y":1008.5}},"mask":{"shape":1}},"measures":{"size":{"width":1414,"height":2000}},"orig":{"rType":"asset","rSubType":"image","fileName":"utiles escolares (1).png","fileSize":385064,"val":"mc-4bdfae87b209c06073c124e20818fcb4.png","aid":"fI_aIISBN"}}},"audio":{"orig":{"rType":"asset","rSubType":"audio","fileName":"color.mp3","fileSize":63993,"val":"mc-bd27494d1e7b5952fe6cac37012141e1.mp3","aid":"jYAW6ZBk5"}}}},"ZPyy7Fg5O":{"id":"ZPyy7Fg5O","type":"interactive","subtype":"interactivePodCast","setup":{"bg":{"selectedKey":"image","fill":{"opac":1,"rgb":"#FFF"},"img":{"filt":{"opac":100,"gray":0,"blur":0,"tint":{"rgb":"#FFF","opac":0}},"pos":{"type":"fit","fit":{"bg":{"color":{"rgb":"#FFF","opac":100}},"vali":"center","hali":"center"},"crop":{"bg":{"color":{"rgb":"#FFF","opac":0}},"poi":{"x":707,"y":964.5}},"mask":{"shape":1}},"measures":{"size":{"width":1414,"height":2000}},"orig":{"rType":"asset","rSubType":"image","fileName":"utiles escolares (2).png","fileSize":846428,"val":"mc-3485ee3fb27f7a3a27e23f65d730e6db.png","aid":"XoT7Cn8Ck"}}},"audio":{"orig":{"rType":"asset","rSubType":"audio","fileName":"pencil case.mp3","fileSize":39634,"val":"mc-6cf2d014fdb333d5bfb40e70954a6eb0.mp3","aid":"ecDoI8knq"}}}},"2FqvKsmHz":{"id":"2FqvKsmHz","type":"interactive","subtype":"interactivePodCast","setup":{"bg":{"selectedKey":"image","fill":{"opac":1,"rgb":"#FFF"},"img":{"filt":{"opac":100,"gray":0,"blur":0,"tint":{"rgb":"#FFF","opac":0}},"pos":{"type":"fit","fit":{"bg":{"color":{"rgb":"#FFF","opac":100}},"vali":"center","hali":"center"},"crop":{"bg":{"color":{"rgb":"#FFF","opac":0}},"poi":{"x":707,"y":964.5}},"mask":{"shape":1}},"measures":{"size":{"width":1414,"height":2000}},"orig":{"rType":"asset","rSubType":"image","fileName":"utiles escolares.png","fileSize":551223,"val":"mc-6ca476c40c299690a0d272909be01bd0.png","aid":"qOPk4KOvL"}}},"audio":{"orig":{"rType":"asset","rSubType":"audio","fileName":"book.mp3","fileSize":63561,"val":"mc-792eecac756e96508e260142856bf294.mp3","aid":"wWTGvEEHh"}}}}},"v":"1"}