{"i":{"qh-dQP_xw":{"id":"qh-dQP_xw","type":"slide","setup":{"transparentBg":{"selectedKey":false},"bord":{"size":10,"rad":10},"bg":{"selectedKey":"fill","fill":{"opac":1,"rgb":"#ffff00"}}}},"C3WmseOiWi":{"id":"C3WmseOiWi","type":"interactive","subtype":"interactivePodCast","setup":{"bg":{"selectedKey":"image","fill":{"opac":1,"rgb":"#FFF"},"img":{"filt":{"opac":100,"gray":0,"blur":0,"tint":{"rgb":"#FFF","opac":0}},"pos":{"type":"fit","fit":{"bg":{"color":{"rgb":"#FFF","opac":100}},"vali":"center","hali":"center"},"crop":{"bg":{"color":{"rgb":"#FFF","opac":0}},"poi":{"x":707,"y":964.5}},"mask":{"shape":1}},"measures":{"size":{"width":1414,"height":2000}},"orig":{"rType":"asset","rSubType":"image","fileName":"utiles escolares (4).png","fileSize":441990,"val":"mc-c3cb7d3bb13b296d95aaecbef34c85d3.png","aid":"9wxJQIBgv"}}},"audio":{"orig":{"rType":"asset","rSubType":"audio","fileName":"ruler.mp3","fileSize":53547,"val":"mc-cac7d6913bb52b6137610e3a174a435d.mp3","aid":"ZhwzOc6A1"}}}},"FpOhn9JahG":{"id":"FpOhn9JahG","type":"interactive","subtype":"interactivePodCast","setup":{"bg":{"selectedKey":"image","fill":{"opac":1,"rgb":"#FFF"},"img":{"filt":{"opac":100,"gray":0,"blur":0,"tint":{"rgb":"#FFF","opac":0}},"pos":{"type":"fit","fit":{"bg":{"color":{"rgb":"#FFF","opac":100}},"vali":"center","hali":"center"},"crop":{"bg":{"color":{"rgb":"#FFF","opac":0}},"poi":{"x":707,"y":1486.5}},"mask":{"shape":1}},"measures":{"size":{"width":1414,"height":2000}},"orig":{"rType":"asset","rSubType":"image","fileName":"utiles escolares (5).png","fileSize":226333,"val":"mc-9b390662ba8c94f11743f4e2e0e7f826.png","aid":"TRG_j1oVs"}}},"audio":{"orig":{"rType":"asset","rSubType":"audio","fileName":"pencil.mp3","fileSize":17505,"val":"mc-903d4e107cb0b24c3b194a8dff61809f.mp3","aid":"N8_6IjXKu"}}}},"qEZUlC4-PD":{"id":"qEZUlC4-PD","type":"interactive","subtype":"interactiveRichText","setup":{"frmeTp":{"selectedKey":"noneFrame"},"bg":{"fill":{"opac":0,"rgb":"#00ff00"}},"txt":{"val":{"ops":[{"insert":"\n","attributes":{"align":"center","size":"giant"}},{"insert":"SCHOOL SUPPLIES","attributes":{"script":"super","bold":true,"color":"#000000","background":"transparent"}},{"insert":"\n","attributes":{"size":"giant","align":"center"}}]},"rType":"richtext"},"hali":"","vali":"middle"}},"qdec-w_OC2":{"id":"qdec-w_OC2","type":"interactive","subtype":"interactivePodCast","setup":{"bg":{"selectedKey":"image","fill":{"opac":1,"rgb":"#FFF"},"img":{"filt":{"opac":100,"gray":0,"blur":0,"tint":{"rgb":"#FFF","opac":0}},"pos":{"type":"fit","fit":{"bg":{"color":{"rgb":"#FFF","opac":100}},"vali":"center","hali":"center"},"crop":{"bg":{"color":{"rgb":"#FFF","opac":0}},"poi":{"x":707,"y":1486.5}},"mask":{"shape":1}},"measures":{"size":{"width":1414,"height":2000}},"orig":{"rType":"asset","rSubType":"image","fileName":"utiles escolares (6).png","fileSize":214874,"val":"mc-90890234538d0728c9ab7f923c8acddc.png","aid":"aCo1-cYpR"}}},"audio":{"orig":{"rType":"asset","rSubType":"audio","fileName":"scissors.mp3","fileSize":40547,"val":"mc-7bb465a43b961d62a95d1ce7ac31c7a6.mp3","aid":"RKd8pyCkv"}}}},"-MJ4g-MmEq":{"id":"-MJ4g-MmEq","type":"interactive","subtype":"interactivePodCast","setup":{"bg":{"selectedKey":"image","fill":{"opac":1,"rgb":"#FFF"},"img":{"filt":{"opac":100,"gray":0,"blur":0,"tint":{"rgb":"#FFF","opac":0}},"pos":{"type":"fit","fit":{"bg":{"color":{"rgb":"#FFF","opac":100}},"vali":"center","hali":"center"},"crop":{"bg":{"color":{"rgb":"#FFF","opac":0}},"poi":{"x":707,"y":1486.5}},"mask":{"shape":1}},"measures":{"size":{"width":1414,"height":2000}},"orig":{"rType":"asset","rSubType":"image","fileName":"utiles escolares (7).png","fileSize":196536,"val":"mc-ade19adf58167973148884c8bd15ede9.png","aid":"EkgNviDW5"}}},"audio":{"orig":{"rType":"asset","rSubType":"audio","fileName":"eraser.mp3","fileSize":28780,"val":"mc-e7bda529aa4687f01bafdcd0cdfe529f.mp3","aid":"nAVnkzOMz"}}}}},"v":"1"}