{"i":{"H8xdt5XlQ":{"id":"H8xdt5XlQ","type":"slide","setup":{"transparentBg":{"selectedKey":false},"bord":{"size":10,"rad":10},"bg":{"selectedKey":"fill","fill":{"opac":1,"rgb":"#ff00ff"}}}},"cz5k9eBPxW":{"id":"cz5k9eBPxW","type":"interactive","subtype":"interactivePodCast","setup":{"bg":{"selectedKey":"image","fill":{"opac":1,"rgb":"#FFF"},"img":{"filt":{"opac":100,"gray":0,"blur":0,"tint":{"rgb":"#FFF","opac":0}},"pos":{"type":"fit","fit":{"bg":{"color":{"rgb":"#FFF","opac":100}},"vali":"center","hali":"center"},"crop":{"bg":{"color":{"rgb":"#FFF","opac":0}},"poi":{"x":707,"y":1486.5}},"mask":{"shape":1}},"measures":{"size":{"width":1414,"height":2000}},"orig":{"rType":"asset","rSubType":"image","fileName":"vegetales  (19).png","fileSize":538085,"val":"mc-03340700b9d6d93b2e1c44cf03d85b84.png","aid":"B0jBYE1F9_"}}}}},"8WCef5gsCv":{"id":"8WCef5gsCv","type":"interactive","subtype":"interactivePodCast","setup":{"bg":{"selectedKey":"image","fill":{"opac":1,"rgb":"#FFF"},"img":{"filt":{"opac":100,"gray":0,"blur":0,"tint":{"rgb":"#FFF","opac":0}},"pos":{"type":"fit","fit":{"bg":{"color":{"rgb":"#FFF","opac":100}},"vali":"center","hali":"center"},"crop":{"bg":{"color":{"rgb":"#FFF","opac":0}},"poi":{"x":707,"y":1095.5}},"mask":{"shape":1}},"measures":{"size":{"width":1414,"height":2000}},"orig":{"rType":"asset","rSubType":"image","fileName":"utiles escolares (18).png","fileSize":264313,"val":"mc-4ad6b3940cba03b7d20d24281251b902.png","aid":"4EE86wdm2"}}},"audio":{"orig":{"rType":"asset","rSubType":"audio","fileName":"rubber stamp.mp3","fileSize":29036,"val":"mc-cd1aefe1e5f8ceb9f836514a6f1b4da6.mp3","aid":"6PJGXQzPe"}}}},"GrsOusnYW7":{"id":"GrsOusnYW7","type":"interactive","subtype":"interactivePodCast","setup":{"bg":{"selectedKey":"image","fill":{"opac":1,"rgb":"#FFF"},"img":{"filt":{"opac":100,"gray":0,"blur":0,"tint":{"rgb":"#FFF","opac":0}},"pos":{"type":"fit","fit":{"bg":{"color":{"rgb":"#FFF","opac":100}},"vali":"center","hali":"center"},"crop":{"bg":{"color":{"rgb":"#FFF","opac":0}},"poi":{"x":707,"y":1486.5}},"mask":{"shape":1}},"measures":{"size":{"width":1414,"height":2000}},"orig":{"rType":"asset","rSubType":"image","fileName":"utiles escolares (16).png","fileSize":137912,"val":"mc-a69ccaea34df6cd9d2432a41f43c7ce2.png","aid":"Kvn0Ds5dc"}}},"audio":{"orig":{"rType":"asset","rSubType":"audio","fileName":"overall.mp3","fileSize":33916,"val":"mc-bb7936e5dedef6ba1539cb3584502e9c.mp3","aid":"DJqIal4RH"}}}},"ltEqE3HhnC":{"id":"ltEqE3HhnC","type":"interactive","subtype":"interactiveRichText","setup":{"frmeTp":{"selectedKey":"noneFrame"},"bg":{"fill":{"opac":0.2,"rgb":"#FFF"}},"txt":{"val":{"ops":[{"insert":"\n","attributes":{"align":"center","size":"giant"}},{"insert":"SCHOOL SUPPLIES","attributes":{"script":"super","bold":true,"color":"#000000","background":"transparent"}},{"insert":"\n","attributes":{"size":"giant","align":"center"}}]},"rType":"richtext"},"hali":"","vali":"middle"}},"gZlx2YH9Ei":{"id":"gZlx2YH9Ei","type":"interactive","subtype":"interactivePodCast","setup":{"bg":{"selectedKey":"image","fill":{"opac":1,"rgb":"#FFF"},"img":{"filt":{"opac":100,"gray":0,"blur":0,"tint":{"rgb":"#FFF","opac":0}},"pos":{"type":"fit","fit":{"bg":{"color":{"rgb":"#FFF","opac":100}},"vali":"center","hali":"center"},"crop":{"bg":{"color":{"rgb":"#FFF","opac":0}},"poi":{"x":707,"y":964.5}},"mask":{"shape":1}},"measures":{"size":{"width":1414,"height":2000}},"orig":{"rType":"asset","rSubType":"image","fileName":"utiles escolares (17).png","fileSize":726201,"val":"mc-5845020272dadeec3a758bf50616f201.png","aid":"wh0H_i2d5"}}},"audio":{"orig":{"rType":"asset","rSubType":"audio","fileName":"marker.mp3","fileSize":73267,"val":"mc-4f8a94037f6e18903ad0c74236bd997a.mp3","aid":"ThY8BIvhV"}}}}},"v":"1"}