{"i":{"omaa-03nM":{"id":"omaa-03nM","type":"slide","setup":{"transparentBg":{"selectedKey":false},"bord":{"size":10,"rad":10},"bg":{"selectedKey":"fill","fill":{"opac":1,"rgb":"#ff0000"}}}},"84NvpejXMF":{"id":"84NvpejXMF","type":"interactive","subtype":"interactivePodCast","setup":{"bg":{"selectedKey":"image","fill":{"opac":1,"rgb":"#FFF"},"img":{"filt":{"opac":100,"gray":0,"blur":0,"tint":{"rgb":"#FFF","opac":0}},"pos":{"type":"fit","fit":{"bg":{"color":{"rgb":"#FFF","opac":100}},"vali":"center","hali":"center"},"crop":{"bg":{"color":{"rgb":"#FFF","opac":0}},"poi":{"x":707,"y":1486.5}},"mask":{"shape":1}},"measures":{"size":{"width":1414,"height":2000}},"orig":{"rType":"asset","rSubType":"image","fileName":"utiles escolares (15).png","fileSize":1112045,"val":"mc-bd4458ec47981e8322b0377695de7bb4.png","aid":"1irS2bwJv"}}},"audio":{"orig":{"rType":"asset","rSubType":"audio","fileName":"paintbrush.mp3","fileSize":30500,"val":"mc-11b484ed578fbcdd02edbd7f9d9e5b24.mp3","aid":"KbEugXAzv"}}}},"5m_Q7UNeqV":{"id":"5m_Q7UNeqV","type":"interactive","subtype":"interactiveRichText","setup":{"frmeTp":{"selectedKey":"noneFrame"},"bg":{"fill":{"opac":0,"rgb":"#FFF"}},"txt":{"val":{"ops":[{"insert":"\n","attributes":{"align":"center","size":"giant"}},{"insert":"SCHOOL SUPPLIES","attributes":{"script":"super","bold":true,"color":"#000000","background":"transparent"}},{"insert":"\n","attributes":{"size":"giant","align":"center"}}]},"rType":"richtext"},"hali":"","vali":"middle"}},"xZVvS_9ME7":{"id":"xZVvS_9ME7","type":"interactive","subtype":"interactivePodCast","setup":{"bg":{"selectedKey":"image","fill":{"opac":1,"rgb":"#FFF"},"img":{"filt":{"opac":100,"gray":0,"blur":0,"tint":{"rgb":"#FFF","opac":0}},"pos":{"type":"fit","fit":{"bg":{"color":{"rgb":"#FFF","opac":100}},"vali":"center","hali":"center"},"crop":{"bg":{"color":{"rgb":"#FFF","opac":0}},"poi":{"x":707,"y":1486.5}},"mask":{"shape":1}},"measures":{"size":{"width":1414,"height":2000}},"orig":{"rType":"asset","rSubType":"image","fileName":"utiles escolares (13).png","fileSize":97684,"val":"mc-082178e86c61be49971b7ada4c662d9c.png","aid":"irzE81z7L"}}},"audio":{"orig":{"rType":"asset","rSubType":"audio","fileName":"paper.mp3","fileSize":23141,"val":"mc-c7923d4b9fb93392f9103647f40087bf.mp3","aid":"I7zJcjDGV"}}}},"MfqnnI58L7":{"id":"MfqnnI58L7","type":"interactive","subtype":"interactivePodCast","setup":{"bg":{"selectedKey":"image","fill":{"opac":1,"rgb":"#FFF"},"img":{"filt":{"opac":100,"gray":0,"blur":0,"tint":{"rgb":"#FFF","opac":0}},"pos":{"type":"fit","fit":{"bg":{"color":{"rgb":"#FFF","opac":100}},"vali":"center","hali":"center"},"crop":{"bg":{"color":{"rgb":"#FFF","opac":0}},"poi":{"x":707,"y":964.5}},"mask":{"shape":1}},"measures":{"size":{"width":1414,"height":2000}},"orig":{"rType":"asset","rSubType":"image","fileName":"utiles escolares (12).png","fileSize":176549,"val":"mc-b2f5ac2975162e0ca954c9de97c40834.png","aid":"pDK3mbqzc"}}},"audio":{"orig":{"rType":"asset","rSubType":"audio","fileName":"crayon.mp3","fileSize":34890,"val":"mc-353d16266de593ef225205f2860809b2.mp3","aid":"d5yU7h1pV"}}}},"pux2i2fnsb":{"id":"pux2i2fnsb","type":"interactive","subtype":"interactivePodCast","setup":{"bg":{"selectedKey":"image","fill":{"opac":1,"rgb":"#FFF"},"img":{"filt":{"opac":100,"gray":0,"blur":0,"tint":{"rgb":"#FFF","opac":0}},"pos":{"type":"fit","fit":{"bg":{"color":{"rgb":"#FFF","opac":100}},"vali":"center","hali":"center"},"crop":{"bg":{"color":{"rgb":"#FFF","opac":0}},"poi":{"x":707,"y":1095.5}},"mask":{"shape":1}},"measures":{"size":{"width":1414,"height":2000}},"orig":{"rType":"asset","rSubType":"image","fileName":"utiles escolares (14).png","fileSize":665919,"val":"mc-cebcdb508b721cd37955bf163e998562.png","aid":"pJtcz2qYQ"}}},"audio":{"orig":{"rType":"asset","rSubType":"audio","fileName":"paint.mp3","fileSize":15444,"val":"mc-40ff582810b2eee69e595f67eaef7848.mp3","aid":"YZUKj_6UK"}}}}},"v":"1"}