{"i":{"M8ag1UKcS":{"id":"M8ag1UKcS","type":"slide","setup":{"transparentBg":{"selectedKey":false},"bord":{"size":10,"rad":10},"bg":{"selectedKey":"fill","fill":{"opac":1,"rgb":"#fe860d"}}}},"UUO1kJEwiY":{"id":"UUO1kJEwiY","type":"interactive","subtype":"interactiveRichText","setup":{"frmeTp":{"selectedKey":"noneFrame"},"bg":{"fill":{"opac":0,"rgb":"#FFF"}},"txt":{"val":{"ops":[{"insert":"\n","attributes":{"align":"center","size":"giant"}},{"insert":"SCHOOL SUPPLIES","attributes":{"color":"var(--TC2)","script":"super","bold":true,"background":"transparent"}},{"insert":"\n","attributes":{"size":"giant","align":"center"}}]},"rType":"richtext"},"hali":"","vali":"middle"}},"W-ubhc57sZ":{"id":"W-ubhc57sZ","type":"interactive","subtype":"interactivePodCast","setup":{"bg":{"selectedKey":"image","fill":{"opac":1,"rgb":"#FFF"},"img":{"filt":{"opac":100,"gray":0,"blur":0,"tint":{"rgb":"#FFF","opac":0}},"pos":{"type":"fit","fit":{"bg":{"color":{"rgb":"#FFF","opac":100}},"vali":"center","hali":"center"},"crop":{"bg":{"color":{"rgb":"#FFF","opac":0}},"poi":{"x":707,"y":1486.5}},"mask":{"shape":1}},"measures":{"size":{"width":1414,"height":2000}},"orig":{"rType":"asset","rSubType":"image","fileName":"utiles escolares (8).png","fileSize":367227,"val":"mc-f16d3c3cfa995def23f00b3b8a15b82c.png","aid":"oBv6YkFWS"}}},"audio":{"orig":{"rType":"asset","rSubType":"audio","fileName":"sharpenes.mp3","fileSize":22279,"val":"mc-c851534645eb32881848e8f503600057.mp3","aid":"Wr6QjcVUk"}}}},"TVRj_idwfw":{"id":"TVRj_idwfw","type":"interactive","subtype":"interactivePodCast","setup":{"bg":{"selectedKey":"image","fill":{"opac":1,"rgb":"#FFF"},"img":{"filt":{"opac":100,"gray":0,"blur":0,"tint":{"rgb":"#FFF","opac":0}},"pos":{"type":"fit","fit":{"bg":{"color":{"rgb":"#FFF","opac":100}},"vali":"center","hali":"center"},"crop":{"bg":{"color":{"rgb":"#FFF","opac":0}},"poi":{"x":707,"y":1008.5}},"mask":{"shape":1}},"measures":{"size":{"width":1414,"height":2000}},"orig":{"rType":"asset","rSubType":"image","fileName":"utiles escolares (10).png","fileSize":1018430,"val":"mc-fbe60e3ff0e93b8daf4cd83e2665653c.png","aid":"Ax3HRTjoN"}}},"audio":{"orig":{"rType":"asset","rSubType":"audio","fileName":"board.mp3","fileSize":30441,"val":"mc-efa15b01b2e414505afbd354ba3b00bb.mp3","aid":"DIIO9c6-n"}}}},"wHKCPZ5xOE":{"id":"wHKCPZ5xOE","type":"interactive","subtype":"interactivePodCast","setup":{"bg":{"selectedKey":"image","fill":{"opac":1,"rgb":"#FFF"},"img":{"filt":{"opac":100,"gray":0,"blur":0,"tint":{"rgb":"#FFF","opac":0}},"pos":{"type":"fit","fit":{"bg":{"color":{"rgb":"#FFF","opac":100}},"vali":"center","hali":"center"},"crop":{"bg":{"color":{"rgb":"#FFF","opac":0}},"poi":{"x":707,"y":921.5}},"mask":{"shape":1}},"measures":{"size":{"width":1414,"height":2000}},"orig":{"rType":"asset","rSubType":"image","fileName":"utiles escolares (11).png","fileSize":391641,"val":"mc-65c9f66484d861fb17f8f3282b801e48.png","aid":"CHuFStSyX"}}},"audio":{"orig":{"rType":"asset","rSubType":"audio","fileName":"desk.mp3","fileSize":28934,"val":"mc-658e5531ad2e9b7469a09b41f7f87ec0.mp3","aid":"x8gJXIQSF"}}}},"hE1Dn4QJ9B":{"id":"hE1Dn4QJ9B","type":"interactive","subtype":"interactivePodCast","setup":{"bg":{"selectedKey":"image","fill":{"opac":1,"rgb":"#FFF"},"img":{"filt":{"opac":100,"gray":0,"blur":0,"tint":{"rgb":"#FFF","opac":0}},"pos":{"type":"fit","fit":{"bg":{"color":{"rgb":"#FFF","opac":100}},"vali":"center","hali":"center"},"crop":{"bg":{"color":{"rgb":"#FFF","opac":0}},"poi":{"x":707,"y":1008.5}},"mask":{"shape":1}},"measures":{"size":{"width":1414,"height":2000}},"orig":{"rType":"asset","rSubType":"image","fileName":"utiles escolares (9).png","fileSize":365673,"val":"mc-0c50561f5cc7dcaf36bfdf2730540ebd.png","aid":"n_CmjQQxI"}}},"audio":{"orig":{"rType":"asset","rSubType":"audio","fileName":"glue stick.mp3","fileSize":31413,"val":"mc-9296d81c5c8428f8fcff43f3f148fd88.mp3","aid":"MRiqbLx55"}}}}},"v":"1"}