[{"rType":"asset","rSubType":"image","fileName":"Taller de Fotografía (3).png","fileSize":478864,"val":"mc-3efad97db77fe20a32a5d80b4bffe15e.png","aid":"ejVeTwQpO","size":478864},{"rType":"asset","rSubType":"audio","fileName":"windi.m4a","fileSize":45209,"val":"mc-9e8299a87d01a44ca73d123d53cef521.m4a","aid":"cUJVjsPRH","size":45209},{"rType":"asset","rSubType":"image","fileName":"Taller de Fotografía (5).png","fileSize":713076,"val":"mc-c665ae7b3466488ebc503abdb630663a.png","aid":"5vepRPJvP","size":713076},{"rType":"asset","rSubType":"audio","fileName":"sunny.m4a","fileSize":58521,"val":"mc-62a0a55a14c6bc307356b2e659c7069f.m4a","aid":"UWuwqqXjc","size":58521},{"rType":"asset","rSubType":"image","fileName":"Diseño sin título (7).png","fileSize":97832,"val":"mc-358cf374bb4aadadc4d5b1ca31282025.png","aid":"5lPiXuTxx","size":97832},{"rType":"asset","rSubType":"image","fileName":"unsplash.jpg","fileSize":0,"val":"mc-2bdf984123efbaf1c6a58561c28ae404.jpg","aid":"8-V_2PA91P","size":1095400},{"rType":"asset","rSubType":"image","fileName":"Taller de Fotografía (1).png","fileSize":441634,"val":"mc-4236ba24bd4a66e90e4594f584e3d2d2.png","aid":"ZWhoQaAAi","size":441634},{"rType":"asset","rSubType":"audio","fileName":"snowy.m4a","fileSize":63641,"val":"mc-f994cec48ed4ef3c2e350f9e36fc55e6.m4a","aid":"k8WkE4kM4","size":63641},{"rType":"asset","rSubType":"image","fileName":"Taller de Fotografía (4).png","fileSize":586184,"val":"mc-1fa75e625040299e9af9b89c53a3e598.png","aid":"_y_t7wH-l","size":586184},{"rType":"asset","rSubType":"audio","fileName":"hot.m4a","fileSize":53401,"val":"mc-a531b04425df7589ef664d267699c10b.m4a","aid":"LpGFdpLw3","size":53401},{"rType":"asset","rSubType":"image","fileName":"Taller de Fotografía (2).png","fileSize":543853,"val":"mc-b70b88414713e96c70bb82aabd0d4441.png","aid":"xD7CSkm1J","size":543853},{"rType":"asset","rSubType":"audio","fileName":"rainy.m4a","fileSize":73611,"val":"mc-c53ef4443ece931bd87b7d7bbbd5b14b.m4a","aid":"QvDznD4MM","size":73611},{"rType":"asset","rSubType":"image","fileName":"Taller de Fotografía.png","fileSize":393334,"val":"mc-c92e9d8c24f71e23dfd59e8f50b74579.png","aid":"JzW8t7Jep","size":393334},{"rType":"asset","rSubType":"audio","fileName":"cloudy.m4a","fileSize":53401,"val":"mc-49ccde3e24a29bbe1b39bfabf77e0a63.m4a","aid":"UwF0ttQ56","size":53401}]