{"i":{"ntBPK11Q-":{"id":"ntBPK11Q-","type":"slide","setup":{"bg":{"selectedKey":"fill","fill":{"opac":1,"rgb":"#fe860d"}},"transparentBg":{"selectedKey":false},"bord":{"size":10,"rad":10}}},"j5fcqMMXFD":{"id":"j5fcqMMXFD","type":"interactive","subtype":"interactivePodCast","setup":{"bg":{"selectedKey":"image","fill":{"opac":1,"rgb":"#FFF"},"img":{"filt":{"opac":100,"gray":0,"blur":0,"tint":{"rgb":"#FFF","opac":0}},"pos":{"type":"fit","fit":{"bg":{"color":{"rgb":"#FFF","opac":100}},"vali":"center","hali":"center"},"crop":{"bg":{"color":{"rgb":"#FFF","opac":0}},"poi":{"x":707,"y":529.5}},"mask":{"shape":1}},"measures":{"size":{"width":1414,"height":2000}},"orig":{"rType":"asset","rSubType":"image","fileName":"Taller de Fotografía (3).png","fileSize":478864,"val":"mc-3efad97db77fe20a32a5d80b4bffe15e.png","aid":"ejVeTwQpO"}}},"audio":{"orig":{"rType":"asset","rSubType":"audio","fileName":"windi.m4a","fileSize":45209,"val":"mc-9e8299a87d01a44ca73d123d53cef521.m4a","aid":"cUJVjsPRH"}}}},"gbwjQy8xKb":{"id":"gbwjQy8xKb","type":"interactive","subtype":"interactiveRichText","setup":{"frmeTp":{"selectedKey":"noneFrame"},"bg":{"fill":{"opac":0,"rgb":"#FFF"}},"hali":"","txt":{"val":{"ops":[{"insert":"SEASONS","attributes":{"color":"var(--TC2)","bold":true}},{"insert":"\n","attributes":{"align":"center","size":"giant"}}]},"rType":"richtext"}}},"l2an2idKxT":{"id":"l2an2idKxT","type":"interactive","subtype":"interactivePodCast","setup":{"bg":{"selectedKey":"image","fill":{"opac":1,"rgb":"#FFF"},"img":{"filt":{"opac":100,"gray":0,"blur":0,"tint":{"rgb":"#FFF","opac":0}},"pos":{"type":"fit","fit":{"bg":{"color":{"rgb":"#FFF","opac":100}},"vali":"center","hali":"center"},"crop":{"bg":{"color":{"rgb":"#FFF","opac":0}},"poi":{"x":707,"y":877.5}},"mask":{"shape":1}},"measures":{"size":{"width":1414,"height":2000}},"orig":{"rType":"asset","rSubType":"image","fileName":"Taller de Fotografía (5).png","fileSize":713076,"val":"mc-c665ae7b3466488ebc503abdb630663a.png","aid":"5vepRPJvP"}}},"audio":{"orig":{"rType":"asset","rSubType":"audio","fileName":"sunny.m4a","fileSize":58521,"val":"mc-62a0a55a14c6bc307356b2e659c7069f.m4a","aid":"UWuwqqXjc"}}}}},"v":"1"}