{"i":{"Bj_aTufMyCx":{"id":"Bj_aTufMyCx","type":"slide","setup":{"transparentBg":{"selectedKey":false},"bord":{"size":10,"rad":10},"bg":{"selectedKey":"fill","fill":{"opac":1,"rgb":"#0000ff"}}}},"UMZBAiEhM":{"id":"UMZBAiEhM","type":"interactive","subtype":"interactiveRichText","setup":{"frmeTp":{"selectedKey":"noneFrame"},"bg":{"fill":{"opac":0,"rgb":"#FFF"}},"hali":"","txt":{"val":{"ops":[{"insert":"SEASONS","attributes":{"color":"var(--TC14)","bold":true}},{"insert":"\n","attributes":{"align":"center","size":"giant"}}]},"rType":"richtext"}}},"gIlWeRfEj":{"id":"gIlWeRfEj","type":"interactive","subtype":"interactivePodCast","setup":{"bg":{"selectedKey":"image","fill":{"opac":1,"rgb":"#FFF"},"img":{"filt":{"opac":100,"gray":0,"blur":0,"tint":{"rgb":"#FFF","opac":0}},"pos":{"type":"fit","fit":{"bg":{"color":{"rgb":"#FFF","opac":100}},"vali":"center","hali":"center"},"crop":{"bg":{"color":{"rgb":"#FFF","opac":0}},"poi":{"x":707,"y":1095.5}},"mask":{"shape":1}},"measures":{"size":{"width":1414,"height":2000}},"orig":{"rType":"asset","rSubType":"image","fileName":"Taller de Fotografía (4).png","fileSize":586184,"val":"mc-1fa75e625040299e9af9b89c53a3e598.png","aid":"_y_t7wH-l"}}},"audio":{"orig":{"rType":"asset","rSubType":"audio","fileName":"hot.m4a","fileSize":53401,"val":"mc-a531b04425df7589ef664d267699c10b.m4a","aid":"LpGFdpLw3"}}}},"QAjGEeZSd":{"id":"QAjGEeZSd","type":"interactive","subtype":"interactivePodCast","setup":{"bg":{"selectedKey":"image","fill":{"opac":1,"rgb":"#FFF"},"img":{"filt":{"opac":100,"gray":0,"blur":0,"tint":{"rgb":"#FFF","opac":0}},"pos":{"type":"fit","fit":{"bg":{"color":{"rgb":"#FFF","opac":100}},"vali":"center","hali":"center"},"crop":{"bg":{"color":{"rgb":"#FFF","opac":0}},"poi":{"x":707,"y":921.5}},"mask":{"shape":1}},"measures":{"size":{"width":1414,"height":2000}},"orig":{"rType":"asset","rSubType":"image","fileName":"Taller de Fotografía.png","fileSize":393334,"val":"mc-c92e9d8c24f71e23dfd59e8f50b74579.png","aid":"JzW8t7Jep"}}},"audio":{"orig":{"rType":"asset","rSubType":"audio","fileName":"cloudy.m4a","fileSize":53401,"val":"mc-49ccde3e24a29bbe1b39bfabf77e0a63.m4a","aid":"UwF0ttQ56"}}}}},"v":"1"}