{"i":{"Lxk8a8Fjh":{"id":"Lxk8a8Fjh","type":"slide","setup":{"transparentBg":{"selectedKey":false},"bord":{"size":11,"rad":10},"bg":{"selectedKey":"fill","fill":{"opac":1,"rgb":"#ff0000"}}}},"9bSb1cL1NC":{"id":"9bSb1cL1NC","type":"interactive","subtype":"interactiveRichText","setup":{"frmeTp":{"selectedKey":"noneFrame"},"bg":{"fill":{"opac":0,"rgb":"#ffff00"}},"hali":"","txt":{"val":{"ops":[{"insert":"SEASONS","attributes":{"color":"var(--TC2)","bold":true}},{"insert":"\n","attributes":{"size":"giant","align":"center"}}]},"rType":"richtext"}}},"bYM_YblPG":{"id":"bYM_YblPG","type":"interactive","subtype":"interactivePodCast","setup":{"bg":{"selectedKey":"image","fill":{"opac":1,"rgb":"#FFF"},"img":{"filt":{"opac":100,"gray":0,"blur":0,"tint":{"rgb":"#FFF","opac":0}},"pos":{"type":"fit","fit":{"bg":{"color":{"rgb":"#FFF","opac":100}},"vali":"center","hali":"center"},"crop":{"bg":{"color":{"rgb":"#FFF","opac":0}},"poi":{"x":707,"y":877.5}},"mask":{"shape":1}},"measures":{"size":{"width":1414,"height":2000}},"orig":{"rType":"asset","rSubType":"image","fileName":"Taller de Fotografía (1).png","fileSize":441634,"val":"mc-4236ba24bd4a66e90e4594f584e3d2d2.png","aid":"ZWhoQaAAi"}}},"audio":{"orig":{"rType":"asset","rSubType":"audio","fileName":"snowy.m4a","fileSize":63641,"val":"mc-f994cec48ed4ef3c2e350f9e36fc55e6.m4a","aid":"k8WkE4kM4"}}}},"nQ5spAn9uK":{"id":"nQ5spAn9uK","type":"interactive","subtype":"interactivePodCast","setup":{"bg":{"selectedKey":"image","fill":{"opac":1,"rgb":"#FFF"},"img":{"filt":{"opac":100,"gray":0,"blur":0,"tint":{"rgb":"#FFF","opac":0}},"pos":{"type":"fit","fit":{"bg":{"color":{"rgb":"#FFF","opac":100}},"vali":"center","hali":"center"},"crop":{"bg":{"color":{"rgb":"#FFF","opac":0}},"poi":{"x":707,"y":1486.5}},"mask":{"shape":1}},"measures":{"size":{"width":1414,"height":2000}},"orig":{"rType":"asset","rSubType":"image","fileName":"Taller de Fotografía (2).png","fileSize":543853,"val":"mc-b70b88414713e96c70bb82aabd0d4441.png","aid":"xD7CSkm1J"}}},"audio":{"orig":{"rType":"asset","rSubType":"audio","fileName":"rainy.m4a","fileSize":73611,"val":"mc-c53ef4443ece931bd87b7d7bbbd5b14b.m4a","aid":"QvDznD4MM"}}}}},"v":"1"}