[{"rType":"asset","rSubType":"image","fileName":"fruta (5).png","fileSize":647213,"val":"mc-4c0c7a5ab8665cec29de899f6d533e7e.png","aid":"Gmv8I_W7e","size":647213},{"rType":"asset","rSubType":"audio","fileName":"strawberry.mp3","fileSize":40257,"val":"mc-36bb0e2cb576c60e894946985c183335.mp3","aid":"dlacMvuhm","size":40257},{"rType":"asset","rSubType":"image","fileName":"fruta(6).png","fileSize":303466,"val":"mc-3b82dbb495df75288ab788ae148bb433.png","aid":"gCM97t2Fp","size":303466},{"rType":"asset","rSubType":"audio","fileName":"banana.mp3","fileSize":23913,"val":"mc-234e3b67ddd6b88b1426a0f011e5887a.mp3","aid":"zskgFb5K-","size":23913},{"rType":"asset","rSubType":"image","fileName":"fruta (17).png","fileSize":906105,"val":"mc-c59d1bb25ecb3970a591f9fa1520a02f.png","aid":"zloPuFQzc","size":906105},{"rType":"asset","rSubType":"audio","fileName":"passion fruit.mp3","fileSize":25257,"val":"mc-6d7c51fefd179151a299e9cc858e1be0.mp3","aid":"y-KgU535V","size":25257},{"rType":"asset","rSubType":"image","fileName":"fruta (3).png","fileSize":342450,"val":"mc-20c467ea4dfd184ba3a46ff1bcdfaa38.png","aid":"As1Scw_h7","size":342450},{"rType":"asset","rSubType":"audio","fileName":"cherry.mp3","fileSize":20505,"val":"mc-71c7074b4509877ef136bd15b08865d3.mp3","aid":"cMQDwVqA2","size":20505},{"rType":"asset","rSubType":"image","fileName":"fruta (11).png","fileSize":744606,"val":"mc-3281d8208b685a8b0dd610320a2a9c6c.png","aid":"1rLBKFN8w","size":744606},{"rType":"asset","rSubType":"audio","fileName":"pineapple.mp3","fileSize":25353,"val":"mc-92f4b1087588003c4934c66286100656.mp3","aid":"1w9KbocqF","size":25353},{"rType":"asset","rSubType":"image","fileName":"fruta (4).png","fileSize":417520,"val":"mc-d90c56c508b588f202ddff58f4737b95.png","aid":"-GHw-XH9U","size":417520},{"rType":"asset","rSubType":"audio","fileName":"grape.mp3","fileSize":18991,"val":"mc-88016fe7de5837e469fa6e4c1d7a0ffd.mp3","aid":"PSQpzmJGi","size":18991},{"rType":"asset","rSubType":"image","fileName":"fruta (18).png","fileSize":713650,"val":"mc-fc19c1021834fef15191e8594449c5e5.png","aid":"NUx0i9qQi","size":713650},{"rType":"asset","rSubType":"audio","fileName":"raspberry.mp3","fileSize":33417,"val":"mc-adbec9da018ecc73a0744ba470f4f1d9.mp3","aid":"wqIf3vqln","size":33417},{"rType":"asset","rSubType":"image","fileName":"fruta (12).png","fileSize":675200,"val":"mc-1638b45a0ed8f8e5d10994164cc02ae0.png","aid":"Fc7sPFmoy","size":675200},{"rType":"asset","rSubType":"audio","fileName":"coconut.mp3","fileSize":28281,"val":"mc-b3d14ac80a02a5552772c7a66d34071f.mp3","aid":"vBvkETTrK","size":28281},{"rType":"asset","rSubType":"image","fileName":"fruta(7).png","fileSize":723814,"val":"mc-bb9f3c20f3623912191659aeb88d6c08.png","aid":"pt8dg1loH","size":723814},{"rType":"asset","rSubType":"audio","fileName":"orange.mp3","fileSize":28953,"val":"mc-4e499ceae632dde8fb4b4441bea45e37.mp3","aid":"Uj0vwf3ck","size":28953},{"rType":"asset","rSubType":"image","fileName":"fruta (9).png","fileSize":396996,"val":"mc-a9310b6eb60e5631a5dfd73f55080bd2.png","aid":"xB-JpLzhK","size":396996},{"rType":"asset","rSubType":"audio","fileName":"watermelon.mp3","fileSize":35458,"val":"mc-a24ff5a2f064359f09f5a05535a108d5.mp3","aid":"vZREUMvhQ","size":35458},{"rType":"asset","rSubType":"image","fileName":"fruta (10).png","fileSize":640653,"val":"mc-595da0013739042503da6e237c32ba9d.png","aid":"cTmQQXzZ_","size":640653},{"rType":"asset","rSubType":"audio","fileName":"grapefruit.mp3","fileSize":34137,"val":"mc-18791ac886e4d9c2c62a2af065839628.mp3","aid":"tDZPiaS9t","size":34137},{"rType":"asset","rSubType":"image","fileName":"fruta (16).png","fileSize":587495,"val":"mc-aae42612be7b207da0f6fa66f63f8ca7.png","aid":"P-685es1t","size":587495},{"rType":"asset","rSubType":"audio","fileName":"papaya.mp3","fileSize":21225,"val":"mc-48e4a198a771827f182327ac4043a551.mp3","aid":"_jSnyWY9D","size":21225},{"rType":"asset","rSubType":"image","fileName":"portada iseazy.png","fileSize":136939,"val":"mc-38291e1b55d9e3eefb818ccf3390d837.png","aid":"oAp0ZJrra","size":136939},{"rType":"asset","rSubType":"image","fileName":"unsplash.jpg","fileSize":0,"val":"mc-2bdf984123efbaf1c6a58561c28ae404.jpg","aid":"IrKKGQEmBg","size":1095400},{"rType":"asset","rSubType":"image","fileName":"fruta (19).png","fileSize":440467,"val":"mc-93586903f9ec00c26eb3de61ebc07ebf.png","aid":"lIGVrSoiw","size":440467},{"rType":"asset","rSubType":"audio","fileName":"blueberry.mp3","fileSize":30177,"val":"mc-169534646a9b036a08bd4b273358801a.mp3","aid":"h6g_acfU8","size":30177},{"rType":"asset","rSubType":"image","fileName":"fruta (8).png","fileSize":645462,"val":"mc-c975b144fbebfd9dc30daef33fd36ba5.png","aid":"IrmEmrwS8","size":645462},{"rType":"asset","rSubType":"audio","fileName":"melon.mp3","fileSize":22854,"val":"mc-7848ed36985a03902167d0b2c79c2748.mp3","aid":"O4OY7RgVq","size":22854},{"rType":"asset","rSubType":"image","fileName":"fruta (13).png","fileSize":426962,"val":"mc-efc4eb698f5857493b189b2894cc2b54.png","aid":"WA7GIwIJA","size":426962},{"rType":"asset","rSubType":"audio","fileName":"lemon.mp3","fileSize":22569,"val":"mc-0b75b431778bcd0ef41034a03101517e.mp3","aid":"j3idmo2p4","size":22569},{"rType":"asset","rSubType":"image","fileName":"fruta (1).png","fileSize":239430,"val":"mc-d95055fe9f599772a47a7d4e1194b340.png","aid":"7dxwh2mTK","size":239430},{"rType":"asset","rSubType":"audio","fileName":"peach.mp3","fileSize":29031,"val":"mc-79dc851bdd1edb97578fd454639ba9e1.mp3","aid":"kNv0dxCNC","size":29031},{"rType":"asset","rSubType":"image","fileName":"fruta.png","fileSize":225902,"val":"mc-f0cfd2dd1444ea7e5d171a1621b2d1f2.png","aid":"8zt3DKQdh","size":225902},{"rType":"asset","rSubType":"audio","fileName":"apple.mp3","fileSize":16563,"val":"mc-c46c1bb112b84ebf3b6a8c897c8990f0.mp3","aid":"H4PSHU6hU","size":16563},{"rType":"asset","rSubType":"image","fileName":"fruta (15).png","fileSize":233967,"val":"mc-24190bcfcc83835f597c3e8920e047f3.png","aid":"SSWTwUsyD","size":233967},{"rType":"asset","rSubType":"audio","fileName":"plum.mp3","fileSize":19406,"val":"mc-169e44188189ae33eb89254265d4c410.mp3","aid":"FXTLOgqc2","size":19406},{"rType":"asset","rSubType":"image","fileName":"fruta (2).png","fileSize":175809,"val":"mc-22d02a8a47758defd7e5ec696efeb697.png","aid":"4_zAYrr8c","size":175809},{"rType":"asset","rSubType":"audio","fileName":"pear.mp3","fileSize":26121,"val":"mc-01900b74ef2e63bfc445ccc05a4f53f2.mp3","aid":"FyMSMckyc","size":26121},{"rType":"asset","rSubType":"image","fileName":"fruta (14).png","fileSize":665400,"val":"mc-23e552c41e22d251c8b24f19329a35a2.png","aid":"3zmgn2DKK","size":665400},{"rType":"asset","rSubType":"audio","fileName":"avocado.mp3","fileSize":30969,"val":"mc-45cb4d01911b727870f11a8f92d1ac75.mp3","aid":"FXbJXNbWv","size":30969}]