{"i":{"S-xbK6L3O":{"id":"S-xbK6L3O","type":"slide","setup":{"transparentBg":{"selectedKey":false},"bord":{"size":10,"rad":10},"bg":{"selectedKey":"fill","fill":{"opac":1,"rgb":"#0000ff"}}}},"W7zmWJMQq":{"id":"W7zmWJMQq","type":"interactive","subtype":"interactivePodCast","setup":{"bg":{"selectedKey":"image","fill":{"opac":1,"rgb":"#FFF"},"img":{"filt":{"opac":100,"gray":0,"blur":0,"tint":{"rgb":"#FFF","opac":0}},"pos":{"type":"fit","fit":{"bg":{"color":{"rgb":"#FFF","opac":100}},"vali":"center","hali":"center"},"crop":{"bg":{"color":{"rgb":"#FFF","opac":0}},"poi":{"x":707,"y":1269.5}},"mask":{"shape":1}},"measures":{"size":{"width":1414,"height":2000}},"orig":{"rType":"asset","rSubType":"image","fileName":"fruta (11).png","fileSize":744606,"val":"mc-3281d8208b685a8b0dd610320a2a9c6c.png","aid":"1rLBKFN8w"}}},"audio":{"orig":{"rType":"asset","rSubType":"audio","fileName":"pineapple.mp3","fileSize":25353,"val":"mc-92f4b1087588003c4934c66286100656.mp3","aid":"1w9KbocqF"}}}},"aXVDeSlmLF":{"id":"aXVDeSlmLF","type":"interactive","subtype":"interactivePodCast","setup":{"bg":{"selectedKey":"image","fill":{"opac":1,"rgb":"#FFF"},"img":{"filt":{"opac":100,"gray":0,"blur":0,"tint":{"rgb":"#FFF","opac":0}},"pos":{"type":"fit","fit":{"bg":{"color":{"rgb":"#FFF","opac":100}},"vali":"center","hali":"center"},"crop":{"bg":{"color":{"rgb":"#FFF","opac":0}},"poi":{"x":707,"y":1008.5}},"mask":{"shape":1}},"measures":{"size":{"width":1414,"height":2000}},"orig":{"rType":"asset","rSubType":"image","fileName":"fruta (9).png","fileSize":396996,"val":"mc-a9310b6eb60e5631a5dfd73f55080bd2.png","aid":"xB-JpLzhK"}}},"audio":{"orig":{"rType":"asset","rSubType":"audio","fileName":"watermelon.mp3","fileSize":35458,"val":"mc-a24ff5a2f064359f09f5a05535a108d5.mp3","aid":"vZREUMvhQ"}}}},"HmkBWXA9rK":{"id":"HmkBWXA9rK","type":"interactive","subtype":"interactivePodCast","setup":{"bg":{"selectedKey":"image","fill":{"opac":1,"rgb":"#FFF"},"img":{"filt":{"opac":100,"gray":0,"blur":0,"tint":{"rgb":"#FFF","opac":0}},"pos":{"type":"fit","fit":{"bg":{"color":{"rgb":"#FFF","opac":100}},"vali":"center","hali":"center"},"crop":{"bg":{"color":{"rgb":"#FFF","opac":0}},"poi":{"x":707,"y":964.5}},"mask":{"shape":1}},"measures":{"size":{"width":1414,"height":2000}},"orig":{"rType":"asset","rSubType":"image","fileName":"fruta (10).png","fileSize":640653,"val":"mc-595da0013739042503da6e237c32ba9d.png","aid":"cTmQQXzZ_"}}},"audio":{"orig":{"rType":"asset","rSubType":"audio","fileName":"grapefruit.mp3","fileSize":34137,"val":"mc-18791ac886e4d9c2c62a2af065839628.mp3","aid":"tDZPiaS9t"}}}},"tUeIZGoSoN":{"id":"tUeIZGoSoN","type":"interactive","subtype":"interactivePodCast","setup":{"bg":{"selectedKey":"image","fill":{"opac":1,"rgb":"#FFF"},"img":{"filt":{"opac":100,"gray":0,"blur":0,"tint":{"rgb":"#FFF","opac":0}},"pos":{"type":"fit","fit":{"bg":{"color":{"rgb":"#FFF","opac":100}},"vali":"center","hali":"center"},"crop":{"bg":{"color":{"rgb":"#FFF","opac":0}},"poi":{"x":707,"y":1008.5}},"mask":{"shape":1}},"measures":{"size":{"width":1414,"height":2000}},"orig":{"rType":"asset","rSubType":"image","fileName":"fruta (8).png","fileSize":645462,"val":"mc-c975b144fbebfd9dc30daef33fd36ba5.png","aid":"IrmEmrwS8"}}},"audio":{"orig":{"rType":"asset","rSubType":"audio","fileName":"melon.mp3","fileSize":22854,"val":"mc-7848ed36985a03902167d0b2c79c2748.mp3","aid":"O4OY7RgVq"}}}},"geEyCWkDtl":{"id":"geEyCWkDtl","type":"interactive","subtype":"interactiveRichText","setup":{"frmeTp":{"selectedKey":"noneFrame"},"bg":{"fill":{"opac":0,"rgb":"#ffff00"}},"hali":"","txt":{"val":{"ops":[{"insert":"THE FRUITS﻿","attributes":{"color":"var(--TC14)","bold":true,"background":"transparent"}},{"insert":"\n","attributes":{"size":"giant","align":"center"}}]},"rType":"richtext"},"vali":"middle"}}},"v":"1"}