{"i":{"nWqJZkLnN":{"id":"nWqJZkLnN","type":"slide","setup":{"transparentBg":{"selectedKey":false},"bord":{"size":10,"rad":10},"bg":{"selectedKey":"fill","fill":{"opac":1,"rgb":"#ffff00"}}}},"v30ExPsyAR":{"id":"v30ExPsyAR","type":"interactive","subtype":"interactivePodCast","setup":{"bg":{"selectedKey":"image","fill":{"opac":1,"rgb":"#FFF"},"img":{"filt":{"opac":100,"gray":0,"blur":0,"tint":{"rgb":"#FFF","opac":0}},"pos":{"type":"fit","fit":{"bg":{"color":{"rgb":"#FFF","opac":100}},"vali":"center","hali":"center"},"crop":{"bg":{"color":{"rgb":"#FFF","opac":0}},"poi":{"x":707,"y":1008.5}},"mask":{"shape":1}},"measures":{"size":{"width":1414,"height":2000}},"orig":{"rType":"asset","rSubType":"image","fileName":"fruta (5).png","fileSize":647213,"val":"mc-4c0c7a5ab8665cec29de899f6d533e7e.png","aid":"Gmv8I_W7e"}}},"audio":{"orig":{"rType":"asset","rSubType":"audio","fileName":"strawberry.mp3","fileSize":40257,"val":"mc-36bb0e2cb576c60e894946985c183335.mp3","aid":"dlacMvuhm"}}}},"964wA5k4lr":{"id":"964wA5k4lr","type":"interactive","subtype":"interactivePodCast","setup":{"bg":{"selectedKey":"image","fill":{"opac":1,"rgb":"#FFF"},"img":{"filt":{"opac":100,"gray":0,"blur":0,"tint":{"rgb":"#FFF","opac":0}},"pos":{"type":"fit","fit":{"bg":{"color":{"rgb":"#FFF","opac":100}},"vali":"center","hali":"center"},"crop":{"bg":{"color":{"rgb":"#FFF","opac":0}},"poi":{"x":707,"y":1008.5}},"mask":{"shape":1}},"measures":{"size":{"width":1414,"height":2000}},"orig":{"rType":"asset","rSubType":"image","fileName":"fruta(6).png","fileSize":303466,"val":"mc-3b82dbb495df75288ab788ae148bb433.png","aid":"gCM97t2Fp"}}},"audio":{"orig":{"rType":"asset","rSubType":"audio","fileName":"banana.mp3","fileSize":23913,"val":"mc-234e3b67ddd6b88b1426a0f011e5887a.mp3","aid":"zskgFb5K-"}}}},"44DogY3ZKr":{"id":"44DogY3ZKr","type":"interactive","subtype":"interactivePodCast","setup":{"bg":{"selectedKey":"image","fill":{"opac":1,"rgb":"#FFF"},"img":{"filt":{"opac":100,"gray":0,"blur":0,"tint":{"rgb":"#FFF","opac":0}},"pos":{"type":"fit","fit":{"bg":{"color":{"rgb":"#FFF","opac":100}},"vali":"center","hali":"center"},"crop":{"bg":{"color":{"rgb":"#FFF","opac":0}},"poi":{"x":707,"y":529.5}},"mask":{"shape":1}},"measures":{"size":{"width":1414,"height":2000}},"orig":{"rType":"asset","rSubType":"image","fileName":"fruta (4).png","fileSize":417520,"val":"mc-d90c56c508b588f202ddff58f4737b95.png","aid":"-GHw-XH9U"}}},"audio":{"orig":{"rType":"asset","rSubType":"audio","fileName":"grape.mp3","fileSize":18991,"val":"mc-88016fe7de5837e469fa6e4c1d7a0ffd.mp3","aid":"PSQpzmJGi"}}}},"xPo8Hsm2_":{"id":"xPo8Hsm2_","type":"interactive","subtype":"interactivePodCast","setup":{"bg":{"selectedKey":"image","fill":{"opac":1,"rgb":"#FFF"},"img":{"filt":{"opac":100,"gray":0,"blur":0,"tint":{"rgb":"#FFF","opac":0}},"pos":{"type":"fit","fit":{"bg":{"color":{"rgb":"#FFF","opac":100}},"vali":"center","hali":"center"},"crop":{"bg":{"color":{"rgb":"#FFF","opac":0}},"poi":{"x":707,"y":1008.5}},"mask":{"shape":1}},"measures":{"size":{"width":1414,"height":2000}},"orig":{"rType":"asset","rSubType":"image","fileName":"fruta(7).png","fileSize":723814,"val":"mc-bb9f3c20f3623912191659aeb88d6c08.png","aid":"pt8dg1loH"}}},"audio":{"orig":{"rType":"asset","rSubType":"audio","fileName":"orange.mp3","fileSize":28953,"val":"mc-4e499ceae632dde8fb4b4441bea45e37.mp3","aid":"Uj0vwf3ck"}}}},"xNlX-0Ns3w":{"id":"xNlX-0Ns3w","type":"interactive","subtype":"interactiveRichText","setup":{"frmeTp":{"selectedKey":"noneFrame"},"bg":{"fill":{"opac":0,"rgb":"#0000ff"}},"hali":"","txt":{"val":{"ops":[{"insert":"THE FRUITS﻿","attributes":{"color":"var(--TC2)","bold":true,"background":"transparent"}},{"insert":"\n","attributes":{"size":"giant","align":"center"}}]},"rType":"richtext"},"vali":"middle"}}},"v":"1"}