{"i":{"FIf09lbY2S":{"id":"FIf09lbY2S","type":"slide","setup":{"transparentBg":{"selectedKey":false},"bord":{"size":10,"rad":10},"bg":{"selectedKey":"fill","fill":{"opac":1,"rgb":"#00ff00"}}}},"8TZVT5U1Fq":{"id":"8TZVT5U1Fq","type":"interactive","subtype":"interactiveRichText","setup":{"frmeTp":{"selectedKey":"noneFrame"},"bg":{"fill":{"opac":0,"rgb":"#00ff00"}},"hali":"","txt":{"val":{"ops":[{"attributes":{"bold":true,"background":"transparent","color":"black"},"insert":"THE FRUITS﻿"},{"insert":"\n","attributes":{"size":"giant","align":"center"}}]},"rType":"richtext"},"vali":"middle"}},"y1df5BL29Y":{"id":"y1df5BL29Y","type":"interactive","subtype":"interactivePodCast","setup":{"bg":{"selectedKey":"image","fill":{"opac":1,"rgb":"#FFF"},"img":{"filt":{"opac":100,"gray":0,"blur":0,"tint":{"rgb":"#FFF","opac":0}},"pos":{"type":"fit","fit":{"bg":{"color":{"rgb":"#FFF","opac":100}},"vali":"center","hali":"center"},"crop":{"bg":{"color":{"rgb":"#FFF","opac":0}},"poi":{"x":707,"y":964.5}},"mask":{"shape":1}},"measures":{"size":{"width":1414,"height":2000}},"orig":{"rType":"asset","rSubType":"image","fileName":"fruta (12).png","fileSize":675200,"val":"mc-1638b45a0ed8f8e5d10994164cc02ae0.png","aid":"Fc7sPFmoy"}}},"audio":{"orig":{"rType":"asset","rSubType":"audio","fileName":"coconut.mp3","fileSize":28281,"val":"mc-b3d14ac80a02a5552772c7a66d34071f.mp3","aid":"vBvkETTrK"}}}},"3nC2OnbVkc":{"id":"3nC2OnbVkc","type":"interactive","subtype":"interactivePodCast","setup":{"bg":{"selectedKey":"image","fill":{"opac":1,"rgb":"#FFF"},"img":{"filt":{"opac":100,"gray":0,"blur":0,"tint":{"rgb":"#FFF","opac":0}},"pos":{"type":"fit","fit":{"bg":{"color":{"rgb":"#FFF","opac":100}},"vali":"center","hali":"center"},"crop":{"bg":{"color":{"rgb":"#FFF","opac":0}},"poi":{"x":707,"y":964.5}},"mask":{"shape":1}},"measures":{"size":{"width":1414,"height":2000}},"orig":{"rType":"asset","rSubType":"image","fileName":"fruta (13).png","fileSize":426962,"val":"mc-efc4eb698f5857493b189b2894cc2b54.png","aid":"WA7GIwIJA"}}},"audio":{"orig":{"rType":"asset","rSubType":"audio","fileName":"lemon.mp3","fileSize":22569,"val":"mc-0b75b431778bcd0ef41034a03101517e.mp3","aid":"j3idmo2p4"}}}},"lh9uuCNvg":{"id":"lh9uuCNvg","type":"interactive","subtype":"interactivePodCast","setup":{"bg":{"selectedKey":"image","fill":{"opac":1,"rgb":"#FFF"},"img":{"filt":{"opac":100,"gray":0,"blur":0,"tint":{"rgb":"#FFF","opac":0}},"pos":{"type":"fit","fit":{"bg":{"color":{"rgb":"#FFF","opac":100}},"vali":"center","hali":"center"},"crop":{"bg":{"color":{"rgb":"#FFF","opac":0}},"poi":{"x":707,"y":1486.5}},"mask":{"shape":1}},"measures":{"size":{"width":1414,"height":2000}},"orig":{"rType":"asset","rSubType":"image","fileName":"fruta (15).png","fileSize":233967,"val":"mc-24190bcfcc83835f597c3e8920e047f3.png","aid":"SSWTwUsyD"}}},"audio":{"orig":{"rType":"asset","rSubType":"audio","fileName":"plum.mp3","fileSize":19406,"val":"mc-169e44188189ae33eb89254265d4c410.mp3","aid":"FXTLOgqc2"}}}},"3QIZZD8Up":{"id":"3QIZZD8Up","type":"interactive","subtype":"interactivePodCast","setup":{"bg":{"selectedKey":"image","fill":{"opac":1,"rgb":"#FFF"},"img":{"filt":{"opac":100,"gray":0,"blur":0,"tint":{"rgb":"#FFF","opac":0}},"pos":{"type":"fit","fit":{"bg":{"color":{"rgb":"#FFF","opac":100}},"vali":"center","hali":"center"},"crop":{"bg":{"color":{"rgb":"#FFF","opac":0}},"poi":{"x":707,"y":1486.5}},"mask":{"shape":1}},"measures":{"size":{"width":1414,"height":2000}},"orig":{"rType":"asset","rSubType":"image","fileName":"fruta (14).png","fileSize":665400,"val":"mc-23e552c41e22d251c8b24f19329a35a2.png","aid":"3zmgn2DKK"}}},"audio":{"orig":{"rType":"asset","rSubType":"audio","fileName":"avocado.mp3","fileSize":30969,"val":"mc-45cb4d01911b727870f11a8f92d1ac75.mp3","aid":"FXbJXNbWv"}}}}},"v":"1"}