{"i":{"Kea7uu-hx":{"id":"Kea7uu-hx","type":"slide","setup":{"bord":{"size":10,"rad":10},"bg":{"selectedKey":"fill","fill":{"opac":1,"rgb":"#ff00ff"}},"transparentBg":{"selectedKey":false}}},"PtvqY-6nWo":{"id":"PtvqY-6nWo","type":"interactive","subtype":"interactivePodCast","setup":{"bg":{"selectedKey":"image","fill":{"opac":1,"rgb":"#FFF"},"img":{"filt":{"opac":100,"gray":0,"blur":0,"tint":{"rgb":"#FFF","opac":0}},"pos":{"type":"fit","fit":{"bg":{"color":{"rgb":"#FFF","opac":100}},"vali":"center","hali":"center"},"crop":{"bg":{"color":{"rgb":"#FFF","opac":0}},"poi":{"x":707,"y":964.5}},"mask":{"shape":1}},"measures":{"size":{"width":1414,"height":2000}},"orig":{"rType":"asset","rSubType":"image","fileName":"fruta (17).png","fileSize":906105,"val":"mc-c59d1bb25ecb3970a591f9fa1520a02f.png","aid":"zloPuFQzc"}}},"audio":{"orig":{"rType":"asset","rSubType":"audio","fileName":"passion fruit.mp3","fileSize":25257,"val":"mc-6d7c51fefd179151a299e9cc858e1be0.mp3","aid":"y-KgU535V"}}}},"1Bs9ZsBic":{"id":"1Bs9ZsBic","type":"interactive","subtype":"interactivePodCast","setup":{"bg":{"selectedKey":"image","fill":{"opac":1,"rgb":"#FFF"},"img":{"filt":{"opac":100,"gray":0,"blur":0,"tint":{"rgb":"#FFF","opac":0}},"pos":{"type":"fit","fit":{"bg":{"color":{"rgb":"#FFF","opac":100}},"vali":"center","hali":"center"},"crop":{"bg":{"color":{"rgb":"#FFF","opac":0}},"poi":{"x":707,"y":1008.5}},"mask":{"shape":1}},"measures":{"size":{"width":1414,"height":2000}},"orig":{"rType":"asset","rSubType":"image","fileName":"fruta (18).png","fileSize":713650,"val":"mc-fc19c1021834fef15191e8594449c5e5.png","aid":"NUx0i9qQi"}}},"audio":{"orig":{"rType":"asset","rSubType":"audio","fileName":"raspberry.mp3","fileSize":33417,"val":"mc-adbec9da018ecc73a0744ba470f4f1d9.mp3","aid":"wqIf3vqln"}}}},"B0ZrrXPPDG":{"id":"B0ZrrXPPDG","type":"interactive","subtype":"interactivePodCast","setup":{"bg":{"selectedKey":"image","fill":{"opac":1,"rgb":"#FFF"},"img":{"filt":{"opac":100,"gray":0,"blur":0,"tint":{"rgb":"#FFF","opac":0}},"pos":{"type":"fit","fit":{"bg":{"color":{"rgb":"#FFF","opac":100}},"vali":"center","hali":"center"},"crop":{"bg":{"color":{"rgb":"#FFF","opac":0}},"poi":{"x":707,"y":964.5}},"mask":{"shape":1}},"measures":{"size":{"width":1414,"height":2000}},"orig":{"rType":"asset","rSubType":"image","fileName":"fruta (16).png","fileSize":587495,"val":"mc-aae42612be7b207da0f6fa66f63f8ca7.png","aid":"P-685es1t"}}},"audio":{"orig":{"rType":"asset","rSubType":"audio","fileName":"papaya.mp3","fileSize":21225,"val":"mc-48e4a198a771827f182327ac4043a551.mp3","aid":"_jSnyWY9D"}}}},"6dj8OUnel":{"id":"6dj8OUnel","type":"interactive","subtype":"interactivePodCast","setup":{"bg":{"selectedKey":"image","fill":{"opac":1,"rgb":"#FFF"},"img":{"filt":{"opac":100,"gray":0,"blur":0,"tint":{"rgb":"#FFF","opac":0}},"pos":{"type":"fit","fit":{"bg":{"color":{"rgb":"#FFF","opac":100}},"vali":"center","hali":"center"},"crop":{"bg":{"color":{"rgb":"#FFF","opac":0}},"poi":{"x":707,"y":964.5}},"mask":{"shape":1}},"measures":{"size":{"width":1414,"height":2000}},"orig":{"rType":"asset","rSubType":"image","fileName":"fruta (19).png","fileSize":440467,"val":"mc-93586903f9ec00c26eb3de61ebc07ebf.png","aid":"lIGVrSoiw"}}},"audio":{"orig":{"rType":"asset","rSubType":"audio","fileName":"blueberry.mp3","fileSize":30177,"val":"mc-169534646a9b036a08bd4b273358801a.mp3","aid":"h6g_acfU8"}}}},"OFpRYh3YHn":{"id":"OFpRYh3YHn","type":"interactive","subtype":"interactiveRichText","setup":{"frmeTp":{"selectedKey":"noneFrame"},"bg":{"fill":{"opac":0,"rgb":"#fe860d"}},"hali":"","txt":{"val":{"ops":[{"attributes":{"bold":true,"background":"transparent","color":"black"},"insert":"THE FRUITS﻿"},{"insert":"\n","attributes":{"size":"giant","align":"center"}}]},"rType":"richtext"},"vali":"middle"}}},"v":"1"}