{"i":{"AJVGCf0ci":{"id":"AJVGCf0ci","type":"slide","setup":{"bord":{"size":10,"rad":10},"bg":{"selectedKey":"fill","fill":{"opac":1,"rgb":"#ff0000"}},"transparentBg":{"selectedKey":false}}},"nJ9iT7T3r":{"id":"nJ9iT7T3r","type":"interactive","subtype":"interactivePodCast","setup":{"bg":{"selectedKey":"image","fill":{"opac":1,"rgb":"#FFF"},"img":{"filt":{"opac":100,"gray":0,"blur":0,"tint":{"rgb":"#FFF","opac":0}},"pos":{"type":"fit","fit":{"bg":{"color":{"rgb":"#FFF","opac":100}},"vali":"center","hali":"center"},"crop":{"bg":{"color":{"rgb":"#FFF","opac":0}},"poi":{"x":707,"y":1486.5}},"mask":{"shape":1}},"measures":{"size":{"width":1414,"height":2000}},"orig":{"rType":"asset","rSubType":"image","fileName":"fruta (3).png","fileSize":342450,"val":"mc-20c467ea4dfd184ba3a46ff1bcdfaa38.png","aid":"As1Scw_h7"}}},"audio":{"orig":{"rType":"asset","rSubType":"audio","fileName":"cherry.mp3","fileSize":20505,"val":"mc-71c7074b4509877ef136bd15b08865d3.mp3","aid":"cMQDwVqA2"}}}},"NQMTqza_Rf":{"id":"NQMTqza_Rf","type":"interactive","subtype":"interactiveRichText","setup":{"frmeTp":{"selectedKey":"noneFrame"},"bg":{"fill":{"opac":0,"rgb":"#ff0000"}},"hali":"","txt":{"val":{"ops":[{"insert":"THE FRUITS","attributes":{"bold":true,"background":"transparent","color":"black"}},{"insert":"\n","attributes":{"size":"giant","align":"center"}}]},"rType":"richtext"},"vali":"middle"}},"pGr4agVBUa":{"id":"pGr4agVBUa","type":"interactive","subtype":"interactivePodCast","setup":{"bg":{"selectedKey":"image","fill":{"opac":1,"rgb":"#FFF"},"img":{"filt":{"opac":100,"gray":0,"blur":0,"tint":{"rgb":"#FFF","opac":0}},"pos":{"type":"fit","fit":{"bg":{"color":{"rgb":"#FFF","opac":100}},"vali":"center","hali":"center"},"crop":{"bg":{"color":{"rgb":"#FFF","opac":0}},"poi":{"x":707,"y":964.5}},"mask":{"shape":1}},"measures":{"size":{"width":1414,"height":2000}},"orig":{"rType":"asset","rSubType":"image","fileName":"fruta (1).png","fileSize":239430,"val":"mc-d95055fe9f599772a47a7d4e1194b340.png","aid":"7dxwh2mTK"}}},"audio":{"orig":{"rType":"asset","rSubType":"audio","fileName":"peach.mp3","fileSize":29031,"val":"mc-79dc851bdd1edb97578fd454639ba9e1.mp3","aid":"kNv0dxCNC"}}}},"R5G4SVVK6e":{"id":"R5G4SVVK6e","type":"interactive","subtype":"interactivePodCast","setup":{"bg":{"selectedKey":"image","fill":{"opac":1,"rgb":"#FFF"},"img":{"filt":{"opac":100,"gray":0,"blur":0,"tint":{"rgb":"#FFF","opac":0}},"pos":{"type":"fit","fit":{"bg":{"color":{"rgb":"#FFF","opac":100}},"vali":"center","hali":"center"},"crop":{"bg":{"color":{"rgb":"#FFF","opac":0}},"poi":{"x":707,"y":1486.5}},"mask":{"shape":1}},"measures":{"size":{"width":1414,"height":2000}},"orig":{"rType":"asset","rSubType":"image","fileName":"fruta.png","fileSize":225902,"val":"mc-f0cfd2dd1444ea7e5d171a1621b2d1f2.png","aid":"8zt3DKQdh"}}},"audio":{"orig":{"rType":"asset","rSubType":"audio","fileName":"apple.mp3","fileSize":16563,"val":"mc-c46c1bb112b84ebf3b6a8c897c8990f0.mp3","aid":"H4PSHU6hU"}}}},"OvXn6829_":{"id":"OvXn6829_","type":"interactive","subtype":"interactivePodCast","setup":{"bg":{"selectedKey":"image","fill":{"opac":1,"rgb":"#FFF"},"img":{"filt":{"opac":100,"gray":0,"blur":0,"tint":{"rgb":"#FFF","opac":0}},"pos":{"type":"fit","fit":{"bg":{"color":{"rgb":"#FFF","opac":100}},"vali":"center","hali":"center"},"crop":{"bg":{"color":{"rgb":"#FFF","opac":0}},"poi":{"x":707,"y":964.5}},"mask":{"shape":1}},"measures":{"size":{"width":1414,"height":2000}},"orig":{"rType":"asset","rSubType":"image","fileName":"fruta (2).png","fileSize":175809,"val":"mc-22d02a8a47758defd7e5ec696efeb697.png","aid":"4_zAYrr8c"}}},"audio":{"orig":{"rType":"asset","rSubType":"audio","fileName":"pear.mp3","fileSize":26121,"val":"mc-01900b74ef2e63bfc445ccc05a4f53f2.mp3","aid":"FyMSMckyc"}}}}},"v":"1"}