[{"rType":"asset","rSubType":"image","fileName":"ella.png","fileSize":109276,"val":"mc-09b986eac29ec1dda4997ffa6f99462c.png","aid":"9cXO_8Jqt","size":109276},{"rType":"asset","rSubType":"image","fileName":"yo.png","fileSize":105339,"val":"mc-9da0f77771f83232a3cf389620f2f412.png","aid":"JnQvm1Tdv","size":105339},{"rType":"asset","rSubType":"image","fileName":"el.png","fileSize":78423,"val":"mc-f6b5522524774849d41708edc0f58f36.png","aid":"GhooP1aQr","size":78423},{"rType":"asset","rSubType":"image","fileName":"landscape-1844227_1280.png","fileSize":128667,"aid":"DzSRSF1k_9","val":"mc-4b59747440c4a59f28427671c85f7425.png","size":128667},{"rType":"asset","rSubType":"image","fileName":"el (3).png","fileSize":217295,"val":"mc-2c0f8f195546fad10d27e21beaba1e48.png","aid":"zAFRB9wCE","size":217295},{"rType":"asset","rSubType":"image","fileName":"unsplash.jpg","fileSize":0,"val":"mc-fef853b1973cd84967676d07de4c2d05.jpg","aid":"Iqd8ZOMg2Y","size":128849},{"rType":"asset","rSubType":"image","fileName":"unsplash.jpg","fileSize":0,"val":"mc-2bdf984123efbaf1c6a58561c28ae404.jpg","aid":"BFyvCPE0n8","size":1095400},{"rType":"asset","rSubType":"image","fileName":"landscape-1844227_1280.png","fileSize":128667,"aid":"nWOMlFokfS","val":"mc-4b59747440c4a59f28427671c85f7425.png","size":128667},{"rType":"asset","rSubType":"image","fileName":"el (2).png","fileSize":98513,"val":"mc-8db1375aa1ed45d345a861483cb1fa59.png","aid":"esSa_SeYp","size":98513},{"rType":"asset","rSubType":"image","fileName":"el (8).png","fileSize":199955,"val":"mc-4ba08d52130cee0d728a5dd14f7c65b4.png","aid":"kqAgxCqcx","size":199955},{"rType":"asset","rSubType":"image","fileName":"el (5).png","fileSize":202481,"val":"mc-cca701b5c7d6ccdcd9216a76c6b44cd0.png","aid":"v1XtJKn7a","size":202481},{"rType":"asset","rSubType":"image","fileName":"tu .png","fileSize":229075,"val":"mc-ad74c250c5d89f9807a826c5e1c89f36.png","aid":"zjhfIRC7L","size":229075},{"rType":"asset","rSubType":"image","fileName":"landscape-1844227_1280.png","fileSize":128667,"val":"mc-4b59747440c4a59f28427671c85f7425.png","aid":"VuerSJ4bU","size":128667},{"rType":"asset","rSubType":"image","fileName":"landscape-1844227_1280.png","fileSize":128667,"aid":"7I9lbAX1FI","val":"mc-4b59747440c4a59f28427671c85f7425.png","size":128667}]