{"i":{"mzcwbIyez":{"id":"mzcwbIyez","type":"slide","setup":{"bord":{"size":10,"rad":10},"bg":{"selectedKey":"image","fill":{"opac":1,"rgb":"var(--TC3)"},"img":{"filt":{"opac":100,"gray":0,"blur":0,"tint":{"rgb":"var(--TC3)","opac":0.5,"blendMode":"multiply"}},"pos":{"type":"crop","fit":{"bg":{"color":{"rgb":"#FFF","opac":100}},"vali":"center","hali":"center"},"crop":{"poi":{"x":640,"y":479.5}}},"measures":{"size":{"width":1280,"height":989}},"orig":{"rType":"asset","rSubType":"image","fileName":"landscape-1844227_1280.png","fileSize":128667,"aid":"DzSRSF1k_9","val":"mc-4b59747440c4a59f28427671c85f7425.png"}}},"transparentBg":{"selectedKey":false}}},"KO9Tvwnqdo":{"id":"KO9Tvwnqdo","type":"interactive","subtype":"interactiveRichText","setup":{"frmeTp":{"selectedKey":"noneFrame"},"bg":{"fill":{"opac":0,"rgb":"#FFF"}},"txt":{"val":{"ops":[{"insert":" PRONOUNS  ","attributes":{"color":"#ffffff","background":"#e8642f","bold":true}},{"insert":"\n","attributes":{"align":"center","size":"huge"}}]},"rType":"richtext"},"hali":"","vali":"middle"}},"0Cv4B_EItW":{"id":"0Cv4B_EItW","type":"interactive","subtype":"interactiveCard","setup":{"animation":{"selectedKey":"fade"},"front":{"selectedKey":"fill","fill":{"opac":0.95,"rgb":"var(--TC3)"},"img":{"filt":{"opac":100,"gray":0,"blur":0,"tint":{"rgb":"#e50a4f","opac":0}},"pos":{"type":"crop","fit":{"bg":{"color":{"rgb":"#FFF","opac":100}},"vali":"center","hali":"center"},"crop":{"poi":{"x":552,"y":360}}},"measures":{"size":{"width":1080,"height":720}}},"txt":{"rType":"richtext","val":{"ops":[{"insert":"Our Item 4","attributes":{"color":"var(--TC1)","bold":true}},{"insert":"\n","attributes":{"align":"center","size":"large"}}]}},"rType":"richtext","hali":"","vali":"middle","paddV1":10},"back":{"selectedKey":"fill","fill":{"opac":0.5,"rgb":"var(--TC2)"},"img":{"filt":{"opac":100,"gray":100,"blur":0,"tint":{"rgb":"#fff","opac":0.9}},"pos":{"type":"crop","fit":{"bg":{"color":{"rgb":"#FFF","opac":100}},"vali":"center","hali":"center"},"crop":{"poi":{"x":552,"y":360}}},"measures":{"size":{"width":1080,"height":720}}},"rType":"richtext","vali":"top","txt":{"rType":"richtext","val":{"ops":[{"insert":"We want to know why your idea makes sense, why it's  going to be a success, why a user would be interested on it. Once at this point, our strategy experts will challenge the limits and create intuitive, simple and beautiful designs.","attributes":{"color":"var(--TC3)"}},{"insert":"\n","attributes":{"size":"normal"}}]}},"paddV1":15,"hali":""}}},"M4g-ptDjLM":{"id":"M4g-ptDjLM","type":"interactive","subtype":"interactiveCard","setup":{"animation":{"selectedKey":"rotateH"},"front":{"selectedKey":"image","fill":{"opac":1,"rgb":"var(--TC11)"},"img":{"filt":{"opac":100,"gray":0,"blur":0,"tint":{"rgb":"#FFF","opac":0}},"pos":{"type":"fit","fit":{"bg":{"color":{"rgb":"#FFF","opac":100}},"vali":"center","hali":"center"},"crop":{"bg":{"color":{"rgb":"#FFF","opac":0}},"poi":{"x":707,"y":964.5}},"mask":{"shape":1}},"measures":{"size":{"width":1414,"height":2000}},"orig":{"rType":"asset","rSubType":"image","fileName":"el (8).png","fileSize":199955,"val":"mc-4ba08d52130cee0d728a5dd14f7c65b4.png","aid":"kqAgxCqcx"}}},"back":{"selectedKey":"fill","fill":{"opac":1,"rgb":"var(--TC11)"},"txt":{"val":{"ops":[{"attributes":{"bold":true,"color":"#ffffff"},"insert":"THEY"},{"insert":"\n","attributes":{"align":"center","size":"giant"}}]},"rType":"richtext"},"hali":"","vali":"middle"}}},"MBXZQKy0BU":{"id":"MBXZQKy0BU","type":"interactive","subtype":"interactiveCard","setup":{"animation":{"selectedKey":"rotateH"},"front":{"selectedKey":"image","fill":{"opac":1,"rgb":"#FFF"},"img":{"filt":{"opac":100,"gray":0,"blur":0,"tint":{"rgb":"#FFF","opac":0}},"pos":{"type":"fit","fit":{"bg":{"color":{"rgb":"#FFF","opac":100}},"vali":"center","hali":"center"},"crop":{"bg":{"color":{"rgb":"#FFF","opac":0}},"poi":{"x":707,"y":1051.5}},"mask":{"shape":1}},"measures":{"size":{"width":1414,"height":2000}},"orig":{"rType":"asset","rSubType":"image","fileName":"el (5).png","fileSize":202481,"val":"mc-cca701b5c7d6ccdcd9216a76c6b44cd0.png","aid":"v1XtJKn7a"}}},"back":{"selectedKey":"fill","fill":{"opac":1,"rgb":"var(--TC11)"},"txt":{"val":{"ops":[{"insert":"\n","attributes":{"align":"center","size":"giant"}},{"attributes":{"bold":true,"color":"#ffffff"},"insert":"YOU"},{"insert":"\n\n","attributes":{"align":"center","size":"giant"}}]},"rType":"richtext"},"hali":"","vali":"middle"}}}},"v":"1"}