[{"rType":"asset","rSubType":"image","fileName":"Diseño sin título (6).png","fileSize":121565,"val":"mc-4a3e51748e67113d1abeb98ada9c27cc.png","aid":"OJqktLWrZ","size":121565},{"rType":"asset","rSubType":"image","fileName":"unsplash.jpg","fileSize":0,"val":"mc-2bdf984123efbaf1c6a58561c28ae404.jpg","aid":"v2lrcKtx0c","size":1095400},{"rType":"asset","rSubType":"image","fileName":"spring (3).png","fileSize":716111,"val":"mc-a5c804661948574746bcaa030404bb40.png","aid":"p2nwLLgZl","size":716111},{"rType":"asset","rSubType":"audio","fileName":"winter.m4a","fileSize":51353,"val":"mc-77a4d7fc272d150a16c1092ef5f02ecf.m4a","aid":"-mMlnJOVS","size":51353},{"rType":"asset","rSubType":"image","fileName":"spring.png","fileSize":841161,"val":"mc-e45be43860986609645ac1f0debfaf0d.png","aid":"xU24NEZVP","size":841161},{"rType":"asset","rSubType":"audio","fileName":"autumn.m4a","fileSize":53401,"val":"mc-aac6c9d9cda70d1bd0a3b76d282b712c.m4a","aid":"FZ77nNs0l","size":53401},{"rType":"asset","rSubType":"image","fileName":"spring (2).png","fileSize":610454,"val":"mc-d976059258cd42a18ad148ffbf88700c.png","aid":"JGiRg5xzG","size":610454},{"rType":"asset","rSubType":"audio","fileName":"summer.m4a","fileSize":82921,"val":"mc-737baf0f8c617d1a8125b847041078c9.m4a","aid":"5ZQusLE_M","size":82921},{"rType":"asset","rSubType":"image","fileName":"spring (1).png","fileSize":1150914,"val":"mc-e0fdc4e4ca197f7c47d1dd01dde7a833.png","aid":"XKwlVgNNZ","size":1150914},{"rType":"asset","rSubType":"audio","fileName":"spring.m4a","fileSize":60569,"val":"mc-a97114859e65c0963e89359e09c4607c.m4a","aid":"78GgBVFCB","size":60569}]