{"i":{"Lxk8a8Fjh":{"id":"Lxk8a8Fjh","type":"slide","setup":{"bord":{"size":11,"rad":10},"bg":{"selectedKey":"fill","fill":{"opac":1,"rgb":"#ffff00"}},"transparentBg":{"selectedKey":false}}},"9bSb1cL1NC":{"id":"9bSb1cL1NC","type":"interactive","subtype":"interactiveRichText","setup":{"frmeTp":{"selectedKey":"noneFrame"},"bg":{"fill":{"opac":0.2,"rgb":"#ffff00"}},"hali":"","txt":{"val":{"ops":[{"insert":"SEASONS","attributes":{"color":"var(--TC2)","bold":true}},{"insert":"\n","attributes":{"size":"giant","align":"center"}}]},"rType":"richtext"}}},"bYM_YblPG":{"id":"bYM_YblPG","type":"interactive","subtype":"interactivePodCast","setup":{"bg":{"selectedKey":"image","fill":{"opac":1,"rgb":"#FFF"},"img":{"filt":{"opac":100,"gray":0,"blur":0,"tint":{"rgb":"#FFF","opac":0}},"pos":{"type":"fit","fit":{"bg":{"color":{"rgb":"#FFF","opac":100}},"vali":"center","hali":"center"},"crop":{"bg":{"color":{"rgb":"#FFF","opac":0}},"poi":{"x":707,"y":529.5}},"mask":{"shape":1}},"measures":{"size":{"width":1414,"height":2000}},"orig":{"rType":"asset","rSubType":"image","fileName":"spring (3).png","fileSize":716111,"val":"mc-a5c804661948574746bcaa030404bb40.png","aid":"p2nwLLgZl"}}},"audio":{"orig":{"rType":"asset","rSubType":"audio","fileName":"winter.m4a","fileSize":51353,"val":"mc-77a4d7fc272d150a16c1092ef5f02ecf.m4a","aid":"-mMlnJOVS"}}}},"nQ5spAn9uK":{"id":"nQ5spAn9uK","type":"interactive","subtype":"interactivePodCast","setup":{"bg":{"selectedKey":"image","fill":{"opac":1,"rgb":"#FFF"},"img":{"filt":{"opac":100,"gray":0,"blur":0,"tint":{"rgb":"#FFF","opac":0}},"pos":{"type":"fit","fit":{"bg":{"color":{"rgb":"#FFF","opac":100}},"vali":"center","hali":"center"},"crop":{"bg":{"color":{"rgb":"#FFF","opac":0}},"poi":{"x":707,"y":1269.5}},"mask":{"shape":1}},"measures":{"size":{"width":1414,"height":2000}},"orig":{"rType":"asset","rSubType":"image","fileName":"spring (2).png","fileSize":610454,"val":"mc-d976059258cd42a18ad148ffbf88700c.png","aid":"JGiRg5xzG"}}},"audio":{"orig":{"rType":"asset","rSubType":"audio","fileName":"summer.m4a","fileSize":82921,"val":"mc-737baf0f8c617d1a8125b847041078c9.m4a","aid":"5ZQusLE_M"}}}}},"v":"1"}