{"i":{"Bj_aTufMyCx":{"id":"Bj_aTufMyCx","type":"slide","setup":{"bord":{"size":10,"rad":10},"bg":{"selectedKey":"fill","fill":{"opac":1,"rgb":"#00ff00"}},"transparentBg":{"selectedKey":false}}},"UMZBAiEhM":{"id":"UMZBAiEhM","type":"interactive","subtype":"interactiveRichText","setup":{"frmeTp":{"selectedKey":"noneFrame"},"bg":{"fill":{"opac":0.2,"rgb":"#FFF"}},"hali":"","txt":{"val":{"ops":[{"insert":"SEASONS","attributes":{"bold":true,"color":"#0000ff"}},{"insert":"\n","attributes":{"align":"center","size":"giant"}}]},"rType":"richtext"}}},"gIlWeRfEj":{"id":"gIlWeRfEj","type":"interactive","subtype":"interactivePodCast","setup":{"bg":{"selectedKey":"image","fill":{"opac":1,"rgb":"#FFF"},"img":{"filt":{"opac":100,"gray":0,"blur":0,"tint":{"rgb":"#FFF","opac":0}},"pos":{"type":"fit","fit":{"bg":{"color":{"rgb":"#FFF","opac":100}},"vali":"center","hali":"center"},"crop":{"bg":{"color":{"rgb":"#FFF","opac":0}},"poi":{"x":707,"y":921.5}},"mask":{"shape":1}},"measures":{"size":{"width":1414,"height":2000}},"orig":{"rType":"asset","rSubType":"image","fileName":"spring.png","fileSize":841161,"val":"mc-e45be43860986609645ac1f0debfaf0d.png","aid":"xU24NEZVP"}}},"audio":{"orig":{"rType":"asset","rSubType":"audio","fileName":"autumn.m4a","fileSize":53401,"val":"mc-aac6c9d9cda70d1bd0a3b76d282b712c.m4a","aid":"FZ77nNs0l"}}}},"QAjGEeZSd":{"id":"QAjGEeZSd","type":"interactive","subtype":"interactivePodCast","setup":{"bg":{"selectedKey":"image","fill":{"opac":1,"rgb":"#FFF"},"img":{"filt":{"opac":100,"gray":0,"blur":0,"tint":{"rgb":"#FFF","opac":0}},"pos":{"type":"fit","fit":{"bg":{"color":{"rgb":"#FFF","opac":100}},"vali":"center","hali":"center"},"crop":{"bg":{"color":{"rgb":"#FFF","opac":0}},"poi":{"x":707,"y":1269.5}},"mask":{"shape":1}},"measures":{"size":{"width":1414,"height":2000}},"orig":{"rType":"asset","rSubType":"image","fileName":"spring (1).png","fileSize":1150914,"val":"mc-e0fdc4e4ca197f7c47d1dd01dde7a833.png","aid":"XKwlVgNNZ"}}},"audio":{"orig":{"rType":"asset","rSubType":"audio","fileName":"spring.m4a","fileSize":60569,"val":"mc-a97114859e65c0963e89359e09c4607c.m4a","aid":"78GgBVFCB"}}}}},"v":"1"}