<?xml version="1.0" encoding="UTF-8"?>
<!-- Generated by JClic - https://projectestac.github.io/jclic -->
<manifest identifier="JClic-E2CD3D" version="1.0" xmlns="http://www.imsproject.org/xsd/imscp_rootv1p1p2" xmlns:adlcp="http://www.adlnet.org/xsd/adlcp_rootv1p2" xmlns:xsi="http://www.w3.org/2001/XMLSchema-instance" xsi:schemaLocation= "http://www.imsproject.org/xsd/imscp_rootv1p1p2 imscp_rootv1p1p2.xsd http://www.imsglobal.org/xsd/imsmd_rootv1p2p1 imsmd_rootv1p2p1.xsd http://www.adlnet.org/xsd/adlcp_rootv1p2 adlcp_rootv1p2.xsd">
 <metadata> 
  <schema>ADL SCORM</schema>
  <schemaversion>1.2</schemaversion>
 </metadata> 
 <organizations default="JClic">  
  <organization identifier="JClic">  
   <title>actividad pronombre 2</title>
   <item identifier="ITEM_JClic-E2CD3D" identifierref="RES_JClic-E2CD3D">
    <title>actividad pronombre 2</title>
   </item>
  </organization>
 </organizations>
 <resources>
  <resource identifier="RES_JClic-E2CD3D" type="webcontent" href="/index.html" adlcp:scormtype="sco"> 
   <file href="360_f_69413622_jtsjmioouhjs8u27xjgns5c7bwyjwfk5.jpg"/>
   <file href="actividad_pronombre_2.jclic"/>
   <file href="actividad_pronombre_2.jclic.js"/>
   <file href="favicon.ico"/>
   <file href="icon-192.png"/>
   <file href="icon-72.png"/>
   <file href="imagenes_they.jpg"/>
   <file href="images__1_.jpg"/>
   <file href="imsmanifest.xml"/>
   <file href="index.html"/>
   <file href="musica-de-fondo-sin-copyright-resized.jpg"/>
   <file href="project-cover.jpg"/>
   <file href="project-thumb.jpg"/>
   <file href="project.json"/>
   <file href="pronombre__1_-resized.jpg"/>
   <file href="pronombre__4_-resized.jpg"/>
   <file href="pronombre__5_-resized.jpg"/>
   <file href="pronombre__8_-resized.jpg"/>
   <file href="social-media-team-discussing-on-graph-at-workplace__1_-resized.jpg"/>
  </resource>
 </resources>
</manifest>