[{"rType":"asset","rSubType":"image","fileName":"Taller de Fotografía.png","fileSize":393334,"val":"mc-c92e9d8c24f71e23dfd59e8f50b74579.png","aid":"TCA5-epkj","size":393334},{"rType":"asset","rSubType":"audio","fileName":"cloudy.m4a","fileSize":53401,"val":"mc-49ccde3e24a29bbe1b39bfabf77e0a63.m4a","aid":"hGLYad_vM","size":53401},{"rType":"asset","rSubType":"image","fileName":"spring (1).png","fileSize":1150914,"val":"mc-e0fdc4e4ca197f7c47d1dd01dde7a833.png","aid":"pLkUnQHhn","size":1150914},{"rType":"asset","rSubType":"image","fileName":"cli_pri.PNG","fileSize":21681,"val":"mc-75646f23d13965e46953a9ea0f48e5ff.PNG","aid":"09bmxfJqT","size":21681},{"rType":"asset","rSubType":"image","fileName":"unsplash.jpg","fileSize":0,"val":"mc-a9896aa68727d5dc702921dbfdc0f68c.jpg","aid":"UeJ-Nm4n7i","size":134638},{"rType":"asset","rSubType":"image","fileName":"spring.png","fileSize":841161,"val":"mc-e45be43860986609645ac1f0debfaf0d.png","aid":"huYZsSxFX","size":841161},{"rType":"asset","rSubType":"image","fileName":"cli_oto.PNG","fileSize":28341,"val":"mc-bb7b0ab4720d17e0ee559d7e1c420df5.PNG","aid":"I9G0gi3HX","size":28341},{"rType":"asset","rSubType":"image","fileName":"spring (2).png","fileSize":610454,"val":"mc-d976059258cd42a18ad148ffbf88700c.png","aid":"EOF7w7FJi","size":610454},{"rType":"asset","rSubType":"image","fileName":"cli_vera.PNG","fileSize":19127,"val":"mc-d6b4f4a2c578adbe668982da1612fdbc.PNG","aid":"gp4kZt-2f","size":19127},{"rType":"asset","rSubType":"image","fileName":"Taller de Fotografía (1).png","fileSize":441634,"val":"mc-4236ba24bd4a66e90e4594f584e3d2d2.png","aid":"Epez8i42w","size":441634},{"rType":"asset","rSubType":"audio","fileName":"snowy.m4a","fileSize":63641,"val":"mc-f994cec48ed4ef3c2e350f9e36fc55e6.m4a","aid":"zltkiyLik","size":63641},{"rType":"asset","rSubType":"image","fileName":"Taller de Fotografía (2).png","fileSize":543853,"val":"mc-b70b88414713e96c70bb82aabd0d4441.png","aid":"gAo5Se1Xn","size":543853},{"rType":"asset","rSubType":"audio","fileName":"rainy.m4a","fileSize":73611,"val":"mc-c53ef4443ece931bd87b7d7bbbd5b14b.m4a","aid":"V9WxEPxMQ","size":73611},{"rType":"asset","rSubType":"image","fileName":"unsplash.jpg","fileSize":0,"val":"mc-fef853b1973cd84967676d07de4c2d05.jpg","aid":"CEsD8i9GFC","size":128849},{"rType":"asset","rSubType":"image","fileName":"unsplash.jpg","fileSize":0,"val":"mc-2bdf984123efbaf1c6a58561c28ae404.jpg","aid":"I7_bgeLu9s","size":1095400},{"rType":"asset","rSubType":"image","fileName":"Taller de Fotografía (3).png","fileSize":478864,"val":"mc-3efad97db77fe20a32a5d80b4bffe15e.png","aid":"Zct5VwrZl","size":478864},{"rType":"asset","rSubType":"audio","fileName":"windi.m4a","fileSize":45209,"val":"mc-9e8299a87d01a44ca73d123d53cef521.m4a","aid":"f3wnBF1wu","size":45209},{"rType":"asset","rSubType":"image","fileName":"spring (3).png","fileSize":716111,"val":"mc-a5c804661948574746bcaa030404bb40.png","aid":"-GE8JzQXb","size":716111},{"rType":"asset","rSubType":"image","fileName":"cli_invi.PNG","fileSize":24082,"val":"mc-caa832fdb2da0823d4511e36e03338ee.PNG","aid":"3uShmpmts","size":24082},{"rType":"asset","rSubType":"image","fileName":"unsplash.jpg","fileSize":0,"val":"mc-a9896aa68727d5dc702921dbfdc0f68c.jpg","aid":"v8YUjxrhXy","size":134638},{"rType":"asset","rSubType":"image","fileName":"Taller de Fotografía (5).png","fileSize":713076,"val":"mc-c665ae7b3466488ebc503abdb630663a.png","aid":"HLJn_C2vd","size":713076},{"rType":"asset","rSubType":"audio","fileName":"sunny.m4a","fileSize":58521,"val":"mc-62a0a55a14c6bc307356b2e659c7069f.m4a","aid":"jd_sarvtb","size":58521},{"rType":"asset","rSubType":"image","fileName":"Taller de Fotografía (4).png","fileSize":586184,"val":"mc-1fa75e625040299e9af9b89c53a3e598.png","aid":"4Mm7EaQ5k","size":586184},{"rType":"asset","rSubType":"audio","fileName":"hot.m4a","fileSize":53401,"val":"mc-a531b04425df7589ef664d267699c10b.m4a","aid":"Oy-b4B29D","size":53401},{"rType":"asset","rSubType":"image","fileName":"unsplash.jpg","fileSize":0,"val":"mc-a9896aa68727d5dc702921dbfdc0f68c.jpg","aid":"bIlsJz-q0b","size":134638}]