{"i":{"-8J4--pF2":{"id":"-8J4--pF2","type":"slide","setup":{"bg":{"selectedKey":"gradient","fill":{"opac":0.8,"rgb":"#f46c14"},"img":{"filt":{"opac":100,"gray":0,"blur":0,"tint":{"rgb":"var(--TC3)","opac":0.5,"blendMode":"multiply"}},"pos":{"type":"crop","fit":{"bg":{"color":{"rgb":"#FFF","opac":100}},"vali":"center","hali":"center"},"crop":{"poi":{"x":618,"y":1064}}},"measures":{"size":{"width":1080,"height":1349}},"orig":{"rType":"asset","rSubType":"image","fileName":"unsplash.jpg","fileSize":0,"val":"mc-a9896aa68727d5dc702921dbfdc0f68c.jpg","aid":"UeJ-Nm4n7i"}},"gradient":{"angle":0,"opac":0.68,"stops":[{"color":"#ffca00","pos":0},{"color":"#ff0e00","pos":100}]}},"transparentBg":{"selectedKey":false},"bord":{"size":10,"rad":10}}},"pQ64LKgQRO":{"id":"pQ64LKgQRO","type":"interactive","subtype":"interactiveRichText","setup":{"frmeTp":{"selectedKey":"noneFrame"},"bg":{"fill":{"opac":0,"rgb":"#f46c14"}},"txt":{"val":{"ops":[{"insert":"  WEATHER  ","attributes":{"color":"#1d1d1d","bold":true}},{"insert":" ","attributes":{"color":"#ffffff","bold":true}},{"insert":"\n","attributes":{"align":"center","size":"giant"}}]},"rType":"richtext"},"hali":"","vali":"middle"}},"k22Bgn53Sd":{"id":"k22Bgn53Sd","type":"interactive","subtype":"interactivePodCast","setup":{"bg":{"selectedKey":"image","fill":{"opac":1,"rgb":"#FFF"},"img":{"filt":{"opac":100,"gray":0,"blur":0,"tint":{"rgb":"#FFF","opac":0}},"pos":{"type":"fit","fit":{"bg":{"color":{"rgb":"#FFF","opac":100}},"vali":"center","hali":"center"},"crop":{"bg":{"color":{"rgb":"#FFF","opac":0}},"poi":{"x":707,"y":877.5}},"mask":{"shape":1}},"measures":{"size":{"width":1414,"height":2000}},"orig":{"rType":"asset","rSubType":"image","fileName":"Taller de Fotografía (1).png","fileSize":441634,"val":"mc-4236ba24bd4a66e90e4594f584e3d2d2.png","aid":"Epez8i42w"}}},"audio":{"orig":{"rType":"asset","rSubType":"audio","fileName":"snowy.m4a","fileSize":63641,"val":"mc-f994cec48ed4ef3c2e350f9e36fc55e6.m4a","aid":"zltkiyLik"}}}},"ip5mw_Xjz0":{"id":"ip5mw_Xjz0","type":"interactive","subtype":"interactivePodCast","setup":{"bg":{"selectedKey":"image","fill":{"opac":1,"rgb":"#FFF"},"img":{"filt":{"opac":100,"gray":0,"blur":0,"tint":{"rgb":"#FFF","opac":0}},"pos":{"type":"fit","fit":{"bg":{"color":{"rgb":"#FFF","opac":100}},"vali":"center","hali":"center"},"crop":{"bg":{"color":{"rgb":"#FFF","opac":0}},"poi":{"x":707,"y":1486.5}},"mask":{"shape":1}},"measures":{"size":{"width":1414,"height":2000}},"orig":{"rType":"asset","rSubType":"image","fileName":"Taller de Fotografía (2).png","fileSize":543853,"val":"mc-b70b88414713e96c70bb82aabd0d4441.png","aid":"gAo5Se1Xn"}}},"audio":{"orig":{"rType":"asset","rSubType":"audio","fileName":"rainy.m4a","fileSize":73611,"val":"mc-c53ef4443ece931bd87b7d7bbbd5b14b.m4a","aid":"V9WxEPxMQ"}}}},"bEX1iOdva_":{"id":"bEX1iOdva_","type":"interactive","subtype":"interactiveCard","setup":{"animation":{"selectedKey":"fade"},"front":{"selectedKey":"fill","fill":{"opac":0.95,"rgb":"var(--TC3)"},"img":{"filt":{"opac":100,"gray":0,"blur":0,"tint":{"rgb":"#e50a4f","opac":0}},"pos":{"type":"crop","fit":{"bg":{"color":{"rgb":"#FFF","opac":100}},"vali":"center","hali":"center"},"crop":{"poi":{"x":552,"y":360}}},"measures":{"size":{"width":1080,"height":720}}},"txt":{"rType":"richtext","val":{"ops":[{"insert":"Our Item 6","attributes":{"color":"var(--TC1)","bold":true}},{"insert":"\n","attributes":{"align":"center","size":"large"}}]}},"rType":"richtext","hali":"","vali":"middle","paddV1":10},"back":{"selectedKey":"fill","fill":{"opac":0.5,"rgb":"var(--TC2)"},"img":{"filt":{"opac":100,"gray":100,"blur":0,"tint":{"rgb":"#fff","opac":0.9}},"pos":{"type":"crop","fit":{"bg":{"color":{"rgb":"#FFF","opac":100}},"vali":"center","hali":"center"},"crop":{"poi":{"x":552,"y":360}}},"measures":{"size":{"width":1080,"height":720}}},"rType":"richtext","vali":"top","txt":{"rType":"richtext","val":{"ops":[{"insert":"We want to know why your idea makes sense, why it's  going to be a success, why a user would be interested on it. Once at this point, our strategy experts will challenge the limits and create intuitive, simple and beautiful designs.","attributes":{"color":"var(--TC3)"}},{"insert":"\n","attributes":{"size":"normal"}}]}},"paddV1":15,"hali":""}}},"BQpO1tYCPI":{"id":"BQpO1tYCPI","type":"interactive","subtype":"interactiveCard","setup":{"animation":{"selectedKey":"fade"},"front":{"selectedKey":"fill","fill":{"opac":0.7,"rgb":"var(--TC3)"},"img":{"filt":{"opac":100,"gray":0,"blur":0,"tint":{"rgb":"#e50a4f","opac":0}},"pos":{"type":"crop","fit":{"bg":{"color":{"rgb":"#FFF","opac":100}},"vali":"center","hali":"center"},"crop":{"poi":{"x":552,"y":360}}},"measures":{"size":{"width":1080,"height":720}}},"txt":{"rType":"richtext","val":{"ops":[{"insert":"Our Item 5","attributes":{"color":"var(--TC1)","bold":true}},{"insert":"\n","attributes":{"align":"center","size":"large"}}]}},"rType":"richtext","hali":"","vali":"middle","paddV1":10},"back":{"selectedKey":"fill","fill":{"opac":0.5,"rgb":"var(--TC2)"},"img":{"filt":{"opac":100,"gray":100,"blur":0,"tint":{"rgb":"#fff","opac":0.9}},"pos":{"type":"crop","fit":{"bg":{"color":{"rgb":"#FFF","opac":100}},"vali":"center","hali":"center"},"crop":{"poi":{"x":552,"y":360}}},"measures":{"size":{"width":1080,"height":720}}},"rType":"richtext","vali":"top","txt":{"rType":"richtext","val":{"ops":[{"insert":"We want to know why your idea makes sense, why it's  going to be a success, why a user would be interested on it. Once at this point, our strategy experts will challenge the limits and create intuitive, simple and beautiful designs.","attributes":{"color":"var(--TC3)"}},{"insert":"\n","attributes":{"size":"normal"}}]}},"paddV1":15,"hali":""}}},"T4PNAT8OPF":{"id":"T4PNAT8OPF","type":"interactive","subtype":"interactiveCard","setup":{"animation":{"selectedKey":"fade"},"front":{"selectedKey":"fill","fill":{"opac":0.95,"rgb":"var(--TC3)"},"img":{"filt":{"opac":100,"gray":0,"blur":0,"tint":{"rgb":"#e50a4f","opac":0}},"pos":{"type":"crop","fit":{"bg":{"color":{"rgb":"#FFF","opac":100}},"vali":"center","hali":"center"},"crop":{"poi":{"x":552,"y":360}}},"measures":{"size":{"width":1080,"height":720}}},"txt":{"rType":"richtext","val":{"ops":[{"insert":"Our Item 4","attributes":{"color":"var(--TC1)","bold":true}},{"insert":"\n","attributes":{"align":"center","size":"large"}}]}},"rType":"richtext","hali":"","vali":"middle","paddV1":10},"back":{"selectedKey":"fill","fill":{"opac":0.5,"rgb":"var(--TC2)"},"img":{"filt":{"opac":100,"gray":100,"blur":0,"tint":{"rgb":"#fff","opac":0.9}},"pos":{"type":"crop","fit":{"bg":{"color":{"rgb":"#FFF","opac":100}},"vali":"center","hali":"center"},"crop":{"poi":{"x":552,"y":360}}},"measures":{"size":{"width":1080,"height":720}}},"rType":"richtext","vali":"top","txt":{"rType":"richtext","val":{"ops":[{"insert":"We want to know why your idea makes sense, why it's  going to be a success, why a user would be interested on it. Once at this point, our strategy experts will challenge the limits and create intuitive, simple and beautiful designs.","attributes":{"color":"var(--TC3)"}},{"insert":"\n","attributes":{"size":"normal"}}]}},"paddV1":15,"hali":""}}}},"v":"1"}