{"i":{"XD-_F1UbkG":{"id":"XD-_F1UbkG","type":"slide","setup":{"transparentBg":{"selectedKey":false},"bord":{"size":10,"rad":10},"bg":{"selectedKey":"fill","fill":{"opac":1,"rgb":"#48ab1a"},"img":{"filt":{"opac":100,"gray":0,"blur":0,"tint":{"rgb":"var(--TC3)","opac":0.5,"blendMode":"multiply"}},"pos":{"type":"crop","fit":{"bg":{"color":{"rgb":"#FFF","opac":100}},"vali":"center","hali":"center"},"crop":{"poi":{"x":618,"y":1064}}},"measures":{"size":{"width":1080,"height":1349}}}}}},"C5fJzlel4":{"id":"C5fJzlel4","type":"interactive","subtype":"interactiveCard","setup":{"animation":{"selectedKey":"rotateH"},"front":{"selectedKey":"image","fill":{"opac":1,"rgb":"#FFF"},"img":{"filt":{"opac":100,"gray":0,"blur":0,"tint":{"rgb":"#FFF","opac":0}},"pos":{"type":"fit","fit":{"bg":{"color":{"rgb":"#FFF","opac":100}},"vali":"center","hali":"center"},"crop":{"bg":{"color":{"rgb":"#FFF","opac":0}},"poi":{"x":707,"y":1269.5}},"mask":{"shape":1}},"measures":{"size":{"width":1414,"height":2000}},"orig":{"rType":"asset","rSubType":"image","fileName":"spring (1).png","fileSize":1150914,"val":"mc-e0fdc4e4ca197f7c47d1dd01dde7a833.png","aid":"pLkUnQHhn"}}},"back":{"selectedKey":"image","fill":{"opac":1,"rgb":"#FFF"},"img":{"filt":{"opac":100,"gray":0,"blur":0,"tint":{"rgb":"#FFF","opac":0}},"pos":{"type":"fit","fit":{"bg":{"color":{"rgb":"#FFF","opac":100}},"vali":"center","hali":"center"},"crop":{"bg":{"color":{"rgb":"#FFF","opac":0}},"poi":{"x":153,"y":64.5}},"mask":{"shape":1}},"measures":{"size":{"width":280,"height":130}},"orig":{"rType":"asset","rSubType":"image","fileName":"cli_pri.PNG","fileSize":21681,"val":"mc-75646f23d13965e46953a9ea0f48e5ff.PNG","aid":"09bmxfJqT"}},"txt":{"val":{"ops":[{"insert":" ","attributes":{"background":"#f6e071","color":"var(--TC2)"}},{"insert":"WEATHER ","attributes":{"color":"var(--TC2)","background":"#f6e071","bold":true}},{"insert":"\n","attributes":{"align":"center","size":"large"}},{"insert":"\n\n\n\n\n\n\n","attributes":{"size":"large"}},{"insert":" "},{"insert":"\n","attributes":{"size":"large"}},{"insert":" ","attributes":{"background":"#f6e071","color":"var(--TC2)"}},{"insert":"CLIMA ","attributes":{"color":"var(--TC2)","background":"#f6e071","bold":true}},{"insert":"\n\n","attributes":{"size":"large"}}]},"rType":"richtext"},"hali":""}}},"5Tugp1mc1p":{"id":"5Tugp1mc1p","type":"interactive","subtype":"interactiveCard","setup":{"animation":{"selectedKey":"fade"},"front":{"selectedKey":"fill","fill":{"opac":0.95,"rgb":"var(--TC3)"},"img":{"filt":{"opac":100,"gray":0,"blur":0,"tint":{"rgb":"#e50a4f","opac":0}},"pos":{"type":"crop","fit":{"bg":{"color":{"rgb":"#FFF","opac":100}},"vali":"center","hali":"center"},"crop":{"poi":{"x":552,"y":360}}},"measures":{"size":{"width":1080,"height":720}}},"txt":{"rType":"richtext","val":{"ops":[{"insert":"Our Item 6","attributes":{"color":"var(--TC1)","bold":true}},{"insert":"\n","attributes":{"align":"center","size":"large"}}]}},"rType":"richtext","hali":"","vali":"middle","paddV1":10},"back":{"selectedKey":"fill","fill":{"opac":0.5,"rgb":"var(--TC2)"},"img":{"filt":{"opac":100,"gray":100,"blur":0,"tint":{"rgb":"#fff","opac":0.9}},"pos":{"type":"crop","fit":{"bg":{"color":{"rgb":"#FFF","opac":100}},"vali":"center","hali":"center"},"crop":{"poi":{"x":552,"y":360}}},"measures":{"size":{"width":1080,"height":720}}},"rType":"richtext","vali":"top","txt":{"rType":"richtext","val":{"ops":[{"insert":"We want to know why your idea makes sense, why it's  going to be a success, why a user would be interested on it. Once at this point, our strategy experts will challenge the limits and create intuitive, simple and beautiful designs.","attributes":{"color":"var(--TC3)"}},{"insert":"\n","attributes":{"size":"normal"}}]}},"paddV1":15,"hali":""}}},"cBb__N7Lh":{"id":"cBb__N7Lh","type":"interactive","subtype":"interactiveCard","setup":{"animation":{"selectedKey":"rotateH"},"front":{"selectedKey":"image","fill":{"opac":1,"rgb":"#FFF"},"img":{"filt":{"opac":100,"gray":0,"blur":0,"tint":{"rgb":"#FFF","opac":0}},"pos":{"type":"fit","fit":{"bg":{"color":{"rgb":"#FFF","opac":100}},"vali":"center","hali":"center"},"crop":{"bg":{"color":{"rgb":"#FFF","opac":0}},"poi":{"x":707,"y":921.5}},"mask":{"shape":1}},"measures":{"size":{"width":1414,"height":2000}},"orig":{"rType":"asset","rSubType":"image","fileName":"spring.png","fileSize":841161,"val":"mc-e45be43860986609645ac1f0debfaf0d.png","aid":"huYZsSxFX"}}},"back":{"selectedKey":"image","fill":{"opac":1,"rgb":"#FFF"},"img":{"filt":{"opac":100,"gray":0,"blur":0,"tint":{"rgb":"#FFF","opac":0}},"pos":{"type":"fit","fit":{"bg":{"color":{"rgb":"#FFF","opac":100}},"vali":"center","hali":"center"},"crop":{"bg":{"color":{"rgb":"#FFF","opac":0}},"poi":{"x":181.5,"y":82.5}},"mask":{"shape":1}},"measures":{"size":{"width":292,"height":165}},"orig":{"rType":"asset","rSubType":"image","fileName":"cli_oto.PNG","fileSize":28341,"val":"mc-bb7b0ab4720d17e0ee559d7e1c420df5.PNG","aid":"I9G0gi3HX"}},"txt":{"val":{"ops":[{"insert":"WEATHER","attributes":{"background":"#4294e2","color":"var(--TC2)","bold":true}},{"insert":"\n","attributes":{"size":"large","align":"center"}},{"insert":"\n\n\n\n\n\n\n\n","attributes":{"size":"large"}},{"insert":"   ","attributes":{"color":"var(--TC2)","bold":true}},{"insert":"CLIMA ","attributes":{"color":"var(--TC2)","background":"#4294e2","bold":true}},{"insert":"\n","attributes":{"size":"large"}}]},"rType":"richtext"},"hali":""}}},"gErd2ANgd":{"id":"gErd2ANgd","type":"interactive","subtype":"interactiveCard","setup":{"animation":{"selectedKey":"rotateH"},"front":{"selectedKey":"image","fill":{"opac":1,"rgb":"#FFF"},"img":{"filt":{"opac":100,"gray":0,"blur":0,"tint":{"rgb":"#FFF","opac":0}},"pos":{"type":"fit","fit":{"bg":{"color":{"rgb":"#FFF","opac":100}},"vali":"center","hali":"center"},"crop":{"bg":{"color":{"rgb":"#FFF","opac":0}},"poi":{"x":707,"y":1269.5}},"mask":{"shape":1}},"measures":{"size":{"width":1414,"height":2000}},"orig":{"rType":"asset","rSubType":"image","fileName":"spring (2).png","fileSize":610454,"val":"mc-d976059258cd42a18ad148ffbf88700c.png","aid":"EOF7w7FJi"}}},"back":{"selectedKey":"image","fill":{"opac":1,"rgb":"#FFF"},"img":{"filt":{"opac":100,"gray":0,"blur":0,"tint":{"rgb":"#FFF","opac":0}},"pos":{"type":"fit","fit":{"bg":{"color":{"rgb":"#FFF","opac":100}},"vali":"center","hali":"center"},"crop":{"bg":{"color":{"rgb":"#FFF","opac":0}},"poi":{"x":181.5,"y":66}},"mask":{"shape":1}},"measures":{"size":{"width":295,"height":132}},"orig":{"rType":"asset","rSubType":"image","fileName":"cli_vera.PNG","fileSize":19127,"val":"mc-d6b4f4a2c578adbe668982da1612fdbc.PNG","aid":"gp4kZt-2f"}},"txt":{"val":{"ops":[{"insert":" WEATHER ","attributes":{"color":"var(--TC2)","background":"var(--TC11)","bold":true}},{"insert":"\n","attributes":{"align":"center","size":"large"}},{"insert":"\n\n\n\n\n\n\n\n","attributes":{"size":"large"}},{"insert":"  ","attributes":{"color":"var(--TC2)","bold":true}},{"insert":" CLIMA ","attributes":{"color":"var(--TC2)","background":"var(--TC11)","bold":true}},{"insert":"\n","attributes":{"size":"large"}}]},"rType":"richtext"},"hali":""}}},"ZEOw2Vtsh":{"id":"ZEOw2Vtsh","type":"interactive","subtype":"interactiveCard","setup":{"animation":{"selectedKey":"rotateH"},"front":{"selectedKey":"image","fill":{"opac":1,"rgb":"#FFF"},"img":{"filt":{"opac":100,"gray":0,"blur":0,"tint":{"rgb":"#FFF","opac":0}},"pos":{"type":"fit","fit":{"bg":{"color":{"rgb":"#FFF","opac":100}},"vali":"center","hali":"center"},"crop":{"bg":{"color":{"rgb":"#FFF","opac":0}},"poi":{"x":707,"y":529.5}},"mask":{"shape":1}},"measures":{"size":{"width":1414,"height":2000}},"orig":{"rType":"asset","rSubType":"image","fileName":"spring (3).png","fileSize":716111,"val":"mc-a5c804661948574746bcaa030404bb40.png","aid":"-GE8JzQXb"}}},"back":{"selectedKey":"image","fill":{"opac":1,"rgb":"#FFF"},"img":{"filt":{"opac":100,"gray":0,"blur":0,"tint":{"rgb":"#FFF","opac":0}},"pos":{"type":"fit","fit":{"bg":{"color":{"rgb":"#FFF","opac":100}},"vali":"center","hali":"center"},"crop":{"bg":{"color":{"rgb":"#FFF","opac":0}},"poi":{"x":129,"y":81}},"mask":{"shape":1}},"measures":{"size":{"width":280,"height":162}},"orig":{"rType":"asset","rSubType":"image","fileName":"cli_invi.PNG","fileSize":24082,"val":"mc-caa832fdb2da0823d4511e36e03338ee.PNG","aid":"3uShmpmts"}},"txt":{"val":{"ops":[{"insert":"WEATHER","attributes":{"background":"#74f0fd","bold":true,"color":"var(--TC2)"}},{"insert":"\n","attributes":{"align":"center","size":"large"}},{"insert":"\n\n\n\n\n\n\n\n","attributes":{"size":"large"}},{"insert":"   ","attributes":{"color":"var(--TC2)","bold":true}},{"insert":" CLIMA ","attributes":{"color":"var(--TC2)","background":"#74f0fd","bold":true}},{"insert":"\n","attributes":{"size":"large"}}]},"rType":"richtext"},"hali":""}}},"oRpKz7kuA":{"id":"oRpKz7kuA","type":"interactive","subtype":"interactiveRichText","setup":{"frmeTp":{"selectedKey":"noneFrame"},"bg":{"fill":{"opac":0,"rgb":"#48ab1a"}},"txt":{"val":{"ops":[{"insert":" In the seasons we also find the weather ","attributes":{"script":"super","color":"#ffffff","bold":true}},{"insert":"\n","attributes":{"size":"huge","align":"center"}},{"insert":"traducción: En las estaciones también encontramos el clima","attributes":{"color":"var(--TC2)"}},{"insert":"\n","attributes":{"size":"medium","align":"center"}}]},"rType":"richtext"},"hali":"","vali":"middle"}}},"v":"1"}