<?xml version="1.0" encoding="UTF-8"?>
<!-- Generated by JClic - https://projectestac.github.io/jclic -->
<manifest identifier="JClic-BA87A6" version="1.0" xmlns="http://www.imsproject.org/xsd/imscp_rootv1p1p2" xmlns:adlcp="http://www.adlnet.org/xsd/adlcp_rootv1p2" xmlns:xsi="http://www.w3.org/2001/XMLSchema-instance" xsi:schemaLocation= "http://www.imsproject.org/xsd/imscp_rootv1p1p2 imscp_rootv1p1p2.xsd http://www.imsglobal.org/xsd/imsmd_rootv1p2p1 imsmd_rootv1p2p1.xsd http://www.adlnet.org/xsd/adlcp_rootv1p2 adlcp_rootv1p2.xsd">
 <metadata> 
  <schema>ADL SCORM</schema>
  <schemaversion>1.2</schemaversion>
 </metadata> 
 <organizations default="JClic">  
  <organization identifier="JClic">  
   <title>la naturaleza2</title>
   <item identifier="ITEM_JClic-BA87A6" identifierref="RES_JClic-BA87A6">
    <title>la naturaleza2</title>
   </item>
  </organization>
 </organizations>
 <resources>
  <resource identifier="RES_JClic-BA87A6" type="webcontent" href="/index.html" adlcp:scormtype="sco"> 
   <file href="cloud.mp3"/>
   <file href="favicon.ico"/>
   <file href="icon-192.png"/>
   <file href="icon-72.png"/>
   <file href="image__81_-resized.jpg"/>
   <file href="image__82_-resized.jpg"/>
   <file href="image__83_-resized.jpg"/>
   <file href="image__84_-resized.jpg"/>
   <file href="image__86_-resized.jpg"/>
   <file href="image__88_-resized.jpg"/>
   <file href="imsmanifest.xml"/>
   <file href="index.html"/>
   <file href="insects.mp3"/>
   <file href="jungle.mp3"/>
   <file href="la_naturaleza3.jclic"/>
   <file href="la_naturaleza3.jclic.js"/>
   <file href="lake.mp3"/>
   <file href="letrero_de_informacion-resized.jpg"/>
   <file href="natural__13_-resized.jpg"/>
   <file href="natural__14_-resized.jpg"/>
   <file href="natural__15_-resized.jpg"/>
   <file href="natural__16_-resized.jpg"/>
   <file href="natural__17_-resized.jpg"/>
   <file href="natural__19_-resized.jpg"/>
   <file href="paisaje-parque-natural-fondo-vacio_1308-44780.jpg"/>
   <file href="pond.mp3"/>
   <file href="project-cover.jpg"/>
   <file href="project-thumb.jpg"/>
   <file href="project.json"/>
   <file href="sun.mp3"/>
  </resource>
 </resources>
</manifest>