[{"rType":"asset","rSubType":"image","fileName":"A (27).png","fileSize":196632,"aid":"uqPu6gYQwb","val":"mc-5936a50c4e7fd478f278cae2e3044c02.png","size":196632},{"rType":"asset","rSubType":"image","fileName":"A (14).png","fileSize":544358,"val":"mc-41ce9f35b996b4acc614013134201180.png","aid":"24f2ug-w6","size":544358},{"rType":"asset","rSubType":"audio","fileName":"1.15o.m4a","fileSize":117499,"val":"mc-351e47d0baf4f3c30b587b32baf0f44e.m4a","aid":"HniLfA7pm","size":117499},{"rType":"asset","rSubType":"image","fileName":"unsplash.jpg","fileSize":0,"val":"mc-a9896aa68727d5dc702921dbfdc0f68c.jpg","aid":"SsBZaWICpq","size":134638},{"rType":"asset","rSubType":"image","fileName":"1.1 ABECEDARIO (23).png","fileSize":135188,"val":"mc-8cf6c01e753f0e62b2e919267f76cd77.png","aid":"USFvpJrEd","size":135188},{"rType":"asset","rSubType":"audio","fileName":"1.9I.m4a","fileSize":171852,"val":"mc-a03944fb6d1c500a3b792e57e7a3acc3.m4a","aid":"1rAy3OWqe","size":171852},{"rType":"asset","rSubType":"image","fileName":"vocales fondo.png","fileSize":38454,"val":"mc-72dc0d1f14af43c906b1224c25c1104a.png","aid":"X5yL8hVRv","size":38454},{"rType":"asset","rSubType":"image","fileName":"unsplash.jpg","fileSize":0,"val":"mc-2bdf984123efbaf1c6a58561c28ae404.jpg","aid":"49DjW7pKdG","size":1095400},{"rType":"asset","rSubType":"image","fileName":"unsplash.jpg","fileSize":0,"val":"mc-a9896aa68727d5dc702921dbfdc0f68c.jpg","aid":"xZF-cIaxx-","size":134638},{"rType":"asset","rSubType":"image","fileName":"unsplash.jpg","fileSize":0,"val":"mc-a9896aa68727d5dc702921dbfdc0f68c.jpg","aid":"m1F2hjCDw-","size":134638},{"rType":"asset","rSubType":"image","fileName":"A.png","fileSize":162511,"val":"mc-f2e3bb4e531de02255047c42536cb5ba.png","aid":"e0gIgsDMu","size":162511},{"rType":"asset","rSubType":"audio","fileName":"1.1a.m4a","fileSize":202776,"val":"mc-175a6f43ddf2614caf53765750ff8e4f.m4a","aid":"MmNYz5CDo","size":202776},{"rType":"asset","rSubType":"image","fileName":"A (27).png","fileSize":196632,"val":"mc-5936a50c4e7fd478f278cae2e3044c02.png","aid":"9a3vr2_YR","size":196632},{"rType":"asset","rSubType":"audio","fileName":"1.5e.m4a","fileSize":153504,"val":"mc-91754a3b47934f789062c5f56a2a1ccb.m4a","aid":"RzDqteLVm","size":153504},{"rType":"asset","rSubType":"image","fileName":"1.1 ABECEDARIO (24).png","fileSize":315599,"val":"mc-95947c8aeb5d8f9def1175b4bec05ae3.png","aid":"beiabczhn","size":315599},{"rType":"asset","rSubType":"audio","fileName":"1.21u.m4a","fileSize":158468,"val":"mc-0df1c2450f0f3fc0c9e454107f37e1ec.m4a","aid":"WP_C6H7So","size":158468}]