<?xml version="1.0" encoding="UTF-8"?>
<!-- Generated by JClic - https://projectestac.github.io/jclic -->
<manifest identifier="JClic-A4CF07" version="1.0" xmlns="http://www.imsproject.org/xsd/imscp_rootv1p1p2" xmlns:adlcp="http://www.adlnet.org/xsd/adlcp_rootv1p2" xmlns:xsi="http://www.w3.org/2001/XMLSchema-instance" xsi:schemaLocation= "http://www.imsproject.org/xsd/imscp_rootv1p1p2 imscp_rootv1p1p2.xsd http://www.imsglobal.org/xsd/imsmd_rootv1p2p1 imsmd_rootv1p2p1.xsd http://www.adlnet.org/xsd/adlcp_rootv1p2 adlcp_rootv1p2.xsd">
 <metadata> 
  <schema>ADL SCORM</schema>
  <schemaversion>1.2</schemaversion>
 </metadata> 
 <organizations default="JClic">  
  <organization identifier="JClic">  
   <title>numbers2</title>
   <item identifier="ITEM_JClic-A4CF07" identifierref="RES_JClic-A4CF07">
    <title>numbers2</title>
   </item>
  </organization>
 </organizations>
 <resources>
  <resource identifier="RES_JClic-A4CF07" type="webcontent" href="/index.html" adlcp:scormtype="sco"> 
   <file href="7f20fea9af8edfd3e86fee1f099307cf-resized.jpg"/>
   <file href="bagon.png"/>
   <file href="bandera.png"/>
   <file href="cancha.jpg"/>
   <file href="carro1.jpg"/>
   <file href="decoracion.jpg"/>
   <file href="descarga.jpg"/>
   <file href="descarga__2_.png"/>
   <file href="descarga__4_.jpg"/>
   <file href="favicon.ico"/>
   <file href="icon-192.png"/>
   <file href="icon-72.png"/>
   <file href="imsmanifest.xml"/>
   <file href="index.html"/>
   <file href="numbers.jclic"/>
   <file href="numbers.jclic.js"/>
   <file href="project-cover.jpg"/>
   <file href="project-thumb.jpg"/>
   <file href="project.json"/>
   <file href="tren.png"/>
  </resource>
 </resources>
</manifest>