[{"rType":"asset","rSubType":"image","fileName":"A.png","fileSize":162511,"val":"mc-f2e3bb4e531de02255047c42536cb5ba.png","aid":"T1KzarVKO","size":162511},{"rType":"asset","rSubType":"audio","fileName":"a.m4a","fileSize":202776,"val":"mc-175a6f43ddf2614caf53765750ff8e4f.m4a","aid":"gmMiTZqAg","size":202776},{"rType":"asset","rSubType":"image","fileName":"A (17).png","fileSize":425552,"val":"mc-b319eb4610df4dab15c99b860d18515e.png","aid":"yEyaguVYd","size":425552},{"rType":"asset","rSubType":"audio","fileName":"r.m4a","fileSize":130667,"val":"mc-ce1b7cdfa3237361f8a6b0145474f908.m4a","aid":"ySTtw0-sl","size":130667},{"rType":"asset","rSubType":"image","fileName":"A (34).png","fileSize":221886,"val":"mc-96f67896afb6a6d55751e1a3247cace3.png","aid":"NeyGe1UNg","size":221886},{"rType":"asset","rSubType":"audio","fileName":"v.m4a","fileSize":138494,"val":"mc-9a127791c9ee1b491e37d106b7eec35f.m4a","aid":"xqBu1uCdr","size":138494},{"rType":"asset","rSubType":"image","fileName":"A (33).png","fileSize":203312,"val":"mc-0fc57d025592e80466814e5323702b0f.png","aid":"eTZvCC1rm","size":203312},{"rType":"asset","rSubType":"audio","fileName":"u.m4a","fileSize":158468,"val":"mc-0df1c2450f0f3fc0c9e454107f37e1ec.m4a","aid":"rEBAEsHKi","size":158468},{"rType":"asset","rSubType":"image","fileName":"A (32).png","fileSize":217709,"val":"mc-2b5264e6103079e92c1a7ebc4a7a01f4.png","aid":"pD24XR6Vn","size":217709},{"rType":"asset","rSubType":"audio","fileName":"s.m4a","fileSize":161945,"val":"mc-e021bbabeb61172863e4d6a230469d9c.m4a","aid":"06SVOubiq","size":161945},{"rType":"asset","rSubType":"image","fileName":"A (22).png","fileSize":331109,"val":"mc-16439e46742c0a452b519d98652f163f.png","aid":"1_TTjYyq3","size":331109},{"rType":"asset","rSubType":"audio","fileName":"w.m4a","fileSize":149984,"val":"mc-cfffcfe36803a1a38c763559df5b4719.m4a","aid":"Ae5UmDzQP","size":149984},{"rType":"asset","rSubType":"image","fileName":"A (10).png","fileSize":325366,"val":"mc-8bd454dcc0ed2e277170c7bb85005ede.png","aid":"_VT8Y3Xir","size":325366},{"rType":"asset","rSubType":"audio","fileName":"k.m4a","fileSize":125432,"val":"mc-afba7ca5561dfa3ff92e806d194f8c2a.m4a","aid":"7xgOVODtH","size":125432},{"rType":"asset","rSubType":"image","fileName":"A (12).png","fileSize":415066,"val":"mc-82a32f9d611e90a310bef89f6188c1fe.png","aid":"u6yzbXVOe","size":415066},{"rType":"asset","rSubType":"audio","fileName":"m.m4a","fileSize":126711,"val":"mc-3e5d6f50dc4d0c40597c49ab4bbc7a1a.m4a","aid":"YMctQczvC","size":126711},{"rType":"asset","rSubType":"image","fileName":"A (4).png","fileSize":433042,"val":"mc-43b359e2103104af62e3b28f2d91c68a.png","aid":"KiO5Npc9H","size":433042},{"rType":"asset","rSubType":"audio","fileName":"g.m4a","fileSize":127892,"val":"mc-60fcb35b76143d5154f1dfb5ce2536e4.m4a","aid":"T7UTfrmko","size":127892},{"rType":"asset","rSubType":"image","fileName":"A (14).png","fileSize":544358,"val":"mc-41ce9f35b996b4acc614013134201180.png","aid":"NGEz7rxTX","size":544358},{"rType":"asset","rSubType":"audio","fileName":"o.m4a","fileSize":117499,"val":"mc-351e47d0baf4f3c30b587b32baf0f44e.m4a","aid":"84c2h1n6b","size":117499},{"rType":"asset","rSubType":"image","fileName":"A (25).png","fileSize":232886,"val":"mc-b20d9a76783e675a44f16948d2d40949.png","aid":"GGOIKc6PC","size":232886},{"rType":"asset","rSubType":"audio","fileName":"z.m4a","fileSize":159447,"val":"mc-695dfa4b47b82f6655f9296b1fcceffc.m4a","aid":"dNqJVbS7z","size":159447},{"rType":"asset","rSubType":"image","fileName":"A (28).png","fileSize":242486,"val":"mc-2dd705f607d07f6119a5d27bd81454e7.png","aid":"vM03mR0QB","size":242486},{"rType":"asset","rSubType":"audio","fileName":"I.m4a","fileSize":171852,"val":"mc-a03944fb6d1c500a3b792e57e7a3acc3.m4a","aid":"RnvEnzXWW","size":171852},{"rType":"asset","rSubType":"image","fileName":"A (9).png","fileSize":335754,"val":"mc-3fa09a5b1995e7b972cc6efb9824a707.png","aid":"rOkK9Gnar","size":335754},{"rType":"asset","rSubType":"audio","fileName":"j.m4a","fileSize":147769,"val":"mc-0697767b0d74fd54afb4c9ae13361c49.m4a","aid":"EvY9gBa1B","size":147769},{"rType":"asset","rSubType":"image","fileName":"A (26).png","fileSize":326383,"val":"mc-db710f6c5608618740837a06192ee72c.png","aid":"1ON6RuAUg","size":326383},{"rType":"asset","rSubType":"audio","fileName":"b.m4a","fileSize":189316,"val":"mc-9a0fc34a0dfb78dd2f13e4269c5a6541.m4a","aid":"fVOAEKoYk","size":189316},{"rType":"asset","rSubType":"image","fileName":"unsplash.jpg","fileSize":0,"val":"mc-fef853b1973cd84967676d07de4c2d05.jpg","aid":"IQzONz2BK1","size":128849},{"rType":"asset","rSubType":"image","fileName":"unsplash.jpg","fileSize":0,"val":"mc-2bdf984123efbaf1c6a58561c28ae404.jpg","aid":"TVfvvISrcm","size":1095400},{"rType":"asset","rSubType":"image","fileName":"A (19).png","fileSize":336716,"val":"mc-0910f248812eea53be85f5f1e6daa94b.png","aid":"KNts4Wg08","size":336716},{"rType":"asset","rSubType":"audio","fileName":"t.m4a","fileSize":189179,"val":"mc-77de85882f1a5976c17d6d974d03e338.m4a","aid":"Rn_Jr0ODY","size":189179},{"rType":"asset","rSubType":"image","fileName":"A (2).png","fileSize":616163,"val":"mc-6edd7be44cdde7b1ee97a84d9b6458e3.png","aid":"p3zczkQxE","size":616163},{"rType":"asset","rSubType":"audio","fileName":"c.m4a","fileSize":176281,"val":"mc-7054886f35cb36ac685a508a0b50a1a5.m4a","aid":"liXGBF7uL","size":176281},{"rType":"asset","rSubType":"image","fileName":"A (3).png","fileSize":431739,"val":"mc-86fc787c75e55d76b560e7db91323866.png","aid":"c1Pmw0uRY","size":431739},{"rType":"asset","rSubType":"audio","fileName":"d.m4a","fileSize":147436,"val":"mc-4e370a678823593f68d2a65fc80aabfd.m4a","aid":"Tvdl-yq0h","size":147436},{"rType":"asset","rSubType":"image","fileName":"A (24).png","fileSize":173989,"val":"mc-7a71a3f084ff88573a616b83beab7ece.png","aid":"GeOBOX2gS","size":173989},{"rType":"asset","rSubType":"audio","fileName":"y.m4a","fileSize":138060,"val":"mc-a38932bf282bbbd5d9f77326ac94010f.m4a","aid":"YzdU5RmyK","size":138060},{"rType":"asset","rSubType":"image","fileName":"A (27).png","fileSize":196632,"val":"mc-5936a50c4e7fd478f278cae2e3044c02.png","aid":"6BlGbCKoe","size":196632},{"rType":"asset","rSubType":"audio","fileName":"e.m4a","fileSize":153504,"val":"mc-91754a3b47934f789062c5f56a2a1ccb.m4a","aid":"6mJmSmVoI","size":153504},{"rType":"asset","rSubType":"image","fileName":"A (30).png","fileSize":100981,"val":"mc-18559804f55a42bb3687b0b8917719fd.png","aid":"d9vnsd8c4","size":100981},{"rType":"asset","rSubType":"audio","fileName":"n.m4a","fileSize":116635,"val":"mc-8cee4c64d7c2a0b5a1cd90497151dea6.m4a","aid":"HrX8uOJn0","size":116635},{"rType":"asset","rSubType":"image","fileName":"A (31).png","fileSize":375168,"val":"mc-df21eb2d8d7c465880ecbda8c501c70b.png","aid":"oSr1u5fva","size":375168},{"rType":"asset","rSubType":"audio","fileName":"q.m4a","fileSize":154274,"val":"mc-5595ba293e278d6a4ff198a7a0577af2.m4a","aid":"IO4H0c4rK","size":154274},{"rType":"asset","rSubType":"image","fileName":"A (29).png","fileSize":129231,"val":"mc-cb1b7e343c9f159de7fe30a0eaa6e002.png","aid":"YSYaCA7i1","size":129231},{"rType":"asset","rSubType":"audio","fileName":"l.m4a","fileSize":116758,"val":"mc-c48d47f93d8ce7656089f4a6994711e4.m4a","aid":"BsHFZPhPY","size":116758},{"rType":"asset","rSubType":"image","fileName":"A (15).png","fileSize":401747,"val":"mc-5d05e68f4120ed7ee233d5866cb02eb9.png","aid":"q20S3gpf0","size":401747},{"rType":"asset","rSubType":"audio","fileName":"p.m4a","fileSize":176081,"val":"mc-a2f44fa6dd4d1500389394ebdebc4086.m4a","aid":"8RBlUgOBV","size":176081},{"rType":"asset","rSubType":"image","fileName":"A (23).png","fileSize":392729,"val":"mc-39ea93423cd163356f13b2f0b962aac4.png","aid":"723d0zxc5","size":392729},{"rType":"asset","rSubType":"audio","fileName":"x.m4a","fileSize":138393,"val":"mc-639011a9ea28dd1802eb9b5962765bc1.m4a","aid":"ksgm_ZwKs","size":138393},{"rType":"asset","rSubType":"image","fileName":"A (6).png","fileSize":345879,"val":"mc-b19cb92ff0a443228f9d5f558d843154.png","aid":"KiK_cfG-Q","size":345879},{"rType":"asset","rSubType":"audio","fileName":"f.m4a","fileSize":145219,"val":"mc-e52f26cf53dea1be065a4878e018fd70.m4a","aid":"gegehpHvH","size":145219},{"rType":"asset","rSubType":"image","fileName":"A (5).png","fileSize":322387,"val":"mc-610bb0d99d24dcd41ee0ec6ac5c5f4b0.png","aid":"eEEm2cZPV","size":322387},{"rType":"asset","rSubType":"audio","fileName":"H.m4a","fileSize":140291,"val":"mc-cd30a7335724e10610239bc85cc2b73c.m4a","aid":"TBXtNIo3D","size":140291}]