<?xml version="1.0" encoding="UTF-8"?>
<!-- Generated by JClic - https://projectestac.github.io/jclic -->
<manifest identifier="JClic-38C1EA" version="1.0" xmlns="http://www.imsproject.org/xsd/imscp_rootv1p1p2" xmlns:adlcp="http://www.adlnet.org/xsd/adlcp_rootv1p2" xmlns:xsi="http://www.w3.org/2001/XMLSchema-instance" xsi:schemaLocation= "http://www.imsproject.org/xsd/imscp_rootv1p1p2 imscp_rootv1p1p2.xsd http://www.imsglobal.org/xsd/imsmd_rootv1p2p1 imsmd_rootv1p2p1.xsd http://www.adlnet.org/xsd/adlcp_rootv1p2 adlcp_rootv1p2.xsd">
 <metadata> 
  <schema>ADL SCORM</schema>
  <schemaversion>1.2</schemaversion>
 </metadata> 
 <organizations default="JClic">  
  <organization identifier="JClic">  
   <title>las figuras geometricas2</title>
   <item identifier="ITEM_JClic-38C1EA" identifierref="RES_JClic-38C1EA">
    <title>las figuras geometricas2</title>
   </item>
  </organization>
 </organizations>
 <resources>
  <resource identifier="RES_JClic-38C1EA" type="webcontent" href="/index.html" adlcp:scormtype="sco"> 
   <file href="22.10esfera.mp3"/>
   <file href="22.11cono.mp3"/>
   <file href="22.6rectangulo.mp3"/>
   <file href="22.7piramide.mp3"/>
   <file href="22.8cilindro.mp3"/>
   <file href="22.9cubo.mp3"/>
   <file href="5025160-resized.jpg"/>
   <file href="favicon.ico"/>
   <file href="figura__4_-resized.jpg"/>
   <file href="figura__5_-resized.jpg"/>
   <file href="figura__6_-resized.jpg"/>
   <file href="figura__7_-resized.jpg"/>
   <file href="figura__8_-resized.jpg"/>
   <file href="figura__9_-resized.jpg"/>
   <file href="icon-192.png"/>
   <file href="icon-72.png"/>
   <file href="image__4_-resized.jpg"/>
   <file href="image__5_-resized.jpg"/>
   <file href="image__6_-resized.jpg"/>
   <file href="image__7_-resized.jpg"/>
   <file href="image__8_-resized.jpg"/>
   <file href="image__9_-resized.jpg"/>
   <file href="imsmanifest.xml"/>
   <file href="index.html"/>
   <file href="las_figuras_geometricas2.jclic"/>
   <file href="las_figuras_geometricas2.jclic.js"/>
   <file href="letrero_de_informacion-resized.jpg"/>
   <file href="project-cover.jpg"/>
   <file href="project-thumb.jpg"/>
   <file href="project.json"/>
  </resource>
 </resources>
</manifest>