<?xml version="1.0" encoding="UTF-8"?>
<!-- Generated by JClic - https://projectestac.github.io/jclic -->
<manifest identifier="JClic-898694" version="1.0" xmlns="http://www.imsproject.org/xsd/imscp_rootv1p1p2" xmlns:adlcp="http://www.adlnet.org/xsd/adlcp_rootv1p2" xmlns:xsi="http://www.w3.org/2001/XMLSchema-instance" xsi:schemaLocation= "http://www.imsproject.org/xsd/imscp_rootv1p1p2 imscp_rootv1p1p2.xsd http://www.imsglobal.org/xsd/imsmd_rootv1p2p1 imsmd_rootv1p2p1.xsd http://www.adlnet.org/xsd/adlcp_rootv1p2 adlcp_rootv1p2.xsd">
 <metadata> 
  <schema>ADL SCORM</schema>
  <schemaversion>1.2</schemaversion>
 </metadata> 
 <organizations default="JClic">  
  <organization identifier="JClic">  
   <title>ACTIVIDAD_PRONOMBRES</title>
   <item identifier="ITEM_JClic-898694" identifierref="RES_JClic-898694">
    <title>ACTIVIDAD_PRONOMBRES</title>
   </item>
  </organization>
 </organizations>
 <resources>
  <resource identifier="RES_JClic-898694" type="webcontent" href="/index.html" adlcp:scormtype="sco"> 
   <file href="actividad_pronombres.jclic"/>
   <file href="actividad_pronombres.jclic.js"/>
   <file href="defectos1.jpg"/>
   <file href="favicon.ico"/>
   <file href="fotografia-hombre-enfadado-senalando__2_.jpg"/>
   <file href="icon-192.png"/>
   <file href="icon-72.png"/>
   <file href="images__1_.jpg"/>
   <file href="imsmanifest.xml"/>
   <file href="index.html"/>
   <file href="man-pointing-to-himself-resized.jpg"/>
   <file href="project-cover.jpg"/>
   <file href="project-thumb.jpg"/>
   <file href="project.json"/>
   <file href="pronombre-resized.jpg"/>
   <file href="pronombre__2_-resized.jpg"/>
   <file href="pronombre__3_-resized.jpg"/>
   <file href="pronombre__7_-resized.jpg"/>
   <file href="woman-1274056_1920-resized.jpg"/>
  </resource>
 </resources>
</manifest>