[{"rType":"asset","rSubType":"image","fileName":"66e121ec-f096-4312-9224-0b9eb0efa909.jpg","fileSize":28776,"val":"mc-5753c52e2d74a4e3a7d1c790b3256c10.jpg","aid":"Co9slCkXU","size":28776},{"rType":"asset","rSubType":"image","fileName":"la.png","fileSize":206918,"val":"mc-d574bdec000cddb5096dd8a4b88548bd.png","aid":"HqeXAoRgG","size":206918},{"rType":"asset","rSubType":"image","fileName":"unsplash.jpg","fileSize":0,"val":"mc-a9896aa68727d5dc702921dbfdc0f68c.jpg","aid":"SPcn52KSvt","size":134638},{"rType":"asset","rSubType":"image","fileName":"f38b72f1-0afa-4eb0-a9f2-104ca6181e50.jpg","fileSize":36143,"val":"mc-2d8b7c882c965e2d05d899eea0d3cc4a.jpg","aid":"FX8bKvTIX","size":36143},{"rType":"asset","rSubType":"image","fileName":"unsplash.jpg","fileSize":0,"val":"mc-a9896aa68727d5dc702921dbfdc0f68c.jpg","aid":"QliCdO2U6u","size":134638},{"rType":"asset","rSubType":"image","fileName":"unsplash.jpg","fileSize":0,"val":"mc-a9896aa68727d5dc702921dbfdc0f68c.jpg","aid":"GmqaqpOM4t","size":134638},{"rType":"asset","rSubType":"image","fileName":"168b6045-63d3-4838-a2ce-1d7a1eae495c.jpg","fileSize":20673,"val":"mc-0a816300d262bbf9c5136731a08c8cb6.jpg","aid":"ZmqkXbNM4","size":20673},{"rType":"asset","rSubType":"image","fileName":"d1a95df8-7a1b-49b2-9e46-7fe64455265a.jpg","fileSize":26169,"val":"mc-9446784c3306c7459eeca99374cf6df2.jpg","aid":"EEfKF1Drt","size":26169},{"rType":"asset","rSubType":"image","fileName":"e9cf30a3-dc56-4071-861c-6bf439cb3423.jpg","fileSize":89548,"val":"mc-01c6ba55a79c047609c3db557363635f.jpg","aid":"gRPQ5tykv","size":89548},{"rType":"asset","rSubType":"image","fileName":"9e4b06bc-6b81-4dc0-b705-c9faa67401ca.jpg","fileSize":41082,"val":"mc-aac50465a08ed1a38a888958e0e9393d.jpg","aid":"PA43BsWXR","size":41082},{"rType":"asset","rSubType":"image","fileName":"unsplash.jpg","fileSize":0,"val":"mc-a9896aa68727d5dc702921dbfdc0f68c.jpg","aid":"gopErfcHWA","size":134638},{"rType":"asset","rSubType":"image","fileName":"unsplash.jpg","fileSize":0,"val":"mc-fef853b1973cd84967676d07de4c2d05.jpg","aid":"J7Q2IX7h6A","size":128849},{"rType":"asset","rSubType":"image","fileName":"unsplash.jpg","fileSize":0,"val":"mc-2bdf984123efbaf1c6a58561c28ae404.jpg","aid":"W3zZjf5Qiu","size":1095400},{"rType":"asset","rSubType":"image","fileName":"324937ad-6fb6-41f8-ac0f-2d2eac8842ea.jpg","fileSize":17172,"val":"mc-eb21e72961c6885f62a26046f1f6a8c3.jpg","aid":"Q6DpoA27F","size":17172},{"rType":"asset","rSubType":"image","fileName":"9ba98b2d-28c7-4c1b-b372-e5ff71f62b23.jpg","fileSize":13789,"val":"mc-7b19ba8ef2ff40d09df96d4ff0d32224.jpg","aid":"Wnah3Ua1q","size":13789},{"rType":"asset","rSubType":"image","fileName":"f5e4538a-468b-4fab-8e87-e6b0bdffeae0.jpg","fileSize":6022,"val":"mc-740da65bc9029ee58c32968b26671588.jpg","aid":"sX2zjTuuh","size":6022},{"rType":"asset","rSubType":"image","fileName":"cel.jpg","fileSize":56418,"val":"mc-9a3f91579c350c0a29fcea8de96e9698.jpg","aid":"mc8DR_JSB","size":56418},{"rType":"asset","rSubType":"image","fileName":"460c4a95-fdbc-4e9f-aac8-e27fe91a03e8.jpg","fileSize":10157,"val":"mc-a9336dca9ce6bc3f31b315104d3b6ded.jpg","aid":"WKcfNc2xM","size":10157},{"rType":"asset","rSubType":"image","fileName":"441a24e3-2bc8-4d2e-91c9-0ded5ed3c374.jpg","fileSize":18630,"val":"mc-e0841cfb30832f20c0c1e900f583fb11.jpg","aid":"9EtO-UUIf","size":18630},{"rType":"asset","rSubType":"image","fileName":"EF1819-1.jpg","fileSize":34027,"val":"mc-39a28ab082419c4bb9449247ee56747b.jpg","aid":"yEds8Fp4A","size":34027},{"rType":"asset","rSubType":"image","fileName":"unsplash.jpg","fileSize":0,"val":"mc-a9896aa68727d5dc702921dbfdc0f68c.jpg","aid":"ROuocSZPyV","size":134638},{"rType":"asset","rSubType":"image","fileName":"01429c3c-b6e3-4a11-9404-e602a7e924db.jpg","fileSize":8586,"val":"mc-631b696ebf75e7b8186abe4d8503bb08.jpg","aid":"pxLa-k4Mq","size":8586},{"rType":"asset","rSubType":"image","fileName":"2c41e8d4-cce2-43c7-a664-be0a226a3b17.jpg","fileSize":19754,"val":"mc-31ca3e4fadaf631847c0fbc188737f70.jpg","aid":"IzMxWgXnZ","size":19754},{"rType":"asset","rSubType":"image","fileName":"pol.jpg","fileSize":132342,"val":"mc-d4ddc39dd5f7f763eb2c4c78c42c826f.jpg","aid":"8AxsI5ter","size":132342},{"rType":"asset","rSubType":"image","fileName":"unsplash.jpg","fileSize":0,"val":"mc-a9896aa68727d5dc702921dbfdc0f68c.jpg","aid":"2j-NCKud0n","size":134638},{"rType":"asset","rSubType":"image","fileName":"09c7c326-a325-4733-aef7-d96d222e3c48.jpg","fileSize":40873,"val":"mc-c506647091d0330851153efc34ac9690.jpg","aid":"xmJeKBxQd","size":40873}]