{"i":{"Tf9dT0ROt":{"id":"Tf9dT0ROt","type":"slide","setup":{"bg":{"selectedKey":"fill","fill":{"opac":0.2,"rgb":"var(--TC4)"},"img":{"filt":{"opac":100,"gray":0,"blur":0,"tint":{"rgb":"var(--TC3)","opac":0.5,"blendMode":"multiply"}},"pos":{"type":"crop","fit":{"bg":{"color":{"rgb":"#FFF","opac":100}},"vali":"center","hali":"center"},"crop":{"poi":{"x":618,"y":1064}}},"measures":{"size":{"width":1080,"height":1349}},"orig":{"rType":"asset","rSubType":"image","fileName":"unsplash.jpg","fileSize":0,"val":"mc-a9896aa68727d5dc702921dbfdc0f68c.jpg","aid":"2j-NCKud0n"}},"gradient":{"angle":0,"opac":1,"stops":[{"color":"#8b1418","pos":0},{"color":"#460a0c","pos":100}]}},"transparentBg":{"selectedKey":false},"bord":{"size":10,"rad":10}}},"ygNfjk_wNQ":{"id":"ygNfjk_wNQ","type":"interactive","subtype":"interactiveCard","setup":{"animation":{"selectedKey":"rotateH"},"front":{"selectedKey":"image","fill":{"opac":1,"rgb":"#FFF"},"img":{"filt":{"opac":100,"gray":0,"blur":0,"tint":{"rgb":"#FFF","opac":0}},"pos":{"type":"crop","fit":{"bg":{"color":{"rgb":"#FFF","opac":100}},"vali":"center","hali":"center"},"crop":{"bg":{"color":{"rgb":"#FFF","opac":0}},"poi":{"x":179,"y":144}},"mask":{"shape":1},"zoom":60},"measures":{"size":{"width":512,"height":336}},"orig":{"rType":"asset","rSubType":"image","fileName":"la.png","fileSize":206918,"val":"mc-d574bdec000cddb5096dd8a4b88548bd.png","aid":"HqeXAoRgG"}}},"back":{"selectedKey":"gradient","fill":{"opac":1,"rgb":"#FFF"},"gradient":{"angle":0,"opac":0.18,"stops":[{"color":"#00ffff","pos":0},{"color":"#004a32","pos":100}]},"txt":{"val":{"ops":[{"insert":"\n\n","attributes":{"size":"large"}},{"insert":"SINGULAR:","attributes":{"color":"var(--TC2)"}},{"insert":"\n","attributes":{"size":"large"}},{"insert":"PENCIL","attributes":{"color":"var(--TC8)","bold":true}},{"insert":"\n\n","attributes":{"size":"huge"}},{"insert":"PLURAL:","attributes":{"color":"var(--TC2)"}},{"insert":"\n","attributes":{"size":"large"}},{"insert":"PENCILS","attributes":{"bold":true,"color":"var(--TC8)"}},{"insert":"\n","attributes":{"size":"huge"}}]},"rType":"richtext"}}}},"adVgcpOukH":{"id":"adVgcpOukH","type":"interactive","subtype":"interactiveRichText","setup":{"frmeTp":{"selectedKey":"noneFrame"},"bg":{"fill":{"opac":0.82,"rgb":"#e91e93"}},"txt":{"val":{"ops":[{"insert":"Let's see how to say some colloquial things, but first listen well and learn to write them","attributes":{"color":"var(--TC2)","script":"super","bold":true}},{"insert":"\n","attributes":{"size":"huge","align":"center"}},{"insert":"traducción: veamos como decir algunas cosas coloquiales, pero primero escucha bien y aprende a escribirlas","attributes":{"color":"var(--TC2)","background":"transparent"}},{"insert":"\n\n","attributes":{"size":"large"}}]},"rType":"richtext"},"hali":""}},"pz6qr3j-fB":{"id":"pz6qr3j-fB","type":"interactive","subtype":"interactiveCard","setup":{"animation":{"selectedKey":"fade"},"front":{"selectedKey":"fill","fill":{"opac":0.95,"rgb":"var(--TC3)"},"img":{"filt":{"opac":100,"gray":0,"blur":0,"tint":{"rgb":"#e50a4f","opac":0}},"pos":{"type":"crop","fit":{"bg":{"color":{"rgb":"#FFF","opac":100}},"vali":"center","hali":"center"},"crop":{"poi":{"x":552,"y":360}}},"measures":{"size":{"width":1080,"height":720}}},"txt":{"rType":"richtext","val":{"ops":[{"insert":"Our Item 6","attributes":{"color":"var(--TC1)","bold":true}},{"insert":"\n","attributes":{"align":"center","size":"large"}}]}},"rType":"richtext","hali":"","vali":"middle","paddV1":10},"back":{"selectedKey":"fill","fill":{"opac":0.5,"rgb":"var(--TC2)"},"img":{"filt":{"opac":100,"gray":100,"blur":0,"tint":{"rgb":"#fff","opac":0.9}},"pos":{"type":"crop","fit":{"bg":{"color":{"rgb":"#FFF","opac":100}},"vali":"center","hali":"center"},"crop":{"poi":{"x":552,"y":360}}},"measures":{"size":{"width":1080,"height":720}}},"rType":"richtext","vali":"top","txt":{"rType":"richtext","val":{"ops":[{"insert":"We want to know why your idea makes sense, why it's  going to be a success, why a user would be interested on it. Once at this point, our strategy experts will challenge the limits and create intuitive, simple and beautiful designs.","attributes":{"color":"var(--TC3)"}},{"insert":"\n","attributes":{"size":"normal"}}]}},"paddV1":15,"hali":""}}},"m-SEBF2ozu":{"id":"m-SEBF2ozu","type":"interactive","subtype":"interactiveCard","setup":{"animation":{"selectedKey":"rotateH"},"front":{"selectedKey":"image","fill":{"opac":1,"rgb":"#FFF"},"img":{"filt":{"opac":100,"gray":0,"blur":0,"tint":{"rgb":"#FFF","opac":0}},"pos":{"type":"fit","fit":{"bg":{"color":{"rgb":"#FFF","opac":100}},"vali":"center","hali":"center"},"crop":{"bg":{"color":{"rgb":"#FFF","opac":0}},"poi":{"x":446.5,"y":315.5}},"mask":{"shape":1}},"measures":{"size":{"width":960,"height":631}},"orig":{"rType":"asset","rSubType":"image","fileName":"e9cf30a3-dc56-4071-861c-6bf439cb3423.jpg","fileSize":89548,"val":"mc-01c6ba55a79c047609c3db557363635f.jpg","aid":"gRPQ5tykv"}}},"back":{"selectedKey":"gradient","fill":{"opac":1,"rgb":"#FFF"},"gradient":{"angle":0,"opac":0.18,"stops":[{"color":"#00ffff","pos":0},{"color":"#004a32","pos":100}]},"txt":{"val":{"ops":[{"insert":"\n\n","attributes":{"size":"large"}},{"insert":"SINGULAR:","attributes":{"color":"var(--TC2)"}},{"insert":"\n","attributes":{"size":"large"}},{"insert":"MEAT","attributes":{"color":"var(--TC8)","bold":true}},{"insert":"\n\n","attributes":{"size":"huge"}},{"insert":"PLURAL:","attributes":{"color":"var(--TC2)"}},{"insert":"\n","attributes":{"size":"large"}},{"insert":"MEATS","attributes":{"color":"var(--TC8)","bold":true}},{"insert":"\n","attributes":{"size":"huge"}},{"insert":"\n"}]},"rType":"richtext"}}}},"O4McDmWA1Z":{"id":"O4McDmWA1Z","type":"interactive","subtype":"interactiveCard","setup":{"animation":{"selectedKey":"rotateH"},"front":{"selectedKey":"image","fill":{"opac":1,"rgb":"#e91e93"},"img":{"filt":{"opac":100,"gray":0,"blur":0,"tint":{"rgb":"#FFF","opac":0}},"pos":{"type":"crop","fit":{"bg":{"color":{"rgb":"#FFF","opac":100}},"vali":"center","hali":"center"},"crop":{"bg":{"color":{"rgb":"#FFF","opac":0}},"poi":{"x":450,"y":520}},"mask":{"shape":1}},"measures":{"size":{"width":900,"height":900}},"orig":{"rType":"asset","rSubType":"image","fileName":"EF1819-1.jpg","fileSize":34027,"val":"mc-39a28ab082419c4bb9449247ee56747b.jpg","aid":"yEds8Fp4A"}}},"back":{"selectedKey":"gradient","fill":{"opac":1,"rgb":"#FFF"},"gradient":{"angle":0,"opac":0.18,"stops":[{"color":"#00ffff","pos":0},{"color":"#004a32","pos":100}]},"txt":{"val":{"ops":[{"insert":"\n\n","attributes":{"size":"large"}},{"insert":"SINGULAR:","attributes":{"color":"var(--TC2)"}},{"insert":"\n","attributes":{"size":"large"}},{"insert":"PEN","attributes":{"color":"var(--TC8)","bold":true}},{"insert":"\n\n","attributes":{"size":"huge"}},{"insert":"PLURAL:","attributes":{"color":"var(--TC2)"}},{"insert":"\n","attributes":{"size":"large"}},{"insert":"PENS","attributes":{"color":"var(--TC8)","bold":true}},{"insert":"\n","attributes":{"size":"huge"}},{"insert":"\n"}]},"rType":"richtext"}}}},"Z9LrrDlnpN":{"id":"Z9LrrDlnpN","type":"interactive","subtype":"interactiveCard","setup":{"animation":{"selectedKey":"fade"},"front":{"selectedKey":"fill","fill":{"opac":0.7,"rgb":"var(--TC3)"},"img":{"filt":{"opac":100,"gray":0,"blur":0,"tint":{"rgb":"#e50a4f","opac":0}},"pos":{"type":"crop","fit":{"bg":{"color":{"rgb":"#FFF","opac":100}},"vali":"center","hali":"center"},"crop":{"poi":{"x":552,"y":360}}},"measures":{"size":{"width":1080,"height":720}}},"txt":{"rType":"richtext","val":{"ops":[{"insert":"Our Item 5","attributes":{"color":"var(--TC1)","bold":true}},{"insert":"\n","attributes":{"align":"center","size":"large"}}]}},"rType":"richtext","hali":"","vali":"middle","paddV1":10},"back":{"selectedKey":"fill","fill":{"opac":0.5,"rgb":"var(--TC2)"},"img":{"filt":{"opac":100,"gray":100,"blur":0,"tint":{"rgb":"#fff","opac":0.9}},"pos":{"type":"crop","fit":{"bg":{"color":{"rgb":"#FFF","opac":100}},"vali":"center","hali":"center"},"crop":{"poi":{"x":552,"y":360}}},"measures":{"size":{"width":1080,"height":720}}},"rType":"richtext","vali":"top","txt":{"rType":"richtext","val":{"ops":[{"insert":"We want to know why your idea makes sense, why it's  going to be a success, why a user would be interested on it. Once at this point, our strategy experts will challenge the limits and create intuitive, simple and beautiful designs.","attributes":{"color":"var(--TC3)"}},{"insert":"\n","attributes":{"size":"normal"}}]}},"paddV1":15,"hali":""}}}},"v":"1"}