{"i":{"WRQzhNaiw":{"id":"WRQzhNaiw","type":"slide","setup":{"bord":{"size":10,"rad":10},"bg":{"selectedKey":"fill","fill":{"opac":0.18,"rgb":"var(--TC4)"},"img":{"filt":{"opac":100,"gray":0,"blur":0,"tint":{"rgb":"var(--TC3)","opac":0.5,"blendMode":"multiply"}},"pos":{"type":"crop","fit":{"bg":{"color":{"rgb":"#FFF","opac":100}},"vali":"center","hali":"center"},"crop":{"poi":{"x":618,"y":1064}}},"measures":{"size":{"width":1080,"height":1349}},"orig":{"rType":"asset","rSubType":"image","fileName":"unsplash.jpg","fileSize":0,"val":"mc-a9896aa68727d5dc702921dbfdc0f68c.jpg","aid":"QliCdO2U6u"}},"gradient":{"angle":0,"opac":1,"stops":[{"color":"#8b1418","pos":0},{"color":"#460a0c","pos":100}]}},"transparentBg":{"selectedKey":false}}},"p4eOQ5elcq":{"id":"p4eOQ5elcq","type":"interactive","subtype":"interactiveCard","setup":{"animation":{"selectedKey":"fade"},"front":{"selectedKey":"fill","fill":{"opac":0.95,"rgb":"var(--TC3)"},"img":{"filt":{"opac":100,"gray":0,"blur":0,"tint":{"rgb":"#e50a4f","opac":0}},"pos":{"type":"crop","fit":{"bg":{"color":{"rgb":"#FFF","opac":100}},"vali":"center","hali":"center"},"crop":{"poi":{"x":552,"y":360}}},"measures":{"size":{"width":1080,"height":720}}},"txt":{"rType":"richtext","val":{"ops":[{"insert":"Our Item 6","attributes":{"color":"var(--TC1)","bold":true}},{"insert":"\n","attributes":{"align":"center","size":"large"}}]}},"rType":"richtext","hali":"","vali":"middle","paddV1":10},"back":{"selectedKey":"fill","fill":{"opac":0.5,"rgb":"var(--TC2)"},"img":{"filt":{"opac":100,"gray":100,"blur":0,"tint":{"rgb":"#fff","opac":0.9}},"pos":{"type":"crop","fit":{"bg":{"color":{"rgb":"#FFF","opac":100}},"vali":"center","hali":"center"},"crop":{"poi":{"x":552,"y":360}}},"measures":{"size":{"width":1080,"height":720}}},"rType":"richtext","vali":"top","txt":{"rType":"richtext","val":{"ops":[{"insert":"We want to know why your idea makes sense, why it's  going to be a success, why a user would be interested on it. Once at this point, our strategy experts will challenge the limits and create intuitive, simple and beautiful designs.","attributes":{"color":"var(--TC3)"}},{"insert":"\n","attributes":{"size":"normal"}}]}},"paddV1":15,"hali":""}}},"2-GUdTDQ4":{"id":"2-GUdTDQ4","type":"interactive","subtype":"interactiveRichText","setup":{"frmeTp":{"selectedKey":"noneFrame"},"bg":{"fill":{"opac":0.82,"rgb":"#e91e93"}},"txt":{"val":{"ops":[{"insert":"Let's see how to say some colloquial things, but first listen well and learn to write them","attributes":{"color":"var(--TC2)","script":"super","bold":true}},{"insert":"\n","attributes":{"size":"huge","align":"center"}},{"insert":"traducción: veamos como decir algunas cosas coloquiales, pero primero escucha bien y aprende a escribirlas","attributes":{"color":"var(--TC2)","background":"transparent"}},{"insert":"\n\n","attributes":{"size":"large"}}]},"rType":"richtext"},"hali":""}},"pr6HzrDVGx":{"id":"pr6HzrDVGx","type":"interactive","subtype":"interactiveCard","setup":{"animation":{"selectedKey":"fade"},"front":{"selectedKey":"fill","fill":{"opac":0.7,"rgb":"var(--TC3)"},"img":{"filt":{"opac":100,"gray":0,"blur":0,"tint":{"rgb":"#e50a4f","opac":0}},"pos":{"type":"crop","fit":{"bg":{"color":{"rgb":"#FFF","opac":100}},"vali":"center","hali":"center"},"crop":{"poi":{"x":552,"y":360}}},"measures":{"size":{"width":1080,"height":720}}},"txt":{"rType":"richtext","val":{"ops":[{"insert":"Our Item 5","attributes":{"color":"var(--TC1)","bold":true}},{"insert":"\n","attributes":{"align":"center","size":"large"}}]}},"rType":"richtext","hali":"","vali":"middle","paddV1":10},"back":{"selectedKey":"fill","fill":{"opac":0.5,"rgb":"var(--TC2)"},"img":{"filt":{"opac":100,"gray":100,"blur":0,"tint":{"rgb":"#fff","opac":0.9}},"pos":{"type":"crop","fit":{"bg":{"color":{"rgb":"#FFF","opac":100}},"vali":"center","hali":"center"},"crop":{"poi":{"x":552,"y":360}}},"measures":{"size":{"width":1080,"height":720}}},"rType":"richtext","vali":"top","txt":{"rType":"richtext","val":{"ops":[{"insert":"We want to know why your idea makes sense, why it's  going to be a success, why a user would be interested on it. Once at this point, our strategy experts will challenge the limits and create intuitive, simple and beautiful designs.","attributes":{"color":"var(--TC3)"}},{"insert":"\n","attributes":{"size":"normal"}}]}},"paddV1":15,"hali":""}}},"v7VZiTSer":{"id":"v7VZiTSer","type":"interactive","subtype":"interactiveCard","setup":{"animation":{"selectedKey":"rotateH"},"front":{"selectedKey":"image","fill":{"opac":1,"rgb":"#FFF"},"img":{"filt":{"opac":100,"gray":0,"blur":0,"tint":{"rgb":"#FFF","opac":0}},"pos":{"type":"crop","fit":{"bg":{"color":{"rgb":"#FFF","opac":100}},"vali":"center","hali":"center"},"crop":{"bg":{"color":{"rgb":"#FFF","opac":0}},"poi":{"x":238.5,"y":169.5}},"mask":{"shape":1}},"measures":{"size":{"width":510,"height":340}},"orig":{"rType":"asset","rSubType":"image","fileName":"324937ad-6fb6-41f8-ac0f-2d2eac8842ea.jpg","fileSize":17172,"val":"mc-eb21e72961c6885f62a26046f1f6a8c3.jpg","aid":"Q6DpoA27F"}}},"back":{"selectedKey":"gradient","fill":{"opac":1,"rgb":"#FFF"},"gradient":{"angle":0,"opac":0.18,"stops":[{"color":"#00ffff","pos":0},{"color":"#004a32","pos":100}]},"txt":{"val":{"ops":[{"insert":"\n\n","attributes":{"size":"large"}},{"insert":"SINGULAR:","attributes":{"color":"var(--TC2)"}},{"insert":"\n","attributes":{"size":"large"}},{"insert":"CAT","attributes":{"color":"var(--TC8)","bold":true}},{"insert":"\n\n","attributes":{"size":"huge"}},{"insert":"PLURAL:","attributes":{"color":"var(--TC2)"}},{"insert":"\n","attributes":{"size":"large"}},{"insert":"CATS","attributes":{"color":"var(--TC8)","bold":true}},{"insert":"\n","attributes":{"size":"huge"}},{"insert":"\n"}]},"rType":"richtext"}}}},"8UQxmwYhr":{"id":"8UQxmwYhr","type":"interactive","subtype":"interactiveCard","setup":{"animation":{"selectedKey":"rotateH"},"front":{"selectedKey":"image","fill":{"opac":1,"rgb":"#FFF"},"img":{"filt":{"opac":100,"gray":0,"blur":0,"tint":{"rgb":"#FFF","opac":0}},"pos":{"type":"crop","fit":{"bg":{"color":{"rgb":"#FFF","opac":100}},"vali":"center","hali":"center"},"crop":{"bg":{"color":{"rgb":"#FFF","opac":0}},"poi":{"x":238.5,"y":169.5}},"mask":{"shape":1}},"measures":{"size":{"width":510,"height":340}},"orig":{"rType":"asset","rSubType":"image","fileName":"441a24e3-2bc8-4d2e-91c9-0ded5ed3c374.jpg","fileSize":18630,"val":"mc-e0841cfb30832f20c0c1e900f583fb11.jpg","aid":"9EtO-UUIf"}}},"back":{"selectedKey":"gradient","fill":{"opac":1,"rgb":"#FFF"},"gradient":{"angle":0,"opac":0.18,"stops":[{"color":"#00ffff","pos":0},{"color":"#004a32","pos":100}]},"txt":{"val":{"ops":[{"insert":"\n\n","attributes":{"size":"large"}},{"insert":"SINGULAR:","attributes":{"color":"var(--TC2)"}},{"insert":"\n","attributes":{"size":"large"}},{"insert":"DOG","attributes":{"bold":true,"color":"var(--TC8)"}},{"insert":"\n\n","attributes":{"size":"huge"}},{"insert":"PLURAL:","attributes":{"color":"var(--TC2)"}},{"insert":"\n","attributes":{"size":"large"}},{"insert":"DOGS","attributes":{"bold":true,"color":"var(--TC8)"}},{"insert":"\n","attributes":{"size":"huge"}}]},"rType":"richtext"}}}},"6SazX9iTA":{"id":"6SazX9iTA","type":"interactive","subtype":"interactiveCard","setup":{"animation":{"selectedKey":"rotateH"},"front":{"selectedKey":"image","fill":{"opac":1,"rgb":"#FFF"},"img":{"filt":{"opac":100,"gray":0,"blur":0,"tint":{"rgb":"#FFF","opac":0}},"pos":{"type":"crop","fit":{"bg":{"color":{"rgb":"#FFF","opac":100}},"vali":"center","hali":"center"},"crop":{"bg":{"color":{"rgb":"#FFF","opac":0}},"poi":{"x":193,"y":164}},"mask":{"shape":1}},"measures":{"size":{"width":512,"height":340}},"orig":{"rType":"asset","rSubType":"image","fileName":"09c7c326-a325-4733-aef7-d96d222e3c48.jpg","fileSize":40873,"val":"mc-c506647091d0330851153efc34ac9690.jpg","aid":"xmJeKBxQd"}}},"back":{"selectedKey":"gradient","fill":{"opac":1,"rgb":"#FFF"},"gradient":{"angle":0,"opac":0.18,"stops":[{"color":"#00ffff","pos":0},{"color":"#004a32","pos":100}]},"txt":{"val":{"ops":[{"insert":"\n\n","attributes":{"size":"large"}},{"insert":"SINGULAR:","attributes":{"color":"var(--TC2)"}},{"insert":"\n","attributes":{"size":"large"}},{"insert":"CAR","attributes":{"color":"var(--TC8)","bold":true}},{"insert":"\n\n","attributes":{"size":"huge"}},{"insert":"PLURAL:","attributes":{"color":"var(--TC2)"}},{"insert":"\n","attributes":{"size":"large"}},{"insert":"CARS","attributes":{"color":"var(--TC8)","bold":true}},{"insert":"\n","attributes":{"size":"huge"}},{"insert":"\n"}]},"rType":"richtext"}}}}},"v":"1"}