{"i":{"2nkyfTuUYp":{"id":"2nkyfTuUYp","type":"slide","setup":{"bg":{"selectedKey":"fill","fill":{"opac":0.2,"rgb":"var(--TC4)"},"img":{"filt":{"opac":100,"gray":0,"blur":0,"tint":{"rgb":"var(--TC3)","opac":0.5,"blendMode":"multiply"}},"pos":{"type":"crop","fit":{"bg":{"color":{"rgb":"#FFF","opac":100}},"vali":"center","hali":"center"},"crop":{"poi":{"x":618,"y":1064}}},"measures":{"size":{"width":1080,"height":1349}},"orig":{"rType":"asset","rSubType":"image","fileName":"unsplash.jpg","fileSize":0,"val":"mc-a9896aa68727d5dc702921dbfdc0f68c.jpg","aid":"gopErfcHWA"}},"gradient":{"angle":0,"opac":1,"stops":[{"color":"#8b1418","pos":0},{"color":"#460a0c","pos":100}]}},"transparentBg":{"selectedKey":false},"bord":{"size":10,"rad":10}}},"2S5190HSuV":{"id":"2S5190HSuV","type":"interactive","subtype":"interactiveCard","setup":{"animation":{"selectedKey":"rotateH"},"front":{"selectedKey":"image","fill":{"opac":1,"rgb":"#FFF"},"img":{"filt":{"opac":100,"gray":0,"blur":0,"tint":{"rgb":"#FFF","opac":0}},"pos":{"type":"crop","fit":{"bg":{"color":{"rgb":"#FFF","opac":100}},"vali":"center","hali":"center"},"crop":{"bg":{"color":{"rgb":"#FFF","opac":0}},"poi":{"x":306,"y":162}},"mask":{"shape":1}},"measures":{"size":{"width":510,"height":340}},"orig":{"rType":"asset","rSubType":"image","fileName":"66e121ec-f096-4312-9224-0b9eb0efa909.jpg","fileSize":28776,"val":"mc-5753c52e2d74a4e3a7d1c790b3256c10.jpg","aid":"Co9slCkXU"}}},"back":{"selectedKey":"gradient","fill":{"opac":1,"rgb":"#FFF"},"gradient":{"angle":0,"opac":0.18,"stops":[{"color":"#00ffff","pos":0},{"color":"#004a32","pos":100}]},"txt":{"val":{"ops":[{"insert":"\n\n","attributes":{"size":"large"}},{"insert":"SINGULAR:","attributes":{"color":"var(--TC2)"}},{"insert":"\n","attributes":{"size":"large"}},{"insert":"ZEBRA","attributes":{"bold":true,"color":"var(--TC8)"}},{"insert":"\n\n","attributes":{"size":"huge"}},{"insert":"PLURAL:","attributes":{"color":"var(--TC2)"}},{"insert":"\n","attributes":{"size":"large"}},{"insert":"ZEBRAS","attributes":{"bold":true,"color":"var(--TC8)"}},{"insert":"\n","attributes":{"size":"huge"}}]},"rType":"richtext"}}}},"4nutsWiZFkW":{"id":"4nutsWiZFkW","type":"interactive","subtype":"interactiveCard","setup":{"animation":{"selectedKey":"fade"},"front":{"selectedKey":"fill","fill":{"opac":0.7,"rgb":"var(--TC3)"},"img":{"filt":{"opac":100,"gray":0,"blur":0,"tint":{"rgb":"#e50a4f","opac":0}},"pos":{"type":"crop","fit":{"bg":{"color":{"rgb":"#FFF","opac":100}},"vali":"center","hali":"center"},"crop":{"poi":{"x":552,"y":360}}},"measures":{"size":{"width":1080,"height":720}}},"txt":{"rType":"richtext","val":{"ops":[{"insert":"Our Item 5","attributes":{"color":"var(--TC1)","bold":true}},{"insert":"\n","attributes":{"align":"center","size":"large"}}]}},"rType":"richtext","hali":"","vali":"middle","paddV1":10},"back":{"selectedKey":"fill","fill":{"opac":0.5,"rgb":"var(--TC2)"},"img":{"filt":{"opac":100,"gray":100,"blur":0,"tint":{"rgb":"#fff","opac":0.9}},"pos":{"type":"crop","fit":{"bg":{"color":{"rgb":"#FFF","opac":100}},"vali":"center","hali":"center"},"crop":{"poi":{"x":552,"y":360}}},"measures":{"size":{"width":1080,"height":720}}},"rType":"richtext","vali":"top","txt":{"rType":"richtext","val":{"ops":[{"insert":"We want to know why your idea makes sense, why it's  going to be a success, why a user would be interested on it. Once at this point, our strategy experts will challenge the limits and create intuitive, simple and beautiful designs.","attributes":{"color":"var(--TC3)"}},{"insert":"\n","attributes":{"size":"normal"}}]}},"paddV1":15,"hali":""}}},"44O_RWq-kLw":{"id":"44O_RWq-kLw","type":"interactive","subtype":"interactiveCard","setup":{"animation":{"selectedKey":"fade"},"front":{"selectedKey":"fill","fill":{"opac":0.95,"rgb":"var(--TC3)"},"img":{"filt":{"opac":100,"gray":0,"blur":0,"tint":{"rgb":"#e50a4f","opac":0}},"pos":{"type":"crop","fit":{"bg":{"color":{"rgb":"#FFF","opac":100}},"vali":"center","hali":"center"},"crop":{"poi":{"x":552,"y":360}}},"measures":{"size":{"width":1080,"height":720}}},"txt":{"rType":"richtext","val":{"ops":[{"insert":"Our Item 6","attributes":{"color":"var(--TC1)","bold":true}},{"insert":"\n","attributes":{"align":"center","size":"large"}}]}},"rType":"richtext","hali":"","vali":"middle","paddV1":10},"back":{"selectedKey":"fill","fill":{"opac":0.5,"rgb":"var(--TC2)"},"img":{"filt":{"opac":100,"gray":100,"blur":0,"tint":{"rgb":"#fff","opac":0.9}},"pos":{"type":"crop","fit":{"bg":{"color":{"rgb":"#FFF","opac":100}},"vali":"center","hali":"center"},"crop":{"poi":{"x":552,"y":360}}},"measures":{"size":{"width":1080,"height":720}}},"rType":"richtext","vali":"top","txt":{"rType":"richtext","val":{"ops":[{"insert":"We want to know why your idea makes sense, why it's  going to be a success, why a user would be interested on it. Once at this point, our strategy experts will challenge the limits and create intuitive, simple and beautiful designs.","attributes":{"color":"var(--TC3)"}},{"insert":"\n","attributes":{"size":"normal"}}]}},"paddV1":15,"hali":""}}},"ug4z36gFd8":{"id":"ug4z36gFd8","type":"interactive","subtype":"interactiveRichText","setup":{"frmeTp":{"selectedKey":"noneFrame"},"bg":{"fill":{"opac":0.82,"rgb":"#e91e93"}},"txt":{"val":{"ops":[{"insert":"Let's see how to say some colloquial things, but first listen well and learn to write them","attributes":{"color":"var(--TC2)","script":"super","bold":true}},{"insert":"\n","attributes":{"size":"huge","align":"center"}},{"insert":"traducción: veamos como decir algunas cosas coloquiales, pero primero escucha bien y aprende a escribirlas","attributes":{"color":"var(--TC2)","background":"transparent"}},{"insert":"\n\n","attributes":{"size":"large"}}]},"rType":"richtext"},"hali":""}},"Fb3_rZWMBp":{"id":"Fb3_rZWMBp","type":"interactive","subtype":"interactiveCard","setup":{"animation":{"selectedKey":"rotateH"},"front":{"selectedKey":"image","fill":{"opac":1,"rgb":"#FFF"},"img":{"filt":{"opac":100,"gray":0,"blur":0,"tint":{"rgb":"#FFF","opac":0}},"pos":{"type":"crop","fit":{"bg":{"color":{"rgb":"#FFF","opac":100}},"vali":"center","hali":"center"},"crop":{"bg":{"color":{"rgb":"#FFF","opac":0}},"poi":{"x":286,"y":164}},"mask":{"shape":1}},"measures":{"size":{"width":510,"height":340}},"orig":{"rType":"asset","rSubType":"image","fileName":"460c4a95-fdbc-4e9f-aac8-e27fe91a03e8.jpg","fileSize":10157,"val":"mc-a9336dca9ce6bc3f31b315104d3b6ded.jpg","aid":"WKcfNc2xM"}}},"back":{"selectedKey":"gradient","fill":{"opac":1,"rgb":"#FFF"},"gradient":{"angle":0,"opac":0.18,"stops":[{"color":"#00ffff","pos":0},{"color":"#004a32","pos":100}]},"txt":{"val":{"ops":[{"insert":"YELLOW","attributes":{"color":"var(--TC8)","bold":true}},{"insert":"\n","attributes":{"align":"center","size":"huge"}},{"insert":"\n"}]},"rType":"richtext"},"vali":"middle","hali":""}}},"9ltyDZ0LD2":{"id":"9ltyDZ0LD2","type":"interactive","subtype":"interactiveCard","setup":{"animation":{"selectedKey":"rotateH"},"front":{"selectedKey":"image","fill":{"opac":1,"rgb":"#FFF"},"img":{"filt":{"opac":100,"gray":0,"blur":0,"tint":{"rgb":"#FFF","opac":0}},"pos":{"type":"crop","fit":{"bg":{"color":{"rgb":"#FFF","opac":100}},"vali":"center","hali":"center"},"crop":{"bg":{"color":{"rgb":"#FFF","opac":0}},"poi":{"x":129,"y":169.5}},"mask":{"shape":1}},"measures":{"size":{"width":282,"height":340}},"orig":{"rType":"asset","rSubType":"image","fileName":"01429c3c-b6e3-4a11-9404-e602a7e924db.jpg","fileSize":8586,"val":"mc-631b696ebf75e7b8186abe4d8503bb08.jpg","aid":"pxLa-k4Mq"}}},"back":{"selectedKey":"gradient","fill":{"opac":1,"rgb":"#FFF"},"gradient":{"angle":0,"opac":0.18,"stops":[{"color":"#00ffff","pos":0},{"color":"#004a32","pos":100}]},"txt":{"val":{"ops":[{"insert":"X-RAYS","attributes":{"color":"var(--TC8)","bold":true}},{"insert":"\n","attributes":{"align":"center","size":"huge"}},{"insert":"\n"}]},"rType":"richtext"},"hali":"","vali":"middle"}}}},"v":"1"}