{"i":{"hvGWheSny":{"id":"hvGWheSny","type":"slide","setup":{"bg":{"selectedKey":"fill","fill":{"opac":0.2,"rgb":"var(--TC4)"},"img":{"filt":{"opac":100,"gray":0,"blur":0,"tint":{"rgb":"var(--TC3)","opac":0.5,"blendMode":"multiply"}},"pos":{"type":"crop","fit":{"bg":{"color":{"rgb":"#FFF","opac":100}},"vali":"center","hali":"center"},"crop":{"poi":{"x":618,"y":1064}}},"measures":{"size":{"width":1080,"height":1349}},"orig":{"rType":"asset","rSubType":"image","fileName":"unsplash.jpg","fileSize":0,"val":"mc-a9896aa68727d5dc702921dbfdc0f68c.jpg","aid":"SPcn52KSvt"}},"gradient":{"angle":0,"opac":1,"stops":[{"color":"#8b1418","pos":0},{"color":"#460a0c","pos":100}]}},"transparentBg":{"selectedKey":false},"bord":{"size":10,"rad":10}}},"JUAE1KhKwo":{"id":"JUAE1KhKwo","type":"interactive","subtype":"interactiveCard","setup":{"animation":{"selectedKey":"rotateH"},"front":{"selectedKey":"image","fill":{"opac":1,"rgb":"#FFF"},"img":{"filt":{"opac":100,"gray":0,"blur":0,"tint":{"rgb":"#FFF","opac":0}},"pos":{"type":"fit","fit":{"bg":{"color":{"rgb":"#FFF","opac":100}},"vali":"center","hali":"center"},"crop":{"bg":{"color":{"rgb":"#FFF","opac":0}},"poi":{"x":235.5,"y":214.5}},"mask":{"shape":1}},"measures":{"size":{"width":500,"height":429}},"orig":{"rType":"asset","rSubType":"image","fileName":"f38b72f1-0afa-4eb0-a9f2-104ca6181e50.jpg","fileSize":36143,"val":"mc-2d8b7c882c965e2d05d899eea0d3cc4a.jpg","aid":"FX8bKvTIX"}}},"back":{"selectedKey":"gradient","fill":{"opac":1,"rgb":"#FFF"},"gradient":{"angle":0,"opac":0.18,"stops":[{"color":"#00ffff","pos":0},{"color":"#004a32","pos":100}]},"txt":{"val":{"ops":[{"insert":"\n\n","attributes":{"size":"large"}},{"insert":"SINGULAR:","attributes":{"color":"var(--TC2)"}},{"insert":"\n","attributes":{"size":"large"}},{"insert":"PICTURE","attributes":{"color":"var(--TC8)","bold":true}},{"insert":"\n\n","attributes":{"size":"huge"}},{"insert":"PLURAL:","attributes":{"color":"var(--TC2)"}},{"insert":"\n","attributes":{"size":"large"}},{"insert":"PICTURES","attributes":{"bold":true,"color":"var(--TC8)"}},{"insert":"\n","attributes":{"size":"huge"}}]},"rType":"richtext"}}}},"dErzlDJpr2":{"id":"dErzlDJpr2","type":"interactive","subtype":"interactiveCard","setup":{"animation":{"selectedKey":"rotateH"},"front":{"selectedKey":"image","fill":{"opac":1,"rgb":"#FFF"},"img":{"filt":{"opac":100,"gray":0,"blur":0,"tint":{"rgb":"#FFF","opac":0}},"pos":{"type":"fit","fit":{"bg":{"color":{"rgb":"#FFF","opac":100}},"vali":"center","hali":"center"},"crop":{"bg":{"color":{"rgb":"#FFF","opac":0}},"poi":{"x":265.5,"y":169.5}},"mask":{"shape":1}},"measures":{"size":{"width":453,"height":340}},"orig":{"rType":"asset","rSubType":"image","fileName":"168b6045-63d3-4838-a2ce-1d7a1eae495c.jpg","fileSize":20673,"val":"mc-0a816300d262bbf9c5136731a08c8cb6.jpg","aid":"ZmqkXbNM4"}}},"back":{"selectedKey":"gradient","fill":{"opac":1,"rgb":"#FFF"},"gradient":{"angle":0,"opac":0.18,"stops":[{"color":"#00ffff","pos":0},{"color":"#004a32","pos":100}]},"txt":{"val":{"ops":[{"insert":"\n\n","attributes":{"size":"large"}},{"insert":"SINGULAR:","attributes":{"color":"var(--TC2)"}},{"insert":"\n","attributes":{"size":"large"}},{"insert":"TV","attributes":{"color":"var(--TC8)","bold":true}},{"insert":"\n\n","attributes":{"size":"huge"}},{"insert":"PLURAL:","attributes":{"color":"var(--TC2)"}},{"insert":"\n","attributes":{"size":"large"}},{"insert":"TVS","attributes":{"color":"var(--TC8)","bold":true}},{"insert":"\n","attributes":{"size":"huge"}},{"insert":"\n"}]},"rType":"richtext"}}}},"QcZdpaXxje":{"id":"QcZdpaXxje","type":"interactive","subtype":"interactiveRichText","setup":{"frmeTp":{"selectedKey":"noneFrame"},"bg":{"fill":{"opac":0.82,"rgb":"#e91e93"}},"txt":{"val":{"ops":[{"insert":"Let's see how to say some colloquial things, but first listen well and learn to write them","attributes":{"color":"var(--TC2)","script":"super","bold":true}},{"insert":"\n","attributes":{"size":"huge","align":"center"}},{"insert":"traducción: veamos como decir algunas cosas coloquiales, pero primero escucha bien y aprende a escribirlas","attributes":{"color":"var(--TC2)","background":"transparent"}},{"insert":"\n\n","attributes":{"size":"large"}}]},"rType":"richtext"},"hali":""}},"nNeqhI7hgR":{"id":"nNeqhI7hgR","type":"interactive","subtype":"interactiveCard","setup":{"animation":{"selectedKey":"fade"},"front":{"selectedKey":"fill","fill":{"opac":0.7,"rgb":"var(--TC3)"},"img":{"filt":{"opac":100,"gray":0,"blur":0,"tint":{"rgb":"#e50a4f","opac":0}},"pos":{"type":"crop","fit":{"bg":{"color":{"rgb":"#FFF","opac":100}},"vali":"center","hali":"center"},"crop":{"poi":{"x":552,"y":360}}},"measures":{"size":{"width":1080,"height":720}}},"txt":{"rType":"richtext","val":{"ops":[{"insert":"Our Item 5","attributes":{"color":"var(--TC1)","bold":true}},{"insert":"\n","attributes":{"align":"center","size":"large"}}]}},"rType":"richtext","hali":"","vali":"middle","paddV1":10},"back":{"selectedKey":"fill","fill":{"opac":0.5,"rgb":"var(--TC2)"},"img":{"filt":{"opac":100,"gray":100,"blur":0,"tint":{"rgb":"#fff","opac":0.9}},"pos":{"type":"crop","fit":{"bg":{"color":{"rgb":"#FFF","opac":100}},"vali":"center","hali":"center"},"crop":{"poi":{"x":552,"y":360}}},"measures":{"size":{"width":1080,"height":720}}},"rType":"richtext","vali":"top","txt":{"rType":"richtext","val":{"ops":[{"insert":"We want to know why your idea makes sense, why it's  going to be a success, why a user would be interested on it. Once at this point, our strategy experts will challenge the limits and create intuitive, simple and beautiful designs.","attributes":{"color":"var(--TC3)"}},{"insert":"\n","attributes":{"size":"normal"}}]}},"paddV1":15,"hali":""}}},"Tz80funSVT":{"id":"Tz80funSVT","type":"interactive","subtype":"interactiveCard","setup":{"animation":{"selectedKey":"rotateH"},"front":{"selectedKey":"image","fill":{"opac":1,"rgb":"#FFF"},"img":{"filt":{"opac":100,"gray":0,"blur":0,"tint":{"rgb":"#FFF","opac":0}},"pos":{"type":"crop","fit":{"bg":{"color":{"rgb":"#FFF","opac":100}},"vali":"center","hali":"center"},"crop":{"bg":{"color":{"rgb":"#FFF","opac":0}},"poi":{"x":192,"y":222}},"mask":{"shape":1}},"measures":{"size":{"width":387,"height":444}},"orig":{"rType":"asset","rSubType":"image","fileName":"f5e4538a-468b-4fab-8e87-e6b0bdffeae0.jpg","fileSize":6022,"val":"mc-740da65bc9029ee58c32968b26671588.jpg","aid":"sX2zjTuuh"}}},"back":{"selectedKey":"gradient","fill":{"opac":1,"rgb":"#FFF"},"gradient":{"angle":0,"opac":0.18,"stops":[{"color":"#00ffff","pos":0},{"color":"#004a32","pos":100}]},"txt":{"val":{"ops":[{"insert":"\n\n","attributes":{"size":"large"}},{"insert":"SINGULAR:","attributes":{"color":"var(--TC2)"}},{"insert":"\n","attributes":{"size":"large"}},{"insert":"SPOON","attributes":{"color":"var(--TC8)","bold":true}},{"insert":"\n\n","attributes":{"size":"huge"}},{"insert":"PLURAL:","attributes":{"color":"var(--TC2)"}},{"insert":"\n","attributes":{"size":"large"}},{"insert":"SPOONS","attributes":{"color":"var(--TC8)","bold":true}},{"insert":"\n","attributes":{"size":"huge"}},{"insert":"\n"}]},"rType":"richtext"}}}},"X5Iz6VkvTx":{"id":"X5Iz6VkvTx","type":"interactive","subtype":"interactiveCard","setup":{"animation":{"selectedKey":"fade"},"front":{"selectedKey":"fill","fill":{"opac":0.95,"rgb":"var(--TC3)"},"img":{"filt":{"opac":100,"gray":0,"blur":0,"tint":{"rgb":"#e50a4f","opac":0}},"pos":{"type":"crop","fit":{"bg":{"color":{"rgb":"#FFF","opac":100}},"vali":"center","hali":"center"},"crop":{"poi":{"x":552,"y":360}}},"measures":{"size":{"width":1080,"height":720}}},"txt":{"rType":"richtext","val":{"ops":[{"insert":"Our Item 6","attributes":{"color":"var(--TC1)","bold":true}},{"insert":"\n","attributes":{"align":"center","size":"large"}}]}},"rType":"richtext","hali":"","vali":"middle","paddV1":10},"back":{"selectedKey":"fill","fill":{"opac":0.5,"rgb":"var(--TC2)"},"img":{"filt":{"opac":100,"gray":100,"blur":0,"tint":{"rgb":"#fff","opac":0.9}},"pos":{"type":"crop","fit":{"bg":{"color":{"rgb":"#FFF","opac":100}},"vali":"center","hali":"center"},"crop":{"poi":{"x":552,"y":360}}},"measures":{"size":{"width":1080,"height":720}}},"rType":"richtext","vali":"top","txt":{"rType":"richtext","val":{"ops":[{"insert":"We want to know why your idea makes sense, why it's  going to be a success, why a user would be interested on it. Once at this point, our strategy experts will challenge the limits and create intuitive, simple and beautiful designs.","attributes":{"color":"var(--TC3)"}},{"insert":"\n","attributes":{"size":"normal"}}]}},"paddV1":15,"hali":""}}}},"v":"1"}