{"i":{"n-lvhOQUy":{"id":"n-lvhOQUy","type":"slide","setup":{"bg":{"selectedKey":"fill","fill":{"opac":0.2,"rgb":"var(--TC4)"},"img":{"filt":{"opac":100,"gray":0,"blur":0,"tint":{"rgb":"var(--TC3)","opac":0.5,"blendMode":"multiply"}},"pos":{"type":"crop","fit":{"bg":{"color":{"rgb":"#FFF","opac":100}},"vali":"center","hali":"center"},"crop":{"poi":{"x":618,"y":1064}}},"measures":{"size":{"width":1080,"height":1349}},"orig":{"rType":"asset","rSubType":"image","fileName":"unsplash.jpg","fileSize":0,"val":"mc-a9896aa68727d5dc702921dbfdc0f68c.jpg","aid":"GmqaqpOM4t"}},"gradient":{"angle":0,"opac":1,"stops":[{"color":"#8b1418","pos":0},{"color":"#460a0c","pos":100}]}},"transparentBg":{"selectedKey":false},"bord":{"size":10,"rad":10}}},"tmOjko0TcM":{"id":"tmOjko0TcM","type":"interactive","subtype":"interactiveCard","setup":{"animation":{"selectedKey":"fade"},"front":{"selectedKey":"fill","fill":{"opac":0.95,"rgb":"var(--TC3)"},"img":{"filt":{"opac":100,"gray":0,"blur":0,"tint":{"rgb":"#e50a4f","opac":0}},"pos":{"type":"crop","fit":{"bg":{"color":{"rgb":"#FFF","opac":100}},"vali":"center","hali":"center"},"crop":{"poi":{"x":552,"y":360}}},"measures":{"size":{"width":1080,"height":720}}},"txt":{"rType":"richtext","val":{"ops":[{"insert":"Our Item 6","attributes":{"color":"var(--TC1)","bold":true}},{"insert":"\n","attributes":{"align":"center","size":"large"}}]}},"rType":"richtext","hali":"","vali":"middle","paddV1":10},"back":{"selectedKey":"fill","fill":{"opac":0.5,"rgb":"var(--TC2)"},"img":{"filt":{"opac":100,"gray":100,"blur":0,"tint":{"rgb":"#fff","opac":0.9}},"pos":{"type":"crop","fit":{"bg":{"color":{"rgb":"#FFF","opac":100}},"vali":"center","hali":"center"},"crop":{"poi":{"x":552,"y":360}}},"measures":{"size":{"width":1080,"height":720}}},"rType":"richtext","vali":"top","txt":{"rType":"richtext","val":{"ops":[{"insert":"We want to know why your idea makes sense, why it's  going to be a success, why a user would be interested on it. Once at this point, our strategy experts will challenge the limits and create intuitive, simple and beautiful designs.","attributes":{"color":"var(--TC3)"}},{"insert":"\n","attributes":{"size":"normal"}}]}},"paddV1":15,"hali":""}}},"-U12rpWyGN":{"id":"-U12rpWyGN","type":"interactive","subtype":"interactiveCard","setup":{"animation":{"selectedKey":"rotateH"},"front":{"selectedKey":"image","fill":{"opac":1,"rgb":"#FFF"},"img":{"filt":{"opac":100,"gray":0,"blur":0,"tint":{"rgb":"#FFF","opac":0}},"pos":{"type":"fit","fit":{"bg":{"color":{"rgb":"#FFF","opac":100}},"vali":"center","hali":"center"},"crop":{"bg":{"color":{"rgb":"#FFF","opac":0}},"poi":{"x":214.5,"y":169.5}},"mask":{"shape":1}},"measures":{"size":{"width":508,"height":339}},"orig":{"rType":"asset","rSubType":"image","fileName":"9ba98b2d-28c7-4c1b-b372-e5ff71f62b23.jpg","fileSize":13789,"val":"mc-7b19ba8ef2ff40d09df96d4ff0d32224.jpg","aid":"Wnah3Ua1q"}}},"back":{"selectedKey":"gradient","fill":{"opac":1,"rgb":"#FFF"},"gradient":{"angle":0,"opac":0.18,"stops":[{"color":"#00ffff","pos":0},{"color":"#004a32","pos":100}]},"txt":{"val":{"ops":[{"insert":"\n\n\n","attributes":{"size":"large"}},{"insert":"\n","attributes":{"size":"huge"}},{"insert":"HEADPHONES","attributes":{"script":"super","color":"var(--TC8)","bold":true}},{"insert":"\n","attributes":{"align":"center","size":"huge"}},{"insert":"\n"}]},"rType":"richtext"},"vali":"top","hali":""}}},"uAmMedF9e8":{"id":"uAmMedF9e8","type":"interactive","subtype":"interactiveCard","setup":{"animation":{"selectedKey":"rotateH"},"front":{"selectedKey":"image","fill":{"opac":1,"rgb":"#FFF"},"img":{"filt":{"opac":100,"gray":0,"blur":0,"tint":{"rgb":"#FFF","opac":0}},"pos":{"type":"crop","fit":{"bg":{"color":{"rgb":"#FFF","opac":100}},"vali":"center","hali":"center"},"crop":{"bg":{"color":{"rgb":"#FFF","opac":0}},"poi":{"x":343,"y":293}},"mask":{"shape":1},"zoom":6},"measures":{"size":{"width":768,"height":640}},"orig":{"rType":"asset","rSubType":"image","fileName":"cel.jpg","fileSize":56418,"val":"mc-9a3f91579c350c0a29fcea8de96e9698.jpg","aid":"mc8DR_JSB"}}},"back":{"selectedKey":"gradient","fill":{"opac":1,"rgb":"#FFF"},"gradient":{"angle":0,"opac":0.18,"stops":[{"color":"#00ffff","pos":0},{"color":"#004a32","pos":100}]},"txt":{"val":{"ops":[{"insert":"\n","attributes":{"size":"large"}},{"insert":"SINGULAR:","attributes":{"color":"var(--TC2)"}},{"insert":"\n","attributes":{"size":"large"}},{"insert":"CELL","attributes":{"color":"var(--TC8)","bold":true}},{"insert":"\n\n","attributes":{"size":"huge"}},{"insert":"PLURAL:","attributes":{"color":"var(--TC2)"}},{"insert":"\n","attributes":{"size":"large"}},{"insert":"CELL PHONES","attributes":{"color":"var(--TC8)","bold":true}},{"insert":"\n","attributes":{"size":"huge"}},{"insert":"\n"}]},"rType":"richtext"}}}},"R6Fo-_TALT":{"id":"R6Fo-_TALT","type":"interactive","subtype":"interactiveCard","setup":{"animation":{"selectedKey":"fade"},"front":{"selectedKey":"fill","fill":{"opac":0.7,"rgb":"var(--TC3)"},"img":{"filt":{"opac":100,"gray":0,"blur":0,"tint":{"rgb":"#e50a4f","opac":0}},"pos":{"type":"crop","fit":{"bg":{"color":{"rgb":"#FFF","opac":100}},"vali":"center","hali":"center"},"crop":{"poi":{"x":552,"y":360}}},"measures":{"size":{"width":1080,"height":720}}},"txt":{"rType":"richtext","val":{"ops":[{"insert":"Our Item 5","attributes":{"color":"var(--TC1)","bold":true}},{"insert":"\n","attributes":{"align":"center","size":"large"}}]}},"rType":"richtext","hali":"","vali":"middle","paddV1":10},"back":{"selectedKey":"fill","fill":{"opac":0.5,"rgb":"var(--TC2)"},"img":{"filt":{"opac":100,"gray":100,"blur":0,"tint":{"rgb":"#fff","opac":0.9}},"pos":{"type":"crop","fit":{"bg":{"color":{"rgb":"#FFF","opac":100}},"vali":"center","hali":"center"},"crop":{"poi":{"x":552,"y":360}}},"measures":{"size":{"width":1080,"height":720}}},"rType":"richtext","vali":"top","txt":{"rType":"richtext","val":{"ops":[{"insert":"We want to know why your idea makes sense, why it's  going to be a success, why a user would be interested on it. Once at this point, our strategy experts will challenge the limits and create intuitive, simple and beautiful designs.","attributes":{"color":"var(--TC3)"}},{"insert":"\n","attributes":{"size":"normal"}}]}},"paddV1":15,"hali":""}}},"S3ciIkOJ8S":{"id":"S3ciIkOJ8S","type":"interactive","subtype":"interactiveCard","setup":{"animation":{"selectedKey":"rotateH"},"front":{"selectedKey":"image","fill":{"opac":1,"rgb":"#FFF"},"img":{"filt":{"opac":100,"gray":0,"blur":0,"tint":{"rgb":"#FFF","opac":0}},"pos":{"type":"crop","fit":{"bg":{"color":{"rgb":"#FFF","opac":100}},"vali":"center","hali":"center"},"crop":{"bg":{"color":{"rgb":"#FFF","opac":0}},"poi":{"x":242,"y":194}},"mask":{"shape":1}},"measures":{"size":{"width":321,"height":450}},"orig":{"rType":"asset","rSubType":"image","fileName":"pol.jpg","fileSize":132342,"val":"mc-d4ddc39dd5f7f763eb2c4c78c42c826f.jpg","aid":"8AxsI5ter"}}},"back":{"selectedKey":"gradient","fill":{"opac":1,"rgb":"#FFF"},"gradient":{"angle":0,"opac":0.18,"stops":[{"color":"#00ffff","pos":0},{"color":"#004a32","pos":100}]},"txt":{"val":{"ops":[{"insert":"\n\n","attributes":{"size":"large"}},{"insert":"SINGULAR:","attributes":{"color":"var(--TC2)"}},{"insert":"\n","attributes":{"size":"large"}},{"insert":"CHICKEN","attributes":{"color":"var(--TC8)","bold":true}},{"insert":"\n\n","attributes":{"size":"huge"}},{"insert":"PLURAL:","attributes":{"color":"var(--TC2)"}},{"insert":"\n","attributes":{"size":"large"}},{"insert":"CHICKENS","attributes":{"bold":true,"color":"var(--TC8)"}},{"insert":"\n","attributes":{"size":"huge"}}]},"rType":"richtext"}}}},"Tmxsfu1MPO":{"id":"Tmxsfu1MPO","type":"interactive","subtype":"interactiveRichText","setup":{"frmeTp":{"selectedKey":"noneFrame"},"bg":{"fill":{"opac":0.82,"rgb":"#e91e93"}},"txt":{"val":{"ops":[{"insert":"Let's see how to say some colloquial things, but first listen well and learn to write them","attributes":{"color":"var(--TC2)","script":"super","bold":true}},{"insert":"\n","attributes":{"size":"huge","align":"center"}},{"insert":"traducción: veamos como decir algunas cosas coloquiales, pero primero escucha bien y aprende a escribirlas","attributes":{"color":"var(--TC2)","background":"transparent"}},{"insert":"\n\n","attributes":{"size":"large"}}]},"rType":"richtext"},"hali":""}}},"v":"1"}