<?xml version="1.0" encoding="UTF-8"?>
<!-- Generated by JClic - https://projectestac.github.io/jclic -->
<manifest identifier="JClic-4C8088" version="1.0" xmlns="http://www.imsproject.org/xsd/imscp_rootv1p1p2" xmlns:adlcp="http://www.adlnet.org/xsd/adlcp_rootv1p2" xmlns:xsi="http://www.w3.org/2001/XMLSchema-instance" xsi:schemaLocation= "http://www.imsproject.org/xsd/imscp_rootv1p1p2 imscp_rootv1p1p2.xsd http://www.imsglobal.org/xsd/imsmd_rootv1p2p1 imsmd_rootv1p2p1.xsd http://www.adlnet.org/xsd/adlcp_rootv1p2 adlcp_rootv1p2.xsd">
 <metadata> 
  <schema>ADL SCORM</schema>
  <schemaversion>1.2</schemaversion>
 </metadata> 
 <organizations default="JClic">  
  <organization identifier="JClic">  
   <title>las frutas2</title>
   <item identifier="ITEM_JClic-4C8088" identifierref="RES_JClic-4C8088">
    <title>las frutas2</title>
   </item>
  </organization>
 </organizations>
 <resources>
  <resource identifier="RES_JClic-4C8088" type="webcontent" href="/index.html" adlcp:scormtype="sco"> 
   <file href="20046-resized.jpg"/>
   <file href="avocado.mp3"/>
   <file href="blueberry.mp3"/>
   <file href="favicon.ico"/>
   <file href="frutas___14_-resized.jpg"/>
   <file href="frutas___15_-resized.jpg"/>
   <file href="frutas___16_-resized.jpg"/>
   <file href="frutas___17_-resized.jpg"/>
   <file href="frutas___18_-resized.jpg"/>
   <file href="frutas___19_-resized.jpg"/>
   <file href="icon-192.png"/>
   <file href="icon-72.png"/>
   <file href="image__14_-resized.jpg"/>
   <file href="image__15_-resized.jpg"/>
   <file href="image__16_-resized.jpg"/>
   <file href="image__17_-resized.jpg"/>
   <file href="image__18_-resized.jpg"/>
   <file href="image__19_-resized.jpg"/>
   <file href="imsmanifest.xml"/>
   <file href="index.html"/>
   <file href="las_frutas2.jclic"/>
   <file href="las_frutas2.jclic.js"/>
   <file href="letrero_de_informacion-resized.jpg"/>
   <file href="papaya.mp3"/>
   <file href="passion_fruit.mp3"/>
   <file href="plum.mp3"/>
   <file href="project-cover.jpg"/>
   <file href="project-thumb.jpg"/>
   <file href="project.json"/>
   <file href="raspberry.mp3"/>
  </resource>
 </resources>
</manifest>