[{"rType":"asset","rSubType":"image","fileName":"park-4964671__340.jpg","fileSize":46538,"aid":"E9RVj7DL-C","val":"mc-4b6cbb5a3088b6fe80eb39447432062a.jpg","size":46538},{"rType":"asset","rSubType":"image","fileName":"TRANSPORTE (12).png","fileSize":951464,"val":"mc-ea4bb0fc1c2d8a94b2a97131bfa859d6.png","aid":"Jh2vmLDkN","size":951464},{"rType":"asset","rSubType":"audio","fileName":"sled.m4a","fileSize":79001,"val":"mc-afd679bb1b80896531bd72be15def282.m4a","aid":"XM2M1AVJz","size":79001},{"rType":"asset","rSubType":"image","fileName":"park-4964671__340.jpg","fileSize":46538,"val":"mc-4b6cbb5a3088b6fe80eb39447432062a.jpg","aid":"YgZFs_8Hfl","size":46538},{"rType":"asset","rSubType":"image","fileName":"trans_8.png","fileSize":63492,"val":"mc-c06b95fce0e0de15bcdc5985aec792d2.png","aid":"TypLH0xKM","size":63492},{"rType":"asset","rSubType":"image","fileName":"TRANSPORTE (9).png","fileSize":946925,"val":"mc-ec94a024ea77ae0baebde08d36b4b935.png","aid":"K1Gl2l16U","size":946925},{"rType":"asset","rSubType":"audio","fileName":"train.m4a","fileSize":75573,"val":"mc-c24959c4c5d692f4bdde39d809c4bc61.m4a","aid":"LpG4L9yBt","size":75573},{"rType":"asset","rSubType":"image","fileName":"trans_13.png","fileSize":40908,"val":"mc-fb07b43b4485b6ea267aeb11d235d960.png","aid":"GkjZGKi_m","size":40908},{"rType":"asset","rSubType":"image","fileName":"TRANSPORTE (6).png","fileSize":845987,"val":"mc-5ad39708ddfad6b2600920c7be3eaab8.png","aid":"Tv7Xj04z7","size":845987},{"rType":"asset","rSubType":"audio","fileName":"bicycle (1).m4a","fileSize":55449,"val":"mc-b8f29437282c5a4643b9fbb05b14ba10.m4a","aid":"xG06GQVZu","size":55449},{"rType":"asset","rSubType":"image","fileName":"TRANSPORTE (5).png","fileSize":1425329,"val":"mc-60f57373a9e64797a38a2304064d5ff7.png","aid":"fGEUVX3rf","size":1425329},{"rType":"asset","rSubType":"audio","fileName":"motorcicle.m4a","fileSize":65689,"val":"mc-efc6b414a62087116244238d4e11460a.m4a","aid":"smCR3qU_8","size":65689},{"rType":"asset","rSubType":"image","fileName":"park-4964671__340.jpg","fileSize":46538,"val":"mc-4b6cbb5a3088b6fe80eb39447432062a.jpg","aid":"bqvh7pJIsI","size":46538},{"rType":"asset","rSubType":"image","fileName":"trans_10.png","fileSize":36086,"val":"mc-67978f12a1073cf5f28bdaa5c9dd7b48.png","aid":"vO41fN0-U","size":36086},{"rType":"asset","rSubType":"image","fileName":"TRANSPORTE (8).png","fileSize":345655,"val":"mc-6adf1f56e31f383bbe12c89a540f7a91.png","aid":"4DUT1lC7O","size":345655},{"rType":"asset","rSubType":"audio","fileName":"truck.m4a","fileSize":59545,"val":"mc-f87c34426280996cff2a09ee655e4be2.m4a","aid":"S60mchYlt","size":59545},{"rType":"asset","rSubType":"image","fileName":"unsplash.jpg","fileSize":0,"val":"mc-2bdf984123efbaf1c6a58561c28ae404.jpg","aid":"p2DsRHLHuL","size":1095400},{"rType":"asset","rSubType":"image","fileName":"park-4964671__340.jpg","fileSize":46538,"aid":"NQaScGQSNXS","val":"mc-4b6cbb5a3088b6fe80eb39447432062a.jpg","size":46538},{"rType":"asset","rSubType":"image","fileName":"trans_7.png","fileSize":268640,"val":"mc-3553ace87532353b30761ec609b49845.png","aid":"R6Ch_dQYO","size":268640},{"rType":"asset","rSubType":"image","fileName":"TRANSPORTE (7).png","fileSize":262611,"val":"mc-bc67198c9c508531f8780efbd0dc377a.png","aid":"OkhD13cvo","size":262611},{"rType":"asset","rSubType":"audio","fileName":"bus.m4a","fileSize":80401,"val":"mc-fe166344a4a3e89bd91ca5b7787c89cf.m4a","aid":"Pw6hw2azh","size":80401},{"rType":"asset","rSubType":"image","fileName":"trans_12.png","fileSize":135869,"val":"mc-2dff136b6275ada1ad53385a45dfbfa8.png","aid":"DLSdUqMDx","size":135869},{"rType":"asset","rSubType":"image","fileName":"trtrans_14.png","fileSize":85384,"val":"mc-1560c15d95ef2baceb017367d5ec31ef.png","aid":"s-Flt7Enp","size":85384},{"rType":"asset","rSubType":"image","fileName":"trans_9.png","fileSize":31077,"val":"mc-3623296b951970d3d64910b146d9745f.png","aid":"3yVN6zPDe","size":31077},{"rType":"asset","rSubType":"image","fileName":"TRANSPORTE (10).png","fileSize":456913,"val":"mc-9b3844801fa25d796f625d9522d2f141.png","aid":"yoO3mycZT","size":456913},{"rType":"asset","rSubType":"audio","fileName":"car.m4a","fileSize":64665,"val":"mc-15c1c389ce0285367417fc2e22990194.m4a","aid":"F2U4ofs9x","size":64665},{"rType":"asset","rSubType":"image","fileName":"TRANSPORTE (11).png","fileSize":1247897,"val":"mc-a27af9d12d9b5b05abfd380be6174681.png","aid":"n8n8LZBnK","size":1247897},{"rType":"asset","rSubType":"audio","fileName":"patrol.m4a","fileSize":74397,"val":"mc-f86f3bf6560f3e620c40d8e5b804692e.m4a","aid":"JMjywxPLR","size":74397},{"rType":"asset","rSubType":"image","fileName":"trans_15.png","fileSize":98919,"val":"mc-27d2bdd62f5e6fded1a90d1ca8893ea8.png","aid":"wYG6hYdND","size":98919}]