{"i":{"fhNm8E5J3":{"id":"fhNm8E5J3","type":"slide","setup":{"bord":{"size":0,"rad":0},"bg":{"selectedKey":"image","fill":{"opac":1,"rgb":"var(--TC3)"},"img":{"filt":{"opac":100,"gray":0,"blur":0,"tint":{"rgb":"#FFF","opac":0}},"pos":{"type":"crop","fit":{"bg":{"color":{"rgb":"#FFF","opac":100}},"vali":"center","hali":"center"},"crop":{"bg":{"color":{"rgb":"#FFF","opac":0}},"poi":{"x":279,"y":169.5}},"mask":{"shape":1}},"measures":{"size":{"width":680,"height":340}},"orig":{"rType":"asset","rSubType":"image","fileName":"park-4964671__340.jpg","fileSize":46538,"aid":"NQaScGQSNXS","val":"mc-4b6cbb5a3088b6fe80eb39447432062a.jpg"}}},"transparentBg":{"selectedKey":false}}},"7_eJUJNEz":{"id":"7_eJUJNEz","type":"interactive","subtype":"interactivePodCast","setup":{"bg":{"selectedKey":"image","fill":{"opac":1,"rgb":"#FFF"},"img":{"filt":{"opac":100,"gray":0,"blur":0,"tint":{"rgb":"#FFF","opac":0}},"pos":{"type":"fit","fit":{"bg":{"color":{"rgb":"#FFF","opac":100}},"vali":"center","hali":"center"},"crop":{"bg":{"color":{"rgb":"#FFF","opac":0}},"poi":{"x":1025,"y":1443}},"mask":{"shape":1}},"measures":{"size":{"width":2245,"height":3179}},"orig":{"rType":"asset","rSubType":"image","fileName":"TRANSPORTE (12).png","fileSize":951464,"val":"mc-ea4bb0fc1c2d8a94b2a97131bfa859d6.png","aid":"Jh2vmLDkN"}}},"audio":{"orig":{"rType":"asset","rSubType":"audio","fileName":"sled.m4a","fileSize":79001,"val":"mc-afd679bb1b80896531bd72be15def282.m4a","aid":"XM2M1AVJz"}}}},"VPrDx2-2Ul":{"id":"VPrDx2-2Ul","type":"interactive","subtype":"interactiveRichText","setup":{"frmeTp":{"selectedKey":"noneFrame"},"bg":{"fill":{"opac":0.2,"rgb":"#FFF"}},"txt":{"val":{"ops":[{"insert":"\n","attributes":{"align":"center","size":"huge"}},{"insert":" ","attributes":{"background":"var(--TC6)","color":"var(--TC14)"}},{"insert":"MEANS OF LAND TRANSPORT ","attributes":{"background":"var(--TC6)","color":"var(--TC14)","bold":true}},{"insert":"\n\n","attributes":{"align":"center","size":"huge"}}]},"rType":"richtext"},"vali":"middle","hali":""}},"imDS0rNuB":{"id":"imDS0rNuB","type":"interactive","subtype":"interactivePodCast","setup":{"bg":{"selectedKey":"image","fill":{"opac":1,"rgb":"#FFF"},"img":{"filt":{"opac":100,"gray":0,"blur":0,"tint":{"rgb":"#FFF","opac":0}},"pos":{"type":"fit","fit":{"bg":{"color":{"rgb":"#FFF","opac":100}},"vali":"center","hali":"center"},"crop":{"bg":{"color":{"rgb":"#FFF","opac":0}},"poi":{"x":1122.5,"y":1600.5}},"mask":{"shape":1}},"measures":{"size":{"width":2245,"height":3179}},"orig":{"rType":"asset","rSubType":"image","fileName":"TRANSPORTE (9).png","fileSize":946925,"val":"mc-ec94a024ea77ae0baebde08d36b4b935.png","aid":"K1Gl2l16U"}}},"audio":{"orig":{"rType":"asset","rSubType":"audio","fileName":"train.m4a","fileSize":75573,"val":"mc-c24959c4c5d692f4bdde39d809c4bc61.m4a","aid":"LpG4L9yBt"}}}},"6_v1ZVwor":{"id":"6_v1ZVwor","type":"interactive","subtype":"interactivePodCast","setup":{"bg":{"selectedKey":"image","fill":{"opac":1,"rgb":"#FFF"},"img":{"filt":{"opac":100,"gray":0,"blur":0,"tint":{"rgb":"#FFF","opac":0}},"pos":{"type":"fit","fit":{"bg":{"color":{"rgb":"#FFF","opac":100}},"vali":"center","hali":"center"},"crop":{"bg":{"color":{"rgb":"#FFF","opac":0}},"poi":{"x":1122.5,"y":1393.5}},"mask":{"shape":1}},"measures":{"size":{"width":2245,"height":3179}},"orig":{"rType":"asset","rSubType":"image","fileName":"TRANSPORTE (10).png","fileSize":456913,"val":"mc-9b3844801fa25d796f625d9522d2f141.png","aid":"yoO3mycZT"}}},"audio":{"orig":{"rType":"asset","rSubType":"audio","fileName":"car.m4a","fileSize":64665,"val":"mc-15c1c389ce0285367417fc2e22990194.m4a","aid":"F2U4ofs9x"}}}},"Xb6_dvLsg":{"id":"Xb6_dvLsg","type":"interactive","subtype":"interactivePodCast","setup":{"bg":{"selectedKey":"image","fill":{"opac":1,"rgb":"#FFF"},"img":{"filt":{"opac":100,"gray":0,"blur":0,"tint":{"rgb":"#FFF","opac":0}},"pos":{"type":"fit","fit":{"bg":{"color":{"rgb":"#FFF","opac":100}},"vali":"center","hali":"center"},"crop":{"bg":{"color":{"rgb":"#FFF","opac":0}},"poi":{"x":1122.5,"y":1600.5}},"mask":{"shape":1}},"measures":{"size":{"width":2245,"height":3179}},"orig":{"rType":"asset","rSubType":"image","fileName":"TRANSPORTE (11).png","fileSize":1247897,"val":"mc-a27af9d12d9b5b05abfd380be6174681.png","aid":"n8n8LZBnK"}}},"audio":{"orig":{"rType":"asset","rSubType":"audio","fileName":"patrol.m4a","fileSize":74397,"val":"mc-f86f3bf6560f3e620c40d8e5b804692e.m4a","aid":"JMjywxPLR"}}}}},"v":"1"}