{"i":{"uFlryA0bQ":{"id":"uFlryA0bQ","type":"slide","setup":{"bord":{"size":0,"rad":0},"bg":{"selectedKey":"image","fill":{"opac":1,"rgb":"var(--TC3)"},"img":{"filt":{"opac":100,"gray":0,"blur":0,"tint":{"rgb":"#FFF","opac":0}},"pos":{"type":"crop","fit":{"bg":{"color":{"rgb":"#FFF","opac":100}},"vali":"center","hali":"center"},"crop":{"bg":{"color":{"rgb":"#FFF","opac":0}},"poi":{"x":279,"y":169.5}},"mask":{"shape":1}},"measures":{"size":{"width":680,"height":340}},"orig":{"rType":"asset","rSubType":"image","fileName":"park-4964671__340.jpg","fileSize":46538,"aid":"E9RVj7DL-C","val":"mc-4b6cbb5a3088b6fe80eb39447432062a.jpg"}}},"transparentBg":{"selectedKey":false}}},"bayTBh-SL":{"id":"bayTBh-SL","type":"interactive","subtype":"interactivePodCast","setup":{"bg":{"selectedKey":"image","fill":{"opac":1,"rgb":"#FFF"},"img":{"filt":{"opac":100,"gray":0,"blur":0,"tint":{"rgb":"#FFF","opac":0}},"pos":{"type":"fit","fit":{"bg":{"color":{"rgb":"#FFF","opac":100}},"vali":"center","hali":"center"},"crop":{"bg":{"color":{"rgb":"#FFF","opac":0}},"poi":{"x":1122.5,"y":1531.5}},"mask":{"shape":1}},"measures":{"size":{"width":2245,"height":3179}},"orig":{"rType":"asset","rSubType":"image","fileName":"TRANSPORTE (6).png","fileSize":845987,"val":"mc-5ad39708ddfad6b2600920c7be3eaab8.png","aid":"Tv7Xj04z7"}}},"audio":{"orig":{"rType":"asset","rSubType":"audio","fileName":"bicycle (1).m4a","fileSize":55449,"val":"mc-b8f29437282c5a4643b9fbb05b14ba10.m4a","aid":"xG06GQVZu"}}}},"qF0zAQjze":{"id":"qF0zAQjze","type":"interactive","subtype":"interactivePodCast","setup":{"bg":{"selectedKey":"image","fill":{"opac":1,"rgb":"#FFF"},"img":{"filt":{"opac":100,"gray":0,"blur":0,"tint":{"rgb":"#FFF","opac":0}},"pos":{"type":"fit","fit":{"bg":{"color":{"rgb":"#FFF","opac":100}},"vali":"center","hali":"center"},"crop":{"bg":{"color":{"rgb":"#FFF","opac":0}},"poi":{"x":1000,"y":1626}},"mask":{"shape":1}},"measures":{"size":{"width":2245,"height":3179}},"orig":{"rType":"asset","rSubType":"image","fileName":"TRANSPORTE (5).png","fileSize":1425329,"val":"mc-60f57373a9e64797a38a2304064d5ff7.png","aid":"fGEUVX3rf"}}},"audio":{"orig":{"rType":"asset","rSubType":"audio","fileName":"motorcicle.m4a","fileSize":65689,"val":"mc-efc6b414a62087116244238d4e11460a.m4a","aid":"smCR3qU_8"}}}},"J0DuDYvty":{"id":"J0DuDYvty","type":"interactive","subtype":"interactivePodCast","setup":{"bg":{"selectedKey":"image","fill":{"opac":1,"rgb":"#FFF"},"img":{"filt":{"opac":100,"gray":0,"blur":0,"tint":{"rgb":"#FFF","opac":0}},"pos":{"type":"fit","fit":{"bg":{"color":{"rgb":"#FFF","opac":100}},"vali":"center","hali":"center"},"crop":{"bg":{"color":{"rgb":"#FFF","opac":0}},"poi":{"x":1122.5,"y":1531.5}},"mask":{"shape":1}},"measures":{"size":{"width":2245,"height":3179}},"orig":{"rType":"asset","rSubType":"image","fileName":"TRANSPORTE (8).png","fileSize":345655,"val":"mc-6adf1f56e31f383bbe12c89a540f7a91.png","aid":"4DUT1lC7O"}}},"audio":{"orig":{"rType":"asset","rSubType":"audio","fileName":"truck.m4a","fileSize":59545,"val":"mc-f87c34426280996cff2a09ee655e4be2.m4a","aid":"S60mchYlt"}}}},"VgpybHKP3c":{"id":"VgpybHKP3c","type":"interactive","subtype":"interactiveRichText","setup":{"frmeTp":{"selectedKey":"noneFrame"},"bg":{"fill":{"opac":0.2,"rgb":"#FFF"}},"txt":{"val":{"ops":[{"insert":"\n","attributes":{"size":"huge","align":"center"}},{"insert":" ","attributes":{"background":"var(--TC6)","color":"var(--TC14)"}},{"insert":"MEANS OF LAND TRANSPORT ","attributes":{"background":"var(--TC6)","color":"var(--TC14)","bold":true}},{"insert":"\n","attributes":{"align":"center","size":"huge"}},{"insert":"\n"},{"insert":"\n","attributes":{"align":"center","size":"huge"}}]},"rType":"richtext"},"vali":"top","hali":""}},"qntGaySAK":{"id":"qntGaySAK","type":"interactive","subtype":"interactivePodCast","setup":{"bg":{"selectedKey":"image","fill":{"opac":1,"rgb":"#FFF"},"img":{"filt":{"opac":100,"gray":0,"blur":0,"tint":{"rgb":"#FFF","opac":0}},"pos":{"type":"fit","fit":{"bg":{"color":{"rgb":"#FFF","opac":100}},"vali":"center","hali":"center"},"crop":{"bg":{"color":{"rgb":"#FFF","opac":0}},"poi":{"x":1147,"y":1479}},"mask":{"shape":1}},"measures":{"size":{"width":2245,"height":3179}},"orig":{"rType":"asset","rSubType":"image","fileName":"TRANSPORTE (7).png","fileSize":262611,"val":"mc-bc67198c9c508531f8780efbd0dc377a.png","aid":"OkhD13cvo"}}},"audio":{"orig":{"rType":"asset","rSubType":"audio","fileName":"bus.m4a","fileSize":80401,"val":"mc-fe166344a4a3e89bd91ca5b7787c89cf.m4a","aid":"Pw6hw2azh"}}}}},"v":"1"}