{"i":{"EnqCTwRerk":{"id":"EnqCTwRerk","type":"slide","setup":{"bg":{"selectedKey":"image","fill":{"opac":1,"rgb":"var(--TC3)"},"img":{"filt":{"opac":100,"gray":0,"blur":0,"tint":{"rgb":"#FFF","opac":0}},"pos":{"type":"crop","fit":{"bg":{"color":{"rgb":"#FFF","opac":100}},"vali":"center","hali":"center"},"crop":{"bg":{"color":{"rgb":"#FFF","opac":0}},"poi":{"x":279,"y":169.5}},"mask":{"shape":1}},"measures":{"size":{"width":680,"height":340}},"orig":{"rType":"asset","rSubType":"image","fileName":"park-4964671__340.jpg","fileSize":46538,"val":"mc-4b6cbb5a3088b6fe80eb39447432062a.jpg","aid":"bqvh7pJIsI"}}},"transparentBg":{"selectedKey":false},"bord":{"size":0,"rad":0}}},"kXA-0Fuyw":{"id":"kXA-0Fuyw","type":"interactive","subtype":"interactiveCard","setup":{"animation":{"selectedKey":"rotateH"},"front":{"selectedKey":"image","fill":{"opac":1,"rgb":"#FFF"},"img":{"filt":{"opac":100,"gray":0,"blur":0,"tint":{"rgb":"#FFF","opac":0}},"pos":{"type":"fit","fit":{"bg":{"color":{"rgb":"#FFF","opac":100}},"vali":"center","hali":"center"},"crop":{"bg":{"color":{"rgb":"#FFF","opac":0}},"poi":{"x":217.5,"y":121.5}},"mask":{"shape":1}},"measures":{"size":{"width":390,"height":244}},"orig":{"rType":"asset","rSubType":"image","fileName":"trans_8.png","fileSize":63492,"val":"mc-c06b95fce0e0de15bcdc5985aec792d2.png","aid":"TypLH0xKM"}},"txt":{"val":{"ops":[{"attributes":{"bold":true,"color":"var(--TC6)"},"insert":"BICICLETA"},{"insert":"\n","attributes":{"size":"large","align":"center"}}]},"rType":"richtext"},"hali":""},"back":{"selectedKey":"fill","fill":{"opac":1,"rgb":"#f94040"},"txt":{"val":{"ops":[{"attributes":{"size":"huge","align":"center"},"insert":"\n\n\n\n"},{"insert":"BICYCLE","attributes":{"bold":true,"background":"transparent","color":"#000000","script":"super"}},{"insert":"\n","attributes":{"size":"huge","align":"center"}}]},"rType":"richtext"},"hali":"","vali":"top"}}},"Uuig5xDCK":{"id":"Uuig5xDCK","type":"interactive","subtype":"interactiveRichText","setup":{"frmeTp":{"selectedKey":"noneFrame"},"bg":{"fill":{"opac":0.2,"rgb":"#FFF"}},"txt":{"val":{"ops":[{"insert":"\n\n","attributes":{"size":"large","align":"center"}},{"insert":" ","attributes":{"background":"var(--TC6)","color":"var(--TC14)"}},{"insert":"MEANS OF LAND TRANSPORT ","attributes":{"background":"var(--TC6)","color":"var(--TC14)","bold":true}},{"insert":"\n","attributes":{"size":"huge","align":"center"}},{"insert":"\n","attributes":{"align":"center"}},{"insert":"\n","attributes":{"align":"center","size":"huge"}}]},"rType":"richtext"},"vali":"middle","hali":""}},"4OrF3wqAp":{"id":"4OrF3wqAp","type":"interactive","subtype":"interactiveCard","setup":{"animation":{"selectedKey":"rotateH"},"front":{"selectedKey":"image","fill":{"opac":1,"rgb":"#f94040"},"img":{"filt":{"opac":100,"gray":0,"blur":0,"tint":{"rgb":"#FFF","opac":0}},"pos":{"type":"fit","fit":{"bg":{"color":{"rgb":"#FFF","opac":100}},"vali":"center","hali":"center"},"crop":{"bg":{"color":{"rgb":"#FFF","opac":0}},"poi":{"x":184.5,"y":105}},"mask":{"shape":1}},"measures":{"size":{"width":365,"height":211}},"orig":{"rType":"asset","rSubType":"image","fileName":"trans_10.png","fileSize":36086,"val":"mc-67978f12a1073cf5f28bdaa5c9dd7b48.png","aid":"vO41fN0-U"}},"txt":{"val":{"ops":[{"insert":"CAMIÓN","attributes":{"bold":true,"color":"var(--TC6)"}},{"insert":"\n","attributes":{"size":"large","align":"center"}}]},"rType":"richtext"},"hali":""},"back":{"selectedKey":"fill","fill":{"opac":1,"rgb":"#f94040"},"txt":{"val":{"ops":[{"attributes":{"size":"huge","align":"center"},"insert":"\n\n\n\n"},{"insert":"TRUCK","attributes":{"script":"super","bold":true,"color":"#000000","background":"transparent"}},{"insert":"\n","attributes":{"align":"center","size":"huge"}}]},"rType":"richtext"},"hali":"","vali":"top"}}},"ICZ7nf9-W":{"id":"ICZ7nf9-W","type":"interactive","subtype":"interactiveCard","setup":{"animation":{"selectedKey":"rotateH"},"front":{"selectedKey":"image","fill":{"opac":1,"rgb":"#FFF"},"img":{"filt":{"opac":100,"gray":0,"blur":0,"tint":{"rgb":"#FFF","opac":0}},"pos":{"type":"fit","fit":{"bg":{"color":{"rgb":"#FFF","opac":100}},"vali":"center","hali":"center"},"crop":{"bg":{"color":{"rgb":"#FFF","opac":0}},"poi":{"x":235.5,"y":159}},"mask":{"shape":1}},"measures":{"size":{"width":564,"height":320}},"orig":{"rType":"asset","rSubType":"image","fileName":"trans_7.png","fileSize":268640,"val":"mc-3553ace87532353b30761ec609b49845.png","aid":"R6Ch_dQYO"}},"txt":{"val":{"ops":[{"insert":"MOTOCICLETA","attributes":{"color":"var(--TC6)","bold":true}},{"insert":"\n","attributes":{"size":"large","align":"center"}}]},"rType":"richtext"},"hali":""},"back":{"selectedKey":"fill","fill":{"opac":1,"rgb":"#f94040"},"txt":{"val":{"ops":[{"insert":"MOTORCYCLE","attributes":{"bold":true,"color":"#000000","background":"transparent"}},{"insert":" ","attributes":{"script":"super","bold":true,"color":"#000000","background":"transparent"}},{"insert":"\n","attributes":{"size":"large","align":"center"}}]},"rType":"richtext"},"hali":"","vali":"middle"}}},"SaxJCQnwN":{"id":"SaxJCQnwN","type":"interactive","subtype":"interactiveCard","setup":{"animation":{"selectedKey":"rotateH"},"front":{"selectedKey":"image","fill":{"opac":1,"rgb":"#FFF"},"img":{"filt":{"opac":100,"gray":0,"blur":0,"tint":{"rgb":"#FFF","opac":0}},"pos":{"type":"fit","fit":{"bg":{"color":{"rgb":"#FFF","opac":100}},"vali":"center","hali":"center"},"crop":{"bg":{"color":{"rgb":"#FFF","opac":0}},"poi":{"x":307.5,"y":88.5}},"mask":{"shape":1}},"measures":{"size":{"width":564,"height":178}},"orig":{"rType":"asset","rSubType":"image","fileName":"trans_9.png","fileSize":31077,"val":"mc-3623296b951970d3d64910b146d9745f.png","aid":"3yVN6zPDe"}},"txt":{"val":{"ops":[{"attributes":{"bold":true,"color":"var(--TC6)"},"insert":"BUS "},{"insert":"\n","attributes":{"size":"large","align":"center"}}]},"rType":"richtext"},"hali":""},"back":{"selectedKey":"fill","fill":{"opac":1,"rgb":"#f94040"},"txt":{"val":{"ops":[{"attributes":{"size":"huge","align":"center"},"insert":"\n\n\n\n"},{"insert":"BUS","attributes":{"script":"super","bold":true,"color":"#000000","background":"transparent"}},{"insert":" ","attributes":{"script":"super","color":"#000000","background":"transparent"}},{"insert":"\n","attributes":{"size":"huge","align":"center"}}]},"rType":"richtext"},"hali":"","vali":"top"}}}},"v":"1"}