{"i":{"Mtu_If9aX":{"id":"Mtu_If9aX","type":"slide","setup":{"bord":{"size":0,"rad":0},"bg":{"selectedKey":"image","fill":{"opac":1,"rgb":"var(--TC3)"},"img":{"filt":{"opac":100,"gray":0,"blur":0,"tint":{"rgb":"#FFF","opac":0}},"pos":{"type":"crop","fit":{"bg":{"color":{"rgb":"#FFF","opac":100}},"vali":"center","hali":"center"},"crop":{"bg":{"color":{"rgb":"#FFF","opac":0}},"poi":{"x":279,"y":169.5}},"mask":{"shape":1}},"measures":{"size":{"width":680,"height":340}},"orig":{"rType":"asset","rSubType":"image","fileName":"park-4964671__340.jpg","fileSize":46538,"val":"mc-4b6cbb5a3088b6fe80eb39447432062a.jpg","aid":"YgZFs_8Hfl"}}},"transparentBg":{"selectedKey":false}}},"pxqMhUPqRa":{"id":"pxqMhUPqRa","type":"interactive","subtype":"interactiveRichText","setup":{"frmeTp":{"selectedKey":"noneFrame"},"bg":{"fill":{"opac":0.2,"rgb":"#FFF"}},"txt":{"val":{"ops":[{"insert":"\n\n","attributes":{"size":"large","align":"center"}},{"insert":" ","attributes":{"background":"var(--TC6)","color":"var(--TC14)"}},{"insert":"MEANS OF LAND TRANSPORT ","attributes":{"background":"var(--TC6)","color":"var(--TC14)","bold":true}},{"insert":"\n","attributes":{"size":"huge","align":"center"}},{"insert":"\n","attributes":{"align":"center"}},{"insert":"\n","attributes":{"align":"center","size":"huge"}}]},"rType":"richtext"},"vali":"middle","hali":""}},"nqDQ_ufbm1":{"id":"nqDQ_ufbm1","type":"interactive","subtype":"interactiveCard","setup":{"animation":{"selectedKey":"rotateH"},"front":{"selectedKey":"image","fill":{"opac":1,"rgb":"#FFF"},"img":{"filt":{"opac":100,"gray":0,"blur":0,"tint":{"rgb":"#FFF","opac":0}},"pos":{"type":"fit","fit":{"bg":{"color":{"rgb":"#FFF","opac":100}},"vali":"center","hali":"center"},"crop":{"bg":{"color":{"rgb":"#FFF","opac":0}},"poi":{"x":237,"y":106.5}},"mask":{"shape":1}},"measures":{"size":{"width":440,"height":213}},"orig":{"rType":"asset","rSubType":"image","fileName":"trans_13.png","fileSize":40908,"val":"mc-fb07b43b4485b6ea267aeb11d235d960.png","aid":"GkjZGKi_m"}},"txt":{"val":{"ops":[{"insert":"CARRO","attributes":{"bold":true,"color":"var(--TC6)"}},{"insert":"\n","attributes":{"size":"large","align":"center"}}]},"rType":"richtext"},"hali":""},"back":{"selectedKey":"fill","fill":{"opac":1,"rgb":"#f94040"},"txt":{"val":{"ops":[{"insert":"CAR ","attributes":{"background":"transparent","color":"#000000","bold":true}},{"insert":"\n","attributes":{"size":"huge","align":"center"}}]},"rType":"richtext"},"hali":"","vali":"middle"}}},"Kwa_0hpvbo":{"id":"Kwa_0hpvbo","type":"interactive","subtype":"interactiveCard","setup":{"animation":{"selectedKey":"rotateH"},"front":{"selectedKey":"image","fill":{"opac":1,"rgb":"#FFF"},"img":{"filt":{"opac":100,"gray":0,"blur":0,"tint":{"rgb":"#FFF","opac":0}},"pos":{"type":"fit","fit":{"bg":{"color":{"rgb":"#FFF","opac":100}},"vali":"center","hali":"center"},"crop":{"bg":{"color":{"rgb":"#FFF","opac":0}},"poi":{"x":217.5,"y":166.5}},"mask":{"shape":1}},"measures":{"size":{"width":391,"height":333}},"orig":{"rType":"asset","rSubType":"image","fileName":"trans_12.png","fileSize":135869,"val":"mc-2dff136b6275ada1ad53385a45dfbfa8.png","aid":"DLSdUqMDx"}},"txt":{"val":{"ops":[{"insert":"TREN","attributes":{"bold":true,"color":"var(--TC6)","background":"transparent"}},{"insert":"\n","attributes":{"size":"large","align":"center"}}]},"rType":"richtext"},"hali":""},"back":{"selectedKey":"fill","fill":{"opac":1,"rgb":"#f94040"},"txt":{"val":{"ops":[{"insert":"TRAIN","attributes":{"bold":true,"color":"#000000","background":"transparent"}},{"insert":" ","attributes":{"color":"#000000","background":"transparent"}},{"insert":"\n","attributes":{"size":"huge","align":"center"}}]},"rType":"richtext"},"hali":"","vali":"middle"}}},"wOCEzFoNA2":{"id":"wOCEzFoNA2","type":"interactive","subtype":"interactiveCard","setup":{"animation":{"selectedKey":"rotateH"},"front":{"selectedKey":"image","fill":{"opac":1,"rgb":"#FFF"},"img":{"filt":{"opac":100,"gray":0,"blur":0,"tint":{"rgb":"#FFF","opac":0}},"pos":{"type":"fit","fit":{"bg":{"color":{"rgb":"#FFF","opac":100}},"vali":"center","hali":"center"},"crop":{"bg":{"color":{"rgb":"#FFF","opac":0}},"poi":{"x":216,"y":127.5}},"mask":{"shape":1}},"measures":{"size":{"width":385,"height":257}},"orig":{"rType":"asset","rSubType":"image","fileName":"trtrans_14.png","fileSize":85384,"val":"mc-1560c15d95ef2baceb017367d5ec31ef.png","aid":"s-Flt7Enp"}},"txt":{"val":{"ops":[{"insert":"TRINEO","attributes":{"bold":true,"color":"var(--TC6)"}},{"insert":"\n","attributes":{"size":"large","align":"center"}}]},"rType":"richtext"},"hali":""},"back":{"selectedKey":"fill","fill":{"opac":1,"rgb":"#f94040"},"txt":{"val":{"ops":[{"insert":"SLED ","attributes":{"bold":true,"color":"#000000","background":"transparent"}},{"insert":"\n","attributes":{"size":"huge","align":"center"}}]},"rType":"richtext"},"hali":"","vali":"middle"}}},"0FzXR13TP":{"id":"0FzXR13TP","type":"interactive","subtype":"interactiveCard","setup":{"animation":{"selectedKey":"rotateH"},"front":{"selectedKey":"image","fill":{"opac":1,"rgb":"#FFF"},"img":{"filt":{"opac":100,"gray":0,"blur":0,"tint":{"rgb":"#FFF","opac":0}},"pos":{"type":"fit","fit":{"bg":{"color":{"rgb":"#FFF","opac":100}},"vali":"center","hali":"center"},"crop":{"bg":{"color":{"rgb":"#FFF","opac":0}},"poi":{"x":211.5,"y":94.5}},"mask":{"shape":1}},"measures":{"size":{"width":374,"height":191}},"orig":{"rType":"asset","rSubType":"image","fileName":"trans_15.png","fileSize":98919,"val":"mc-27d2bdd62f5e6fded1a90d1ca8893ea8.png","aid":"wYG6hYdND"}},"txt":{"val":{"ops":[{"insert":"PATRULLA","attributes":{"bold":true,"color":"var(--TC6)"}},{"insert":"\n","attributes":{"align":"center","size":"large"}}]},"rType":"richtext"},"hali":""},"back":{"selectedKey":"fill","fill":{"opac":1,"rgb":"#f94040"},"txt":{"val":{"ops":[{"insert":"PATROL","attributes":{"color":"var(--TC2)","bold":true,"background":"transparent"}},{"insert":"\n","attributes":{"size":"huge","align":"center"}}]},"rType":"richtext"},"hali":"","vali":"middle"}}}},"v":"1"}