[{"rType":"asset","rSubType":"image","fileName":"meses (11).png","fileSize":534654,"val":"mc-b1c35ce1897130a6a0e2163e613746ca.png","aid":"ygd0nPdOZ","size":534654},{"rType":"asset","rSubType":"audio","fileName":"20.9september.mp3","fileSize":52641,"val":"mc-72fd7c82e07476b7b94364691fc472ef.mp3","aid":"I66I_IydJ","size":52641},{"rType":"asset","rSubType":"audio","fileName":"19.5saturday.mp3","fileSize":40569,"val":"mc-c3f457ed162ee6fff33207943d0db8f4.mp3","aid":"YZvtSt8DID","size":40569},{"rType":"asset","rSubType":"image","fileName":"meses(12).png","fileSize":470929,"val":"mc-f9f9f67647a76435c5e028c87bb36fdf.png","aid":"CzEwrThEC","size":470929},{"rType":"asset","rSubType":"audio","fileName":"20.5may.mp3","fileSize":22521,"val":"mc-304ae35a2fad2c22a86e7c0e17298163.mp3","aid":"STVSBSTJG","size":22521},{"rType":"asset","rSubType":"image","fileName":"meses (9).png","fileSize":540840,"val":"mc-7450ac003a01487a992143e9499f30cd.png","aid":"rOycRImU2","size":540840},{"rType":"asset","rSubType":"audio","fileName":"20.7july.mp3","fileSize":31401,"val":"mc-30ed6fa952cfa7a2e5e04f07e254036f.mp3","aid":"gI9EIcQ7N","size":31401},{"rType":"asset","rSubType":"image","fileName":"meses (5).png","fileSize":541578,"val":"mc-df84095af49fca2501de7db7e132ed75.png","aid":"SoEh3ADc6","size":541578},{"rType":"asset","rSubType":"audio","fileName":"20.10october.mp3","fileSize":29337,"val":"mc-f3d6fbe08fa3a162d1f8663be3b82fc3.mp3","aid":"A6dYpDwoK","size":29337},{"rType":"asset","rSubType":"image","fileName":"portada iseazy(3).png","fileSize":87173,"val":"mc-4a4700058e630ef97dfbdcbde764d45b.png","aid":"MkhyXuf5f","size":87173},{"rType":"asset","rSubType":"image","fileName":"unsplash.jpg","fileSize":0,"val":"mc-2bdf984123efbaf1c6a58561c28ae404.jpg","aid":"tqTmyr17Lu","size":1095400},{"rType":"asset","rSubType":"audio","fileName":"19.5saturday.mp3","fileSize":40569,"val":"mc-c3f457ed162ee6fff33207943d0db8f4.mp3","aid":"GtOzHjgYDv","size":40569},{"rType":"asset","rSubType":"image","fileName":"meses(3).png","fileSize":505746,"val":"mc-5a1b6e80b47e46ed2c48cfd1c3cac2b5.png","aid":"9m__aVp2Q","size":505746},{"rType":"asset","rSubType":"audio","fileName":"20.1january.mp3","fileSize":34017,"val":"mc-761a78e2d4085602c330d0cc8c96b3df.mp3","aid":"Ng9d4U1LV","size":34017},{"rType":"asset","rSubType":"image","fileName":"meses (7).png","fileSize":689383,"val":"mc-84dc6f62c145cb679b9fb76a993be2b9.png","aid":"_ZOBxddyW","size":689383},{"rType":"asset","rSubType":"audio","fileName":"20.12december.mp3","fileSize":32889,"val":"mc-05a2aff9cbb6c7e9d7ef27c2f18c6305.mp3","aid":"z4YaJ6AnA","size":32889},{"rType":"asset","rSubType":"image","fileName":"meses(1).png","fileSize":534368,"val":"mc-ae0578e5bd4752277a8eb2cc05064806.png","aid":"ZhzDO5n-W","size":534368},{"rType":"asset","rSubType":"audio","fileName":"20.3march.mp3","fileSize":27849,"val":"mc-3bf89698f87ba7e03dbcc87648c425fd.mp3","aid":"Xh-rPT2XE","size":27849},{"rType":"asset","rSubType":"image","fileName":"meses (6).png","fileSize":498237,"val":"mc-9b15ad196f3fb5121d3f7b69259f7e6c.png","aid":"DHNN7fJ5y","size":498237},{"rType":"asset","rSubType":"audio","fileName":"20.11november.mp3","fileSize":37209,"val":"mc-b04bfa55da47588c5a593e8f5f22d9fc.mp3","aid":"mpmmtPFXC","size":37209},{"rType":"asset","rSubType":"audio","fileName":"19.5saturday.mp3","fileSize":40569,"val":"mc-c3f457ed162ee6fff33207943d0db8f4.mp3","aid":"qM75bn-1ly","size":40569},{"rType":"asset","rSubType":"image","fileName":"meses (10).png","fileSize":551487,"val":"mc-17d8a74b104f85627d2df976df4f332c.png","aid":"Sn_h3Og2z","size":551487},{"rType":"asset","rSubType":"audio","fileName":"20.8august.mp3","fileSize":36345,"val":"mc-5184ee8fd3239d4417e8f5df96e7dddb.mp3","aid":"1L6tjBdS8","size":36345},{"rType":"asset","rSubType":"image","fileName":"meses(4).png","fileSize":676328,"val":"mc-93cf07da3858ddc50f0b461c39464ad8.png","aid":"WZF_ETCiH","size":676328},{"rType":"asset","rSubType":"audio","fileName":"20.4april.mp3","fileSize":26889,"val":"mc-43611bc333a819e8afeda67cda0e7c00.mp3","aid":"cQ8YldG6I","size":26889},{"rType":"asset","rSubType":"image","fileName":"meses(2).png","fileSize":495143,"val":"mc-effb6380e119194cc4ca4ddb279c558c.png","aid":"7sWj7WV9e","size":495143},{"rType":"asset","rSubType":"audio","fileName":"20.2february.mp3","fileSize":29433,"val":"mc-42d2fe5c77f1ee2cbe7df916fb8f9231.mp3","aid":"idQmk0O_v","size":29433},{"rType":"asset","rSubType":"image","fileName":"meses (8).png","fileSize":809952,"val":"mc-c38106cd51eddfc0a14346a9379dd739.png","aid":"eLy7Rxllb","size":809952},{"rType":"asset","rSubType":"audio","fileName":"20.6june.mp3","fileSize":27177,"val":"mc-b3cc0c752ea92c289e0138d6c7ce2836.mp3","aid":"tRW4pw350","size":27177},{"rType":"asset","rSubType":"audio","fileName":"19.5saturday.mp3","fileSize":40569,"val":"mc-c3f457ed162ee6fff33207943d0db8f4.mp3","aid":"UBq9ljRxnT","size":40569}]