{"i":{"WVXX5mnQFW":{"id":"WVXX5mnQFW","type":"slide","setup":{"bord":{"size":10,"rad":10},"bg":{"selectedKey":"fill","fill":{"opac":1,"rgb":"#fe860d"}},"transparentBg":{"selectedKey":false}}},"1lnO3danE":{"id":"1lnO3danE","type":"interactive","subtype":"interactivePodCast","setup":{"bg":{"selectedKey":"image","fill":{"opac":1,"rgb":"#FFF"},"img":{"filt":{"opac":100,"gray":0,"blur":0,"tint":{"rgb":"#FFF","opac":0}},"pos":{"type":"fit","fit":{"bg":{"color":{"rgb":"#FFF","opac":100}},"vali":"center","hali":"center"},"crop":{"bg":{"color":{"rgb":"#FFF","opac":0}},"poi":{"x":707,"y":1486.5}},"mask":{"shape":1}},"measures":{"size":{"width":1414,"height":2000}},"orig":{"rType":"asset","rSubType":"image","fileName":"meses(12).png","fileSize":470929,"val":"mc-f9f9f67647a76435c5e028c87bb36fdf.png","aid":"CzEwrThEC"}}},"audio":{"orig":{"rType":"asset","rSubType":"audio","fileName":"20.5may.mp3","fileSize":22521,"val":"mc-304ae35a2fad2c22a86e7c0e17298163.mp3","aid":"STVSBSTJG"}}}},"z8Y-ul8do":{"id":"z8Y-ul8do","type":"interactive","subtype":"interactivePodCast","setup":{"bg":{"selectedKey":"image","fill":{"opac":1,"rgb":"#FFF"},"img":{"filt":{"opac":100,"gray":0,"blur":0,"tint":{"rgb":"#FFF","opac":0}},"pos":{"type":"fit","fit":{"bg":{"color":{"rgb":"#FFF","opac":100}},"vali":"center","hali":"center"},"crop":{"bg":{"color":{"rgb":"#FFF","opac":0}},"poi":{"x":707,"y":1486.5}},"mask":{"shape":1}},"measures":{"size":{"width":1414,"height":2000}},"orig":{"rType":"asset","rSubType":"image","fileName":"meses(4).png","fileSize":676328,"val":"mc-93cf07da3858ddc50f0b461c39464ad8.png","aid":"WZF_ETCiH"}}},"audio":{"orig":{"rType":"asset","rSubType":"audio","fileName":"20.4april.mp3","fileSize":26889,"val":"mc-43611bc333a819e8afeda67cda0e7c00.mp3","aid":"cQ8YldG6I"}}}},"IXudBo-0M":{"id":"IXudBo-0M","type":"interactive","subtype":"interactivePodCast","setup":{"bg":{"selectedKey":"image","fill":{"opac":1,"rgb":"#FFF"},"img":{"filt":{"opac":100,"gray":0,"blur":0,"tint":{"rgb":"#FFF","opac":0}},"pos":{"type":"fit","fit":{"bg":{"color":{"rgb":"var(--TC3)","opac":1}},"vali":"center","hali":"center"},"crop":{"bg":{"color":{"rgb":"#FFF","opac":0}},"poi":{"x":707,"y":964.5}},"mask":{"shape":1}},"measures":{"size":{"width":1414,"height":2000}},"orig":{"rType":"asset","rSubType":"image","fileName":"meses (8).png","fileSize":809952,"val":"mc-c38106cd51eddfc0a14346a9379dd739.png","aid":"eLy7Rxllb"}}},"audio":{"orig":{"rType":"asset","rSubType":"audio","fileName":"20.6june.mp3","fileSize":27177,"val":"mc-b3cc0c752ea92c289e0138d6c7ce2836.mp3","aid":"tRW4pw350"}}}},"1uDEWvt5D":{"id":"1uDEWvt5D","type":"interactive","subtype":"interactiveRichText","setup":{"frmeTp":{"selectedKey":"noneFrame"},"bg":{"fill":{"opac":0,"rgb":"#fe860d"}},"hali":"","txt":{"val":{"ops":[{"insert":"\n","attributes":{"align":"center","size":"giant"}},{"insert":"MONTHS OF THE YEAR","attributes":{"bold":true,"script":"super","color":"var(--TC2)","background":"transparent"}},{"insert":"\n","attributes":{"size":"giant","align":"center"}}]},"rType":"richtext"},"vali":"middle","audio":{"orig":{"rType":"asset","rSubType":"audio","fileName":"19.5saturday.mp3","fileSize":40569,"val":"mc-c3f457ed162ee6fff33207943d0db8f4.mp3","aid":"UBq9ljRxnT"}}}}},"v":"1"}