{"i":{"OmUaA9-SF":{"id":"OmUaA9-SF","type":"slide","setup":{"bord":{"size":10,"rad":10},"bg":{"selectedKey":"fill","fill":{"opac":1,"rgb":"#ff0000"}},"transparentBg":{"selectedKey":false}}},"2frPP5Pv6Y":{"id":"2frPP5Pv6Y","type":"interactive","subtype":"interactivePodCast","setup":{"bg":{"selectedKey":"image","fill":{"opac":1,"rgb":"#FFF"},"img":{"filt":{"opac":100,"gray":0,"blur":0,"tint":{"rgb":"#FFF","opac":0}},"pos":{"type":"fit","fit":{"bg":{"color":{"rgb":"var(--TC3)","opac":1}},"vali":"center","hali":"center"},"crop":{"bg":{"color":{"rgb":"#FFF","opac":0}},"poi":{"x":707,"y":1138.5}},"mask":{"shape":1}},"measures":{"size":{"width":1414,"height":2000}},"orig":{"rType":"asset","rSubType":"image","fileName":"meses (11).png","fileSize":534654,"val":"mc-b1c35ce1897130a6a0e2163e613746ca.png","aid":"ygd0nPdOZ"}}},"audio":{"orig":{"rType":"asset","rSubType":"audio","fileName":"20.9september.mp3","fileSize":52641,"val":"mc-72fd7c82e07476b7b94364691fc472ef.mp3","aid":"I66I_IydJ"}}}},"ToHAiCnfL2":{"id":"ToHAiCnfL2","type":"interactive","subtype":"interactivePodCast","setup":{"bg":{"selectedKey":"image","fill":{"opac":1,"rgb":"#FFF"},"img":{"filt":{"opac":100,"gray":0,"blur":0,"tint":{"rgb":"#FFF","opac":0}},"pos":{"type":"fit","fit":{"bg":{"color":{"rgb":"#FFF","opac":100}},"vali":"center","hali":"center"},"crop":{"bg":{"color":{"rgb":"#FFF","opac":0}},"poi":{"x":707,"y":1486.5}},"mask":{"shape":1}},"measures":{"size":{"width":1414,"height":2000}},"orig":{"rType":"asset","rSubType":"image","fileName":"meses (9).png","fileSize":540840,"val":"mc-7450ac003a01487a992143e9499f30cd.png","aid":"rOycRImU2"}}},"audio":{"orig":{"rType":"asset","rSubType":"audio","fileName":"20.7july.mp3","fileSize":31401,"val":"mc-30ed6fa952cfa7a2e5e04f07e254036f.mp3","aid":"gI9EIcQ7N"}}}},"T-Czsv1cXC":{"id":"T-Czsv1cXC","type":"interactive","subtype":"interactiveRichText","setup":{"frmeTp":{"selectedKey":"noneFrame"},"bg":{"fill":{"opac":0,"rgb":"#fe860d"}},"hali":"","txt":{"val":{"ops":[{"insert":"\n","attributes":{"align":"center","size":"giant"}},{"insert":"MONTHS OF THE YEAR","attributes":{"script":"super","bold":true,"color":"var(--TC2)","background":"transparent"}},{"insert":"\n","attributes":{"size":"giant","align":"center"}}]},"rType":"richtext"},"vali":"middle","audio":{"orig":{"rType":"asset","rSubType":"audio","fileName":"19.5saturday.mp3","fileSize":40569,"val":"mc-c3f457ed162ee6fff33207943d0db8f4.mp3","aid":"GtOzHjgYDv"}}}},"TDOimk5XER":{"id":"TDOimk5XER","type":"interactive","subtype":"interactivePodCast","setup":{"bg":{"selectedKey":"image","fill":{"opac":1,"rgb":"#FFF"},"img":{"filt":{"opac":100,"gray":0,"blur":0,"tint":{"rgb":"#FFF","opac":0}},"pos":{"type":"fit","fit":{"bg":{"color":{"rgb":"#FFF","opac":100}},"vali":"center","hali":"center"},"crop":{"bg":{"color":{"rgb":"#FFF","opac":0}},"poi":{"x":707,"y":1486.5}},"mask":{"shape":1}},"measures":{"size":{"width":1414,"height":2000}},"orig":{"rType":"asset","rSubType":"image","fileName":"meses (10).png","fileSize":551487,"val":"mc-17d8a74b104f85627d2df976df4f332c.png","aid":"Sn_h3Og2z"}}},"audio":{"orig":{"rType":"asset","rSubType":"audio","fileName":"20.8august.mp3","fileSize":36345,"val":"mc-5184ee8fd3239d4417e8f5df96e7dddb.mp3","aid":"1L6tjBdS8"}}}}},"v":"1"}