{"i":{"kN-C7ZnC1":{"id":"kN-C7ZnC1","type":"slide","setup":{"bord":{"size":10,"rad":10},"bg":{"selectedKey":"fill","fill":{"opac":1,"rgb":"#ffff00"}},"transparentBg":{"selectedKey":false}}},"vTTfwSuvx7":{"id":"vTTfwSuvx7","type":"interactive","subtype":"interactivePodCast","setup":{"bg":{"selectedKey":"image","fill":{"opac":1,"rgb":"#FFF"},"img":{"filt":{"opac":100,"gray":0,"blur":0,"tint":{"rgb":"#FFF","opac":0}},"pos":{"type":"fit","fit":{"bg":{"color":{"rgb":"#FFF","opac":100}},"vali":"center","hali":"center"},"crop":{"bg":{"color":{"rgb":"#FFF","opac":0}},"poi":{"x":707,"y":877.5}},"mask":{"shape":1}},"measures":{"size":{"width":1414,"height":2000}},"orig":{"rType":"asset","rSubType":"image","fileName":"meses (5).png","fileSize":541578,"val":"mc-df84095af49fca2501de7db7e132ed75.png","aid":"SoEh3ADc6"}}},"audio":{"orig":{"rType":"asset","rSubType":"audio","fileName":"20.10october.mp3","fileSize":29337,"val":"mc-f3d6fbe08fa3a162d1f8663be3b82fc3.mp3","aid":"A6dYpDwoK"}}}},"g3LOwqIQVW":{"id":"g3LOwqIQVW","type":"interactive","subtype":"interactivePodCast","setup":{"bg":{"selectedKey":"image","fill":{"opac":1,"rgb":"#FFF"},"img":{"filt":{"opac":100,"gray":0,"blur":0,"tint":{"rgb":"#FFF","opac":0}},"pos":{"type":"fit","fit":{"bg":{"color":{"rgb":"var(--TC3)","opac":1}},"vali":"center","hali":"center"},"crop":{"bg":{"color":{"rgb":"#FFF","opac":0}},"poi":{"x":707,"y":1095.5}},"mask":{"shape":1}},"measures":{"size":{"width":1414,"height":2000}},"orig":{"rType":"asset","rSubType":"image","fileName":"meses (7).png","fileSize":689383,"val":"mc-84dc6f62c145cb679b9fb76a993be2b9.png","aid":"_ZOBxddyW"}}},"audio":{"orig":{"rType":"asset","rSubType":"audio","fileName":"20.12december.mp3","fileSize":32889,"val":"mc-05a2aff9cbb6c7e9d7ef27c2f18c6305.mp3","aid":"z4YaJ6AnA"}}}},"_4ZBWk2vFg":{"id":"_4ZBWk2vFg","type":"interactive","subtype":"interactivePodCast","setup":{"bg":{"selectedKey":"image","fill":{"opac":1,"rgb":"#FFF"},"img":{"filt":{"opac":100,"gray":0,"blur":0,"tint":{"rgb":"#FFF","opac":0}},"pos":{"type":"fit","fit":{"bg":{"color":{"rgb":"#FFF","opac":100}},"vali":"center","hali":"center"},"crop":{"bg":{"color":{"rgb":"#FFF","opac":0}},"poi":{"x":707,"y":1269.5}},"mask":{"shape":1}},"measures":{"size":{"width":1414,"height":2000}},"orig":{"rType":"asset","rSubType":"image","fileName":"meses (6).png","fileSize":498237,"val":"mc-9b15ad196f3fb5121d3f7b69259f7e6c.png","aid":"DHNN7fJ5y"}}},"audio":{"orig":{"rType":"asset","rSubType":"audio","fileName":"20.11november.mp3","fileSize":37209,"val":"mc-b04bfa55da47588c5a593e8f5f22d9fc.mp3","aid":"mpmmtPFXC"}}}},"M-AiEqIgoU":{"id":"M-AiEqIgoU","type":"interactive","subtype":"interactiveRichText","setup":{"frmeTp":{"selectedKey":"noneFrame"},"bg":{"fill":{"opac":0,"rgb":"#fe860d"}},"hali":"","txt":{"val":{"ops":[{"insert":"\n","attributes":{"align":"center","size":"giant"}},{"insert":"MONTHS OF THE YEAR","attributes":{"script":"super","bold":true,"color":"var(--TC2)","background":"transparent"}},{"insert":"\n","attributes":{"size":"giant","align":"center"}}]},"rType":"richtext"},"vali":"middle","audio":{"orig":{"rType":"asset","rSubType":"audio","fileName":"19.5saturday.mp3","fileSize":40569,"val":"mc-c3f457ed162ee6fff33207943d0db8f4.mp3","aid":"qM75bn-1ly"}}}}},"v":"1"}