{"i":{"t44_rRffv0":{"id":"t44_rRffv0","type":"slide","setup":{"bord":{"size":10,"rad":10},"bg":{"selectedKey":"fill","fill":{"opac":1,"rgb":"#00ff00"}},"transparentBg":{"selectedKey":false}}},"-L6X7UD7UM":{"id":"-L6X7UD7UM","type":"interactive","subtype":"interactiveRichText","setup":{"frmeTp":{"selectedKey":"noneFrame"},"bg":{"fill":{"opac":0,"rgb":"#ff00ff"}},"hali":"","txt":{"val":{"ops":[{"insert":"\n","attributes":{"align":"center","size":"giant"}},{"insert":"MONTHS OF THE YEAR","attributes":{"script":"super","bold":true,"color":"var(--TC2)","background":"transparent"}},{"insert":"\n","attributes":{"size":"giant","align":"center"}}]},"rType":"richtext"},"vali":"middle","audio":{"orig":{"rType":"asset","rSubType":"audio","fileName":"19.5saturday.mp3","fileSize":40569,"val":"mc-c3f457ed162ee6fff33207943d0db8f4.mp3","aid":"YZvtSt8DID"}}}},"PvT_LsU00N":{"id":"PvT_LsU00N","type":"interactive","subtype":"interactivePodCast","setup":{"bg":{"selectedKey":"image","fill":{"opac":1,"rgb":"#FFF"},"img":{"filt":{"opac":100,"gray":0,"blur":0,"tint":{"rgb":"#FFF","opac":0}},"pos":{"type":"fit","fit":{"bg":{"color":{"rgb":"#FFF","opac":100}},"vali":"center","hali":"center"},"crop":{"bg":{"color":{"rgb":"#FFF","opac":0}},"poi":{"x":707,"y":1486.5}},"mask":{"shape":1}},"measures":{"size":{"width":1414,"height":2000}},"orig":{"rType":"asset","rSubType":"image","fileName":"meses(3).png","fileSize":505746,"val":"mc-5a1b6e80b47e46ed2c48cfd1c3cac2b5.png","aid":"9m__aVp2Q"}}},"audio":{"orig":{"rType":"asset","rSubType":"audio","fileName":"20.1january.mp3","fileSize":34017,"val":"mc-761a78e2d4085602c330d0cc8c96b3df.mp3","aid":"Ng9d4U1LV"}}}},"MuLsf7661E":{"id":"MuLsf7661E","type":"interactive","subtype":"interactivePodCast","setup":{"bg":{"selectedKey":"image","fill":{"opac":1,"rgb":"#FFF"},"img":{"filt":{"opac":100,"gray":0,"blur":0,"tint":{"rgb":"#FFF","opac":0}},"pos":{"type":"fit","fit":{"bg":{"color":{"rgb":"var(--TC3)","opac":1}},"vali":"center","hali":"center"},"crop":{"bg":{"color":{"rgb":"#FFF","opac":0}},"poi":{"x":707,"y":1138.5}},"mask":{"shape":1}},"measures":{"size":{"width":1414,"height":2000}},"orig":{"rType":"asset","rSubType":"image","fileName":"meses(1).png","fileSize":534368,"val":"mc-ae0578e5bd4752277a8eb2cc05064806.png","aid":"ZhzDO5n-W"}}},"audio":{"orig":{"rType":"asset","rSubType":"audio","fileName":"20.3march.mp3","fileSize":27849,"val":"mc-3bf89698f87ba7e03dbcc87648c425fd.mp3","aid":"Xh-rPT2XE"}}}},"3N9z-TCu-S":{"id":"3N9z-TCu-S","type":"interactive","subtype":"interactivePodCast","setup":{"bg":{"selectedKey":"image","fill":{"opac":1,"rgb":"#FFF"},"img":{"filt":{"opac":100,"gray":0,"blur":0,"tint":{"rgb":"#FFF","opac":0}},"pos":{"type":"fit","fit":{"bg":{"color":{"rgb":"#FFF","opac":100}},"vali":"center","hali":"center"},"crop":{"bg":{"color":{"rgb":"#FFF","opac":0}},"poi":{"x":707,"y":1486.5}},"mask":{"shape":1}},"measures":{"size":{"width":1414,"height":2000}},"orig":{"rType":"asset","rSubType":"image","fileName":"meses(2).png","fileSize":495143,"val":"mc-effb6380e119194cc4ca4ddb279c558c.png","aid":"7sWj7WV9e"}}},"audio":{"orig":{"rType":"asset","rSubType":"audio","fileName":"20.2february.mp3","fileSize":29433,"val":"mc-42d2fe5c77f1ee2cbe7df916fb8f9231.mp3","aid":"idQmk0O_v"}}}}},"v":"1"}