[{"rType":"asset","rSubType":"image","fileName":"INSTRU.png","fileSize":444198,"val":"mc-a2a18465102b80fe19948d66877d4101.png","aid":"DeJzpq0zp","size":444198},{"rType":"asset","rSubType":"audio","fileName":"drum.m4a","fileSize":52377,"val":"mc-74c16f0f6170d9be8940a45befe20d5b.m4a","aid":"HWRXK50iM","size":52377},{"rType":"asset","rSubType":"image","fileName":"INSTRU (3).png","fileSize":133682,"val":"mc-748d38cf3bfb5c67448622b43f14e3d9.png","aid":"5UQyWN4PS","size":133682},{"rType":"asset","rSubType":"audio","fileName":"flute.m4a","fileSize":72723,"val":"mc-ecfd18ce82d9107fd10b39289bed08fa.m4a","aid":"Ap1o9BjwL","size":72723},{"rType":"asset","rSubType":"image","fileName":"INSTRU (8).png","fileSize":303770,"val":"mc-f2011bff34bb8d002d1ea2fe49349968.png","aid":"-qTNbPAXX","size":303770},{"rType":"asset","rSubType":"audio","fileName":"harp.m4a","fileSize":59545,"val":"mc-137e488cac47ed8972e79ddb494ddde5.m4a","aid":"DZiqfinoY","size":59545},{"rType":"asset","rSubType":"image","fileName":"INSTRU (1).png","fileSize":183147,"val":"mc-44e3e8efe8bd5b9b89fc4ce4e8105ff9.png","aid":"hsFOiyNQC","size":183147},{"rType":"asset","rSubType":"audio","fileName":"piano.m4a","fileSize":62617,"val":"mc-c8803ce2a7ec9561915650960b46f0c8.m4a","aid":"1G94CcSMw","size":62617},{"rType":"asset","rSubType":"image","fileName":"INSTRU (6).png","fileSize":387710,"val":"mc-bff9947a5abdd448cc46afb9880147d8.png","aid":"AMuWAOoTf","size":387710},{"rType":"asset","rSubType":"audio","fileName":"fiddle.m4a","fileSize":58521,"val":"mc-c9d095a47865abef7dc6011423c5371e.m4a","aid":"qCdNLWhHJ","size":58521},{"rType":"asset","rSubType":"image","fileName":"INSTRU (7).png","fileSize":787920,"val":"mc-67334c899da1dabd5f66c9c09f77007c.png","aid":"5uQ5XsF1n","size":787920},{"rType":"asset","rSubType":"audio","fileName":"accordion.m4a","fileSize":71450,"val":"mc-4ee4da74756c0368da34d92ba6f84224.m4a","aid":"1Jll9ZfAU","size":71450},{"rType":"asset","rSubType":"image","fileName":"Diseño sin título (10).png","fileSize":187702,"val":"mc-fece336509ad87f39a6b0c6aefc5e908.png","aid":"OnqFgBJWb","size":187702},{"rType":"asset","rSubType":"image","fileName":"unsplash.jpg","fileSize":0,"val":"mc-2bdf984123efbaf1c6a58561c28ae404.jpg","aid":"c0MXeSyWO7","size":1095400},{"rType":"asset","rSubType":"image","fileName":"INSTRU (4).png","fileSize":502864,"val":"mc-1f7ca2d79cc74b8d4b9d41e40d57a100.png","aid":"Dol62_nAJ","size":502864},{"rType":"asset","rSubType":"audio","fileName":"Trumpet.m4a","fileSize":60569,"val":"mc-853e9d8fa5d83c9488c2fa38313d282a.m4a","aid":"O8CjTbj-b","size":60569},{"rType":"asset","rSubType":"image","fileName":"INSTRU (2).png","fileSize":465585,"val":"mc-8f167aca89f3ad53a0bfd3cce480744c.png","aid":"PZ0ovHkVm","size":465585},{"rType":"asset","rSubType":"audio","fileName":"guitar.m4a","fileSize":66198,"val":"mc-1a5d03145979b32626f8684514ced04c.m4a","aid":"cRn7Pe_h0","size":66198},{"rType":"asset","rSubType":"image","fileName":"INSTRU (5).png","fileSize":287484,"val":"mc-deadcae7da300844e880f88627565fe8.png","aid":"n6y89Rl6R","size":287484},{"rType":"asset","rSubType":"audio","fileName":"xylophone.m4a","fileSize":68772,"val":"mc-a4e68800cb0095b6c1ca165e93cbae92.m4a","aid":"xFbRa95SP","size":68772}]