{"i":{"ZrFgE8aqf":{"id":"ZrFgE8aqf","type":"slide","setup":{"bord":{"size":10,"rad":10},"bg":{"selectedKey":"fill","fill":{"opac":1,"rgb":"#0000ff"}},"transparentBg":{"selectedKey":false}}},"7yjq8u_Nmx":{"id":"7yjq8u_Nmx","type":"interactive","subtype":"interactiveRichText","setup":{"frmeTp":{"selectedKey":"noneFrame"},"bg":{"fill":{"opac":0,"rgb":"#FFF"}},"txt":{"val":{"ops":[{"insert":"\n","attributes":{"size":"giant"}},{"insert":"MUSICAL INSTRUMENTS","attributes":{"color":"var(--TC14)","script":"super","bold":true}},{"insert":"\n","attributes":{"align":"center","size":"giant"}}]},"rType":"richtext"},"vali":"middle","hali":""}},"iYC-1gZML":{"id":"iYC-1gZML","type":"interactive","subtype":"interactivePodCast","setup":{"bg":{"selectedKey":"image","fill":{"opac":1,"rgb":"#FFF"},"img":{"filt":{"opac":100,"gray":0,"blur":0,"tint":{"rgb":"#FFF","opac":0}},"pos":{"type":"fit","fit":{"bg":{"color":{"rgb":"#FFF","opac":100}},"vali":"center","hali":"center"},"crop":{"bg":{"color":{"rgb":"#FFF","opac":0}},"poi":{"x":707,"y":1095.5}},"mask":{"shape":1}},"measures":{"size":{"width":1414,"height":2000}},"orig":{"rType":"asset","rSubType":"image","fileName":"INSTRU (6).png","fileSize":387710,"val":"mc-bff9947a5abdd448cc46afb9880147d8.png","aid":"AMuWAOoTf"}}},"audio":{"orig":{"rType":"asset","rSubType":"audio","fileName":"fiddle.m4a","fileSize":58521,"val":"mc-c9d095a47865abef7dc6011423c5371e.m4a","aid":"qCdNLWhHJ"}}}},"xewYJi9XKR":{"id":"xewYJi9XKR","type":"interactive","subtype":"interactivePodCast","setup":{"bg":{"selectedKey":"image","fill":{"opac":1,"rgb":"#FFF"},"img":{"filt":{"opac":100,"gray":0,"blur":0,"tint":{"rgb":"#FFF","opac":0}},"pos":{"type":"fit","fit":{"bg":{"color":{"rgb":"#FFF","opac":100}},"vali":"center","hali":"center"},"crop":{"bg":{"color":{"rgb":"#FFF","opac":0}},"poi":{"x":707,"y":1486.5}},"mask":{"shape":1}},"measures":{"size":{"width":1414,"height":2000}},"orig":{"rType":"asset","rSubType":"image","fileName":"INSTRU (4).png","fileSize":502864,"val":"mc-1f7ca2d79cc74b8d4b9d41e40d57a100.png","aid":"Dol62_nAJ"}}},"audio":{"orig":{"rType":"asset","rSubType":"audio","fileName":"Trumpet.m4a","fileSize":60569,"val":"mc-853e9d8fa5d83c9488c2fa38313d282a.m4a","aid":"O8CjTbj-b"}}}},"GLsu_nzOB3":{"id":"GLsu_nzOB3","type":"interactive","subtype":"interactivePodCast","setup":{"bg":{"selectedKey":"image","fill":{"opac":1,"rgb":"#FFF"},"img":{"filt":{"opac":100,"gray":0,"blur":0,"tint":{"rgb":"#FFF","opac":0}},"pos":{"type":"fit","fit":{"bg":{"color":{"rgb":"#FFF","opac":100}},"vali":"center","hali":"center"},"crop":{"bg":{"color":{"rgb":"#FFF","opac":0}},"poi":{"x":707,"y":1051.5}},"mask":{"shape":1}},"measures":{"size":{"width":1414,"height":2000}},"orig":{"rType":"asset","rSubType":"image","fileName":"INSTRU (5).png","fileSize":287484,"val":"mc-deadcae7da300844e880f88627565fe8.png","aid":"n6y89Rl6R"}}},"audio":{"orig":{"rType":"asset","rSubType":"audio","fileName":"xylophone.m4a","fileSize":68772,"val":"mc-a4e68800cb0095b6c1ca165e93cbae92.m4a","aid":"xFbRa95SP"}}}}},"v":"1"}