{"i":{"CVeLeTUJTN":{"id":"CVeLeTUJTN","type":"slide","setup":{"bord":{"size":10,"rad":10},"bg":{"selectedKey":"fill","fill":{"opac":1,"rgb":"#ff0000"}},"transparentBg":{"selectedKey":false}}},"FKibcBcll":{"id":"FKibcBcll","type":"interactive","subtype":"interactivePodCast","setup":{"bg":{"selectedKey":"image","fill":{"opac":1,"rgb":"#FFF"},"img":{"filt":{"opac":100,"gray":0,"blur":0,"tint":{"rgb":"#FFF","opac":0}},"pos":{"type":"fit","fit":{"bg":{"color":{"rgb":"#FFF","opac":100}},"vali":"center","hali":"center"},"crop":{"bg":{"color":{"rgb":"#FFF","opac":0}},"poi":{"x":746,"y":962}},"mask":{"shape":1}},"measures":{"size":{"width":1414,"height":2000}},"orig":{"rType":"asset","rSubType":"image","fileName":"INSTRU (3).png","fileSize":133682,"val":"mc-748d38cf3bfb5c67448622b43f14e3d9.png","aid":"5UQyWN4PS"}}},"audio":{"orig":{"rType":"asset","rSubType":"audio","fileName":"flute.m4a","fileSize":72723,"val":"mc-ecfd18ce82d9107fd10b39289bed08fa.m4a","aid":"Ap1o9BjwL"}}}},"9aBN2aTMc":{"id":"9aBN2aTMc","type":"interactive","subtype":"interactivePodCast","setup":{"bg":{"selectedKey":"image","fill":{"opac":1,"rgb":"#FFF"},"img":{"filt":{"opac":100,"gray":0,"blur":0,"tint":{"rgb":"#FFF","opac":0}},"pos":{"type":"fit","fit":{"bg":{"color":{"rgb":"#FFF","opac":100}},"vali":"center","hali":"center"},"crop":{"bg":{"color":{"rgb":"#FFF","opac":0}},"poi":{"x":707,"y":1095.5}},"mask":{"shape":1}},"measures":{"size":{"width":1414,"height":2000}},"orig":{"rType":"asset","rSubType":"image","fileName":"INSTRU (1).png","fileSize":183147,"val":"mc-44e3e8efe8bd5b9b89fc4ce4e8105ff9.png","aid":"hsFOiyNQC"}}},"audio":{"orig":{"rType":"asset","rSubType":"audio","fileName":"piano.m4a","fileSize":62617,"val":"mc-c8803ce2a7ec9561915650960b46f0c8.m4a","aid":"1G94CcSMw"}}}},"8p0PfL-zX":{"id":"8p0PfL-zX","type":"interactive","subtype":"interactiveRichText","setup":{"frmeTp":{"selectedKey":"noneFrame"},"bg":{"fill":{"opac":0,"rgb":"#FFF"}},"txt":{"val":{"ops":[{"insert":"\n","attributes":{"size":"giant"}},{"insert":"MUSICAL INSTRUMENTS","attributes":{"script":"super","color":"var(--TC2)","bold":true}},{"insert":"\n","attributes":{"align":"center","size":"giant"}}]},"rType":"richtext"},"vali":"middle","hali":""}},"tTQsDyLgn":{"id":"tTQsDyLgn","type":"interactive","subtype":"interactivePodCast","setup":{"bg":{"selectedKey":"image","fill":{"opac":1,"rgb":"#FFF"},"img":{"filt":{"opac":100,"gray":0,"blur":0,"tint":{"rgb":"#FFF","opac":0}},"pos":{"type":"fit","fit":{"bg":{"color":{"rgb":"#FFF","opac":100}},"vali":"center","hali":"center"},"crop":{"bg":{"color":{"rgb":"#FFF","opac":0}},"poi":{"x":707,"y":1008.5}},"mask":{"shape":1}},"measures":{"size":{"width":1414,"height":2000}},"orig":{"rType":"asset","rSubType":"image","fileName":"INSTRU (2).png","fileSize":465585,"val":"mc-8f167aca89f3ad53a0bfd3cce480744c.png","aid":"PZ0ovHkVm"}}},"audio":{"orig":{"rType":"asset","rSubType":"audio","fileName":"guitar.m4a","fileSize":66198,"val":"mc-1a5d03145979b32626f8684514ced04c.m4a","aid":"cRn7Pe_h0"}}}}},"v":"1"}