{"i":{"sfrw6JebS":{"id":"sfrw6JebS","type":"slide","setup":{"bord":{"size":10,"rad":10},"bg":{"selectedKey":"fill","fill":{"opac":1,"rgb":"#fe860d"}},"transparentBg":{"selectedKey":false}}},"V_-Q4hTLY":{"id":"V_-Q4hTLY","type":"interactive","subtype":"interactivePodCast","setup":{"bg":{"selectedKey":"image","fill":{"opac":1,"rgb":"#FFF"},"img":{"filt":{"opac":100,"gray":0,"blur":0,"tint":{"rgb":"#FFF","opac":0}},"pos":{"type":"fit","fit":{"bg":{"color":{"rgb":"#FFF","opac":100}},"vali":"center","hali":"center"},"crop":{"bg":{"color":{"rgb":"#FFF","opac":0}},"poi":{"x":707,"y":1008.5}},"mask":{"shape":1}},"measures":{"size":{"width":1414,"height":2000}},"orig":{"rType":"asset","rSubType":"image","fileName":"INSTRU.png","fileSize":444198,"val":"mc-a2a18465102b80fe19948d66877d4101.png","aid":"DeJzpq0zp"}}},"audio":{"orig":{"rType":"asset","rSubType":"audio","fileName":"drum.m4a","fileSize":52377,"val":"mc-74c16f0f6170d9be8940a45befe20d5b.m4a","aid":"HWRXK50iM"}}}},"LOveg3__M2":{"id":"LOveg3__M2","type":"interactive","subtype":"interactiveRichText","setup":{"frmeTp":{"selectedKey":"noneFrame"},"bg":{"fill":{"opac":0,"rgb":"#fe860d"}},"txt":{"val":{"ops":[{"insert":"\n","attributes":{"size":"giant"}},{"insert":"MUSICAL INSTRUMENTS","attributes":{"color":"var(--TC2)","script":"super","bold":true}},{"insert":"\n","attributes":{"align":"center","size":"giant"}}]},"rType":"richtext"},"vali":"middle","hali":""}},"8JOWPbhast":{"id":"8JOWPbhast","type":"interactive","subtype":"interactivePodCast","setup":{"bg":{"selectedKey":"image","fill":{"opac":1,"rgb":"#FFF"},"img":{"filt":{"opac":100,"gray":0,"blur":0,"tint":{"rgb":"#FFF","opac":0}},"pos":{"type":"fit","fit":{"bg":{"color":{"rgb":"#FFF","opac":100}},"vali":"center","hali":"center"},"crop":{"bg":{"color":{"rgb":"#FFF","opac":0}},"poi":{"x":707,"y":964.5}},"mask":{"shape":1}},"measures":{"size":{"width":1414,"height":2000}},"orig":{"rType":"asset","rSubType":"image","fileName":"INSTRU (8).png","fileSize":303770,"val":"mc-f2011bff34bb8d002d1ea2fe49349968.png","aid":"-qTNbPAXX"}}},"audio":{"orig":{"rType":"asset","rSubType":"audio","fileName":"harp.m4a","fileSize":59545,"val":"mc-137e488cac47ed8972e79ddb494ddde5.m4a","aid":"DZiqfinoY"}}}},"C3Rkyrt3Bk":{"id":"C3Rkyrt3Bk","type":"interactive","subtype":"interactivePodCast","setup":{"bg":{"selectedKey":"image","fill":{"opac":1,"rgb":"#FFF"},"img":{"filt":{"opac":100,"gray":0,"blur":0,"tint":{"rgb":"#FFF","opac":0}},"pos":{"type":"fit","fit":{"bg":{"color":{"rgb":"#FFF","opac":100}},"vali":"center","hali":"center"},"crop":{"bg":{"color":{"rgb":"#FFF","opac":0}},"poi":{"x":707,"y":964.5}},"mask":{"shape":1}},"measures":{"size":{"width":1414,"height":2000}},"orig":{"rType":"asset","rSubType":"image","fileName":"INSTRU (7).png","fileSize":787920,"val":"mc-67334c899da1dabd5f66c9c09f77007c.png","aid":"5uQ5XsF1n"}}},"audio":{"orig":{"rType":"asset","rSubType":"audio","fileName":"accordion.m4a","fileSize":71450,"val":"mc-4ee4da74756c0368da34d92ba6f84224.m4a","aid":"1Jll9ZfAU"}}}}},"v":"1"}