[{"rType":"asset","rSubType":"image","fileName":"CAMISETA (17).png","fileSize":418336,"val":"mc-b9a9bfce4913540b2c39f0be7537bf4e.png","aid":"8YZ-muozt","size":418336},{"rType":"asset","rSubType":"audio","fileName":"jean.m4a","fileSize":67077,"val":"mc-51707c6a46674cc042e00589c5eea6c1.m4a","aid":"YbUAhbsgT","size":67077},{"rType":"asset","rSubType":"image","fileName":"images (7).jpg","fileSize":9867,"aid":"CCrjahy0kj","val":"mc-267e501f9d9ece86712a404699b009fe.jpg","size":9867},{"rType":"asset","rSubType":"image","fileName":"CAMISETA (21).png","fileSize":1480529,"val":"mc-4e32604d61e4d6129556112ed0fb5aad.png","aid":"ZILtirNkL","size":1480529},{"rType":"asset","rSubType":"audio","fileName":"earrings .m4a","fileSize":79877,"val":"mc-af7a4bb45f884bc9ef79203133d1c509.m4a","aid":"sPC5tICqM","size":79877},{"rType":"asset","rSubType":"image","fileName":"CAMISETA (8).png","fileSize":882480,"val":"mc-ee4a0cc0580a8b9d954d2ce274a684d7.png","aid":"r-tuRUQ53","size":882480},{"rType":"asset","rSubType":"audio","fileName":"dress.m4a","fileSize":78523,"val":"mc-27ac168cdd50863d60f442e141a9c9df.m4a","aid":"VJhqxdPbg","size":78523},{"rType":"asset","rSubType":"image","fileName":"CAMISETA (3).png","fileSize":583099,"val":"mc-2e90d2cb7bec5f16efae72b69e2a86a6.png","aid":"Id6Kvyw3y","size":583099},{"rType":"asset","rSubType":"audio","fileName":"socks.m4a","fileSize":66713,"val":"mc-39b62abf95a04eb27ab9073cea1d5e1a.m4a","aid":"qJQnpJhed","size":66713},{"rType":"asset","rSubType":"image","fileName":"CAMISETA (20).png","fileSize":247907,"val":"mc-e73363d991258881af951ae17bc0ffb0.png","aid":"-xTtnCOXL","size":247907},{"rType":"asset","rSubType":"audio","fileName":"belt.m4a","fileSize":75487,"val":"mc-cf3d7553df64cea5ec2378b3ba836645.m4a","aid":"zvxkMn3Qj","size":75487},{"rType":"asset","rSubType":"image","fileName":"CAMISETA (13).png","fileSize":440989,"val":"mc-46bbc40b5e014bc4ed74e8edc62898ab.png","aid":"xx31r62ER","size":440989},{"rType":"asset","rSubType":"audio","fileName":"jacket.m4a","fileSize":67737,"val":"mc-e6f6e89b89e40f35c6639976b38e8d87.m4a","aid":"a8HmcYwgJ","size":67737},{"rType":"asset","rSubType":"image","fileName":"CAMISETA (1).png","fileSize":333359,"val":"mc-731748296eda1b9cb67df6d4f5622467.png","aid":"kd-NgfvJK","size":333359},{"rType":"asset","rSubType":"audio","fileName":"skirt.m4a","fileSize":73280,"val":"mc-02111045ca5019534637489ecadca23e.m4a","aid":"ghc8tM-_r","size":73280},{"rType":"asset","rSubType":"image","fileName":"CAMISETA.png","fileSize":216846,"val":"mc-38693112c9239f26f9493e7be06acc16.png","aid":"MLr1yltcS","size":216846},{"rType":"asset","rSubType":"audio","fileName":"T- shirt.m4a","fileSize":62617,"val":"mc-a4efaed81dab345d649e956e18a48d71.m4a","aid":"IPIZq2NlJ","size":62617},{"rType":"asset","rSubType":"image","fileName":"CAMISETA (11).png","fileSize":331121,"val":"mc-a505e345c251c17b33c3fa5dbaf0ac1e.png","aid":"PPwphDSXO","size":331121},{"rType":"asset","rSubType":"audio","fileName":"scarf.m4a","fileSize":69785,"val":"mc-a39ccc619347c4e8c6a3db5e03535aed.m4a","aid":"20snxKjpX","size":69785},{"rType":"asset","rSubType":"image","fileName":"CAMISETA (15).png","fileSize":326056,"val":"mc-4c07acb3a1a00d43cd1b0db236478027.png","aid":"nWowT-CRx","size":326056},{"rType":"asset","rSubType":"audio","fileName":"high heel shoes.m4a","fileSize":104379,"val":"mc-0904601ae062ba99c9e4a09882a2f138.m4a","aid":"ln3WOdsG8","size":104379},{"rType":"asset","rSubType":"image","fileName":"unsplash.jpg","fileSize":0,"val":"mc-fef853b1973cd84967676d07de4c2d05.jpg","aid":"pYf3qCdAM","size":128849},{"rType":"asset","rSubType":"image","fileName":"unsplash.jpg","fileSize":0,"val":"mc-2bdf984123efbaf1c6a58561c28ae404.jpg","aid":"8e2TTmwbFd","size":1095400},{"rType":"asset","rSubType":"image","fileName":"CAMISETA (16).png","fileSize":635000,"val":"mc-5e2e3515d3196b1d7878221170e872f8.png","aid":"HvbEYicGQ","size":635000},{"rType":"asset","rSubType":"audio","fileName":"handbag.m4a","fileSize":72599,"val":"mc-c936eb49cca91f7de2d281c498bd6972.m4a","aid":"YuC8vRwqD","size":72599},{"rType":"asset","rSubType":"image","fileName":"CAMISETA (19).png","fileSize":396228,"val":"mc-f4acb3a44bad118b69883d9baf1872cb.png","aid":"IPubpUKMJ","size":396228},{"rType":"asset","rSubType":"audio","fileName":"mask.m4a","fileSize":64665,"val":"mc-80947c1cd263c6f4c67c62036369ef83.m4a","aid":"1Xbex0q_U","size":64665},{"rType":"asset","rSubType":"image","fileName":"CAMISETA (4).png","fileSize":593843,"val":"mc-2f2a55acbfc7d04d5ea1fb1393ca11cf.png","aid":"0j43PdpdI","size":593843},{"rType":"asset","rSubType":"audio","fileName":"shoes.m4a","fileSize":66713,"val":"mc-a78998b4b4e26b035dcbbb0ede7e5656.m4a","aid":"W0JhyZ96R","size":66713},{"rType":"asset","rSubType":"image","fileName":"CAMISETA (2).png","fileSize":633943,"val":"mc-9170cfaa11f1327a91f3a458aad8ec79.png","aid":"jqLriPn5Y","size":633943},{"rType":"asset","rSubType":"audio","fileName":"shirt.m4a","fileSize":59545,"val":"mc-c036b51fdfdc17aa416d51c019e7a40e.m4a","aid":"R0iTdPyDR","size":59545},{"rType":"asset","rSubType":"image","fileName":"CAMISETA (7).png","fileSize":328670,"val":"mc-5720b5e03fcaad692dcd11998bc593e5.png","aid":"5zJmyGQeC","size":328670},{"rType":"asset","rSubType":"audio","fileName":"tie.m4a","fileSize":70203,"val":"mc-1d5590cb401509bafa0d3fd97d50ee00.m4a","aid":"0Fz2FcdLS","size":70203},{"rType":"asset","rSubType":"image","fileName":"CAMISETA (9).png","fileSize":510816,"val":"mc-d900a3fd3197d7e6c78b070153644652.png","aid":"lWnh6hsft","size":510816},{"rType":"asset","rSubType":"audio","fileName":"smoking.m4a","fileSize":70829,"val":"mc-589fd46470da1dd0e6704155632f1e45.m4a","aid":"96Lm2igYz","size":70829},{"rType":"asset","rSubType":"image","fileName":"images (7).jpg","fileSize":9867,"aid":"jvYpRDqFpE","val":"mc-267e501f9d9ece86712a404699b009fe.jpg","size":9867},{"rType":"asset","rSubType":"image","fileName":"CAMISETA (10).png","fileSize":392327,"val":"mc-4f7c1dddd1808c876d3e7491996ec23b.png","aid":"akKWoq2RR","size":392327},{"rType":"asset","rSubType":"audio","fileName":"gloves.m4a","fileSize":71560,"val":"mc-cf463bac4a5bb3e4e64981d51d29156a.m4a","aid":"zlKcGQ5vB","size":71560},{"rType":"asset","rSubType":"image","fileName":"CAMISETA (6).png","fileSize":568460,"val":"mc-d195420058f19a299d8d08edaf04da85.png","aid":"b472o9lrK","size":568460},{"rType":"asset","rSubType":"audio","fileName":"hairbun.m4a","fileSize":61593,"val":"mc-7050aceabb64260cda2edee3ac25a0aa.m4a","aid":"agoP-2TxR","size":61593},{"rType":"asset","rSubType":"image","fileName":"CAMISETA (18).png","fileSize":127466,"val":"mc-a90b66362a0081fe66ef26b80c7c33f6.png","aid":"EBF5ebTp4","size":127466},{"rType":"asset","rSubType":"audio","fileName":"short.m4a","fileSize":67737,"val":"mc-461bc809c8498efffee0aa8c1f1b0d84.m4a","aid":"vd0zethnh","size":67737},{"rType":"asset","rSubType":"image","fileName":"CAMISETA (5).png","fileSize":697374,"val":"mc-0af359945092fe675cebd639f574ae8e.png","aid":"oVElfVC6S","size":697374},{"rType":"asset","rSubType":"audio","fileName":"tennis.m4a","fileSize":63641,"val":"mc-cf47a1abde8921c6fd932f37552d7ae8.m4a","aid":"iDmrVNdU6","size":63641},{"rType":"asset","rSubType":"image","fileName":"images (7).jpg","fileSize":9867,"aid":"bO0wNPB7d-","val":"mc-267e501f9d9ece86712a404699b009fe.jpg","size":9867},{"rType":"asset","rSubType":"image","fileName":"CAMISETA (14).png","fileSize":327225,"val":"mc-88d875af5ade552eae8ad411d7470395.png","aid":"hVOUNv8pb","size":327225},{"rType":"asset","rSubType":"audio","fileName":"boots.m4a","fileSize":64665,"val":"mc-819adfc795c25211e71bebf4792802e8.m4a","aid":"b_19ECsX7","size":64665},{"rType":"asset","rSubType":"image","fileName":"images (7).jpg","fileSize":9867,"aid":"V4k2yCdv5A","val":"mc-267e501f9d9ece86712a404699b009fe.jpg","size":9867},{"rType":"asset","rSubType":"image","fileName":"images (7).jpg","fileSize":9867,"aid":"fB-Zm1PQvX","val":"mc-267e501f9d9ece86712a404699b009fe.jpg","size":9867},{"rType":"asset","rSubType":"image","fileName":"CAMISETA1png.png","fileSize":495545,"val":"mc-4607791824c58ac224e73ef600ca23e2.png","aid":"9qmvqvhLK","size":495545},{"rType":"asset","rSubType":"audio","fileName":"pants.m4a","fileSize":62617,"val":"mc-0d179c29dddae008db642555ed7b4a9f.m4a","aid":"FCYbRR3Og","size":62617},{"rType":"asset","rSubType":"image","fileName":"CAMISETA (12).png","fileSize":323391,"val":"mc-0e53d220c50e14e29ad1f5a34cacc192.png","aid":"Q8CXke73r","size":323391},{"rType":"asset","rSubType":"audio","fileName":"coat.m4a","fileSize":62617,"val":"mc-7dd9f777ce048e5ae203aafd3df59ade.m4a","aid":"3W4SvSyC6","size":62617},{"rType":"asset","rSubType":"image","fileName":"images (7).jpg","fileSize":9867,"aid":"lK_GO2ZxE6","val":"mc-267e501f9d9ece86712a404699b009fe.jpg","size":9867}]