{"i":{"H477EEac-":{"id":"H477EEac-","type":"slide","setup":{"transparentBg":{"selectedKey":false},"bord":{"size":10,"rad":10},"bg":{"selectedKey":"image","fill":{"opac":1,"rgb":"var(--TC3)"},"img":{"filt":{"opac":100,"gray":0,"blur":0,"tint":{"rgb":"var(--TC3)","opac":0,"blendMode":"multiply"}},"pos":{"type":"crop","fit":{"bg":{"color":{"rgb":"#FFF","opac":100}},"vali":"center","hali":"center"},"crop":{"poi":{"x":120,"y":96}}},"measures":{"size":{"width":259,"height":194}},"orig":{"rType":"asset","rSubType":"image","fileName":"images (7).jpg","fileSize":9867,"aid":"lK_GO2ZxE6","val":"mc-267e501f9d9ece86712a404699b009fe.jpg"}}}}},"pPJpcosFsn":{"id":"pPJpcosFsn","type":"interactive","subtype":"interactiveCard","setup":{"animation":{"selectedKey":"fade"},"front":{"selectedKey":"fill","fill":{"opac":0.95,"rgb":"var(--TC3)"},"img":{"filt":{"opac":100,"gray":0,"blur":0,"tint":{"rgb":"#e50a4f","opac":0}},"pos":{"type":"crop","fit":{"bg":{"color":{"rgb":"#FFF","opac":100}},"vali":"center","hali":"center"},"crop":{"poi":{"x":552,"y":360}}},"measures":{"size":{"width":1080,"height":720}}},"txt":{"rType":"richtext","val":{"ops":[{"insert":"Our Item 6","attributes":{"color":"var(--TC1)","bold":true}},{"insert":"\n","attributes":{"align":"center","size":"large"}}]}},"rType":"richtext","hali":"","vali":"middle","paddV1":10},"back":{"selectedKey":"fill","fill":{"opac":0.5,"rgb":"var(--TC2)"},"img":{"filt":{"opac":100,"gray":100,"blur":0,"tint":{"rgb":"#fff","opac":0.9}},"pos":{"type":"crop","fit":{"bg":{"color":{"rgb":"#FFF","opac":100}},"vali":"center","hali":"center"},"crop":{"poi":{"x":552,"y":360}}},"measures":{"size":{"width":1080,"height":720}}},"rType":"richtext","vali":"top","txt":{"rType":"richtext","val":{"ops":[{"insert":"We want to know why your idea makes sense, why it's  going to be a success, why a user would be interested on it. Once at this point, our strategy experts will challenge the limits and create intuitive, simple and beautiful designs.","attributes":{"color":"var(--TC3)"}},{"insert":"\n","attributes":{"size":"normal"}}]}},"paddV1":15,"hali":""}}},"QVmUDvk2ss":{"id":"QVmUDvk2ss","type":"interactive","subtype":"interactiveRichText","setup":{"frmeTp":{"selectedKey":"noneFrame"},"bg":{"fill":{"opac":0,"rgb":"#FFF"}},"txt":{"val":{"ops":[{"insert":"   CLOTHES  ","attributes":{"color":"#ffffff","background":"#dc3b8b","bold":true}},{"insert":"\n","attributes":{"align":"center","size":"hugeTitle"}},{"insert":"\n"}]},"rType":"richtext"},"vali":"middle"}},"Lu05DR6xWE":{"id":"Lu05DR6xWE","type":"interactive","subtype":"interactivePodCast","setup":{"bg":{"selectedKey":"image","fill":{"opac":1,"rgb":"#FFF"},"img":{"filt":{"opac":100,"gray":0,"blur":0,"tint":{"rgb":"#FFF","opac":0}},"pos":{"type":"fit","fit":{"bg":{"color":{"rgb":"#FFF","opac":100}},"vali":"center","hali":"center"},"crop":{"bg":{"color":{"rgb":"#FFF","opac":0}},"poi":{"x":707,"y":1486.5}},"mask":{"shape":1}},"measures":{"size":{"width":1414,"height":2000}},"orig":{"rType":"asset","rSubType":"image","fileName":"CAMISETA (13).png","fileSize":440989,"val":"mc-46bbc40b5e014bc4ed74e8edc62898ab.png","aid":"xx31r62ER"}}},"audio":{"orig":{"rType":"asset","rSubType":"audio","fileName":"jacket.m4a","fileSize":67737,"val":"mc-e6f6e89b89e40f35c6639976b38e8d87.m4a","aid":"a8HmcYwgJ"}}}},"AJvYXS7J_3":{"id":"AJvYXS7J_3","type":"interactive","subtype":"interactivePodCast","setup":{"bg":{"selectedKey":"image","fill":{"opac":1,"rgb":"#FFF"},"img":{"filt":{"opac":100,"gray":0,"blur":0,"tint":{"rgb":"#FFF","opac":0}},"pos":{"type":"fit","fit":{"bg":{"color":{"rgb":"#FFF","opac":100}},"vali":"center","hali":"center"},"crop":{"bg":{"color":{"rgb":"#FFF","opac":0}},"poi":{"x":707,"y":1486.5}},"mask":{"shape":1}},"measures":{"size":{"width":1414,"height":2000}},"orig":{"rType":"asset","rSubType":"image","fileName":"CAMISETA (11).png","fileSize":331121,"val":"mc-a505e345c251c17b33c3fa5dbaf0ac1e.png","aid":"PPwphDSXO"}}},"audio":{"orig":{"rType":"asset","rSubType":"audio","fileName":"scarf.m4a","fileSize":69785,"val":"mc-a39ccc619347c4e8c6a3db5e03535aed.m4a","aid":"20snxKjpX"}}}},"_uMIbovvXT":{"id":"_uMIbovvXT","type":"interactive","subtype":"interactivePodCast","setup":{"bg":{"selectedKey":"image","fill":{"opac":1,"rgb":"#FFF"},"img":{"filt":{"opac":100,"gray":0,"blur":0,"tint":{"rgb":"#FFF","opac":0}},"pos":{"type":"fit","fit":{"bg":{"color":{"rgb":"#FFF","opac":100}},"vali":"center","hali":"center"},"crop":{"bg":{"color":{"rgb":"#FFF","opac":0}},"poi":{"x":707,"y":964.5}},"mask":{"shape":1}},"measures":{"size":{"width":1414,"height":2000}},"orig":{"rType":"asset","rSubType":"image","fileName":"CAMISETA (14).png","fileSize":327225,"val":"mc-88d875af5ade552eae8ad411d7470395.png","aid":"hVOUNv8pb"}}},"audio":{"orig":{"rType":"asset","rSubType":"audio","fileName":"boots.m4a","fileSize":64665,"val":"mc-819adfc795c25211e71bebf4792802e8.m4a","aid":"b_19ECsX7"}}}},"vIjMNzfDkJ":{"id":"vIjMNzfDkJ","type":"interactive","subtype":"interactivePodCast","setup":{"bg":{"selectedKey":"image","fill":{"opac":1,"rgb":"#FFF"},"img":{"filt":{"opac":100,"gray":0,"blur":0,"tint":{"rgb":"#FFF","opac":0}},"pos":{"type":"fit","fit":{"bg":{"color":{"rgb":"#FFF","opac":100}},"vali":"center","hali":"center"},"crop":{"bg":{"color":{"rgb":"#FFF","opac":0}},"poi":{"x":707,"y":834.5}},"mask":{"shape":1}},"measures":{"size":{"width":1414,"height":2000}},"orig":{"rType":"asset","rSubType":"image","fileName":"CAMISETA (12).png","fileSize":323391,"val":"mc-0e53d220c50e14e29ad1f5a34cacc192.png","aid":"Q8CXke73r"}}},"audio":{"orig":{"rType":"asset","rSubType":"audio","fileName":"coat.m4a","fileSize":62617,"val":"mc-7dd9f777ce048e5ae203aafd3df59ade.m4a","aid":"3W4SvSyC6"}}}}},"v":"1"}