{"i":{"bwGqZq476":{"id":"bwGqZq476","type":"slide","setup":{"bord":{"size":10,"rad":10},"bg":{"selectedKey":"image","fill":{"opac":1,"rgb":"var(--TC3)"},"img":{"filt":{"opac":100,"gray":0,"blur":0,"tint":{"rgb":"var(--TC3)","opac":0,"blendMode":"multiply"}},"pos":{"type":"crop","fit":{"bg":{"color":{"rgb":"#FFF","opac":100}},"vali":"center","hali":"center"},"crop":{"poi":{"x":120,"y":96}}},"measures":{"size":{"width":259,"height":194}},"orig":{"rType":"asset","rSubType":"image","fileName":"images (7).jpg","fileSize":9867,"aid":"fB-Zm1PQvX","val":"mc-267e501f9d9ece86712a404699b009fe.jpg"}}},"transparentBg":{"selectedKey":false}}},"g7o-ifIIW-":{"id":"g7o-ifIIW-","type":"interactive","subtype":"interactiveCard","setup":{"animation":{"selectedKey":"rotateH"},"front":{"selectedKey":"image","fill":{"opac":1,"rgb":"#FFF"},"txt":{"val":{"ops":[{"insert":"CAMISA","attributes":{"color":"#506808","bold":true}},{"insert":"\n","attributes":{"align":"center","size":"large"}}]},"rType":"richtext"},"hali":""},"back":{"selectedKey":"fill","fill":{"opac":1,"rgb":"var(--TC9)"},"hali":"","txt":{"val":{"ops":[{"insert":"SHIRT","attributes":{"bold":true,"color":"var(--TC14)"}},{"insert":"\n","attributes":{"size":"large","align":"center"}}]},"rType":"richtext"},"vali":"middle"}}},"7e1ppSAOc":{"id":"7e1ppSAOc","type":"interactive","subtype":"interactivePodCast","setup":{"bg":{"selectedKey":"image","fill":{"opac":1,"rgb":"#FFF"},"img":{"filt":{"opac":100,"gray":0,"blur":0,"tint":{"rgb":"#FFF","opac":0}},"pos":{"type":"fit","fit":{"bg":{"color":{"rgb":"#FFF","opac":100}},"vali":"center","hali":"center"},"crop":{"bg":{"color":{"rgb":"#FFF","opac":0}},"poi":{"x":707,"y":834.5}},"mask":{"shape":1}},"measures":{"size":{"width":1414,"height":2000}},"orig":{"rType":"asset","rSubType":"image","fileName":"CAMISETA (21).png","fileSize":1480529,"val":"mc-4e32604d61e4d6129556112ed0fb5aad.png","aid":"ZILtirNkL"}}},"audio":{"orig":{"rType":"asset","rSubType":"audio","fileName":"earrings .m4a","fileSize":79877,"val":"mc-af7a4bb45f884bc9ef79203133d1c509.m4a","aid":"sPC5tICqM"}}}},"Lp12iOoU2I":{"id":"Lp12iOoU2I","type":"interactive","subtype":"interactiveCard","setup":{"animation":{"selectedKey":"fade"},"front":{"selectedKey":"fill","fill":{"opac":0.95,"rgb":"var(--TC3)"},"img":{"filt":{"opac":100,"gray":0,"blur":0,"tint":{"rgb":"#e50a4f","opac":0}},"pos":{"type":"crop","fit":{"bg":{"color":{"rgb":"#FFF","opac":100}},"vali":"center","hali":"center"},"crop":{"poi":{"x":552,"y":360}}},"measures":{"size":{"width":1080,"height":720}}},"txt":{"rType":"richtext","val":{"ops":[{"insert":"Our Item 6","attributes":{"color":"var(--TC1)","bold":true}},{"insert":"\n","attributes":{"align":"center","size":"large"}}]}},"rType":"richtext","hali":"","vali":"middle","paddV1":10},"back":{"selectedKey":"fill","fill":{"opac":0.5,"rgb":"var(--TC2)"},"img":{"filt":{"opac":100,"gray":100,"blur":0,"tint":{"rgb":"#fff","opac":0.9}},"pos":{"type":"crop","fit":{"bg":{"color":{"rgb":"#FFF","opac":100}},"vali":"center","hali":"center"},"crop":{"poi":{"x":552,"y":360}}},"measures":{"size":{"width":1080,"height":720}}},"rType":"richtext","vali":"top","txt":{"rType":"richtext","val":{"ops":[{"insert":"We want to know why your idea makes sense, why it's  going to be a success, why a user would be interested on it. Once at this point, our strategy experts will challenge the limits and create intuitive, simple and beautiful designs.","attributes":{"color":"var(--TC3)"}},{"insert":"\n","attributes":{"size":"normal"}}]}},"paddV1":15,"hali":""}}},"MI1XMxzX7":{"id":"MI1XMxzX7","type":"interactive","subtype":"interactivePodCast","setup":{"bg":{"selectedKey":"image","fill":{"opac":1,"rgb":"#FFF"},"img":{"filt":{"opac":100,"gray":0,"blur":0,"tint":{"rgb":"#FFF","opac":0}},"pos":{"type":"fit","fit":{"bg":{"color":{"rgb":"#FFF","opac":100}},"vali":"center","hali":"center"},"crop":{"bg":{"color":{"rgb":"#FFF","opac":0}},"poi":{"x":707,"y":964.5}},"mask":{"shape":1}},"measures":{"size":{"width":1414,"height":2000}},"orig":{"rType":"asset","rSubType":"image","fileName":"CAMISETA (20).png","fileSize":247907,"val":"mc-e73363d991258881af951ae17bc0ffb0.png","aid":"-xTtnCOXL"}}},"audio":{"orig":{"rType":"asset","rSubType":"audio","fileName":"belt.m4a","fileSize":75487,"val":"mc-cf3d7553df64cea5ec2378b3ba836645.m4a","aid":"zvxkMn3Qj"}}}},"KCGc8zEpi3":{"id":"KCGc8zEpi3","type":"interactive","subtype":"interactiveRichText","setup":{"frmeTp":{"selectedKey":"noneFrame"},"bg":{"fill":{"opac":0,"rgb":"#FFF"}},"txt":{"val":{"ops":[{"insert":"   CLOTHES  ","attributes":{"color":"#ffffff","background":"#dc3b8b","bold":true}},{"insert":"\n","attributes":{"align":"center","size":"hugeTitle"}},{"insert":"\n"}]},"rType":"richtext"},"vali":"middle"}},"vn4ShOKBf":{"id":"vn4ShOKBf","type":"interactive","subtype":"interactivePodCast","setup":{"bg":{"selectedKey":"image","fill":{"opac":1,"rgb":"#FFF"},"img":{"filt":{"opac":100,"gray":0,"blur":0,"tint":{"rgb":"#FFF","opac":0}},"pos":{"type":"fit","fit":{"bg":{"color":{"rgb":"#FFF","opac":100}},"vali":"center","hali":"center"},"crop":{"bg":{"color":{"rgb":"#FFF","opac":0}},"poi":{"x":707,"y":1486.5}},"mask":{"shape":1}},"measures":{"size":{"width":1414,"height":2000}},"orig":{"rType":"asset","rSubType":"image","fileName":"CAMISETA (19).png","fileSize":396228,"val":"mc-f4acb3a44bad118b69883d9baf1872cb.png","aid":"IPubpUKMJ"}}},"audio":{"orig":{"rType":"asset","rSubType":"audio","fileName":"mask.m4a","fileSize":64665,"val":"mc-80947c1cd263c6f4c67c62036369ef83.m4a","aid":"1Xbex0q_U"}}}}},"v":"1"}