{"i":{"D6dh2Q_0a":{"id":"D6dh2Q_0a","type":"slide","setup":{"bord":{"size":10,"rad":10},"bg":{"selectedKey":"image","fill":{"opac":1,"rgb":"var(--TC3)"},"img":{"filt":{"opac":100,"gray":0,"blur":0,"tint":{"rgb":"var(--TC3)","opac":0,"blendMode":"multiply"}},"pos":{"type":"crop","fit":{"bg":{"color":{"rgb":"#FFF","opac":100}},"vali":"center","hali":"center"},"crop":{"poi":{"x":120,"y":96}}},"measures":{"size":{"width":259,"height":194}},"orig":{"rType":"asset","rSubType":"image","fileName":"images (7).jpg","fileSize":9867,"aid":"bO0wNPB7d-","val":"mc-267e501f9d9ece86712a404699b009fe.jpg"}}},"transparentBg":{"selectedKey":false}}},"PXPQYaIlAo":{"id":"PXPQYaIlAo","type":"interactive","subtype":"interactiveRichText","setup":{"frmeTp":{"selectedKey":"noneFrame"},"bg":{"fill":{"opac":0,"rgb":"#FFF"}},"txt":{"val":{"ops":[{"insert":"   CLOTHES  ","attributes":{"color":"#ffffff","background":"#dc3b8b","bold":true}},{"insert":"\n","attributes":{"align":"center","size":"hugeTitle"}},{"insert":"\n"}]},"rType":"richtext"},"vali":"middle"}},"ZYpDqXaGj3":{"id":"ZYpDqXaGj3","type":"interactive","subtype":"interactiveCard","setup":{"animation":{"selectedKey":"fade"},"front":{"selectedKey":"fill","fill":{"opac":0.95,"rgb":"var(--TC3)"},"img":{"filt":{"opac":100,"gray":0,"blur":0,"tint":{"rgb":"#e50a4f","opac":0}},"pos":{"type":"crop","fit":{"bg":{"color":{"rgb":"#FFF","opac":100}},"vali":"center","hali":"center"},"crop":{"poi":{"x":552,"y":360}}},"measures":{"size":{"width":1080,"height":720}}},"txt":{"rType":"richtext","val":{"ops":[{"insert":"Our Item 6","attributes":{"color":"var(--TC1)","bold":true}},{"insert":"\n","attributes":{"align":"center","size":"large"}}]}},"rType":"richtext","hali":"","vali":"middle","paddV1":10},"back":{"selectedKey":"fill","fill":{"opac":0.5,"rgb":"var(--TC2)"},"img":{"filt":{"opac":100,"gray":100,"blur":0,"tint":{"rgb":"#fff","opac":0.9}},"pos":{"type":"crop","fit":{"bg":{"color":{"rgb":"#FFF","opac":100}},"vali":"center","hali":"center"},"crop":{"poi":{"x":552,"y":360}}},"measures":{"size":{"width":1080,"height":720}}},"rType":"richtext","vali":"top","txt":{"rType":"richtext","val":{"ops":[{"insert":"We want to know why your idea makes sense, why it's  going to be a success, why a user would be interested on it. Once at this point, our strategy experts will challenge the limits and create intuitive, simple and beautiful designs.","attributes":{"color":"var(--TC3)"}},{"insert":"\n","attributes":{"size":"normal"}}]}},"paddV1":15,"hali":""}}},"D9jeQJ1r6":{"id":"D9jeQJ1r6","type":"interactive","subtype":"interactivePodCast","setup":{"bg":{"selectedKey":"image","fill":{"opac":1,"rgb":"#FFF"},"img":{"filt":{"opac":100,"gray":0,"blur":0,"tint":{"rgb":"#FFF","opac":0}},"pos":{"type":"fit","fit":{"bg":{"color":{"rgb":"#FFF","opac":100}},"vali":"center","hali":"center"},"crop":{"bg":{"color":{"rgb":"#FFF","opac":0}},"poi":{"x":707,"y":1095.5}},"mask":{"shape":1}},"measures":{"size":{"width":1414,"height":2000}},"orig":{"rType":"asset","rSubType":"image","fileName":"CAMISETA (1).png","fileSize":333359,"val":"mc-731748296eda1b9cb67df6d4f5622467.png","aid":"kd-NgfvJK"}}},"audio":{"orig":{"rType":"asset","rSubType":"audio","fileName":"skirt.m4a","fileSize":73280,"val":"mc-02111045ca5019534637489ecadca23e.m4a","aid":"ghc8tM-_r"}}}},"ioVS8sImO":{"id":"ioVS8sImO","type":"interactive","subtype":"interactivePodCast","setup":{"bg":{"selectedKey":"image","fill":{"opac":1,"rgb":"#FFF"},"img":{"filt":{"opac":100,"gray":0,"blur":0,"tint":{"rgb":"#FFF","opac":0}},"pos":{"type":"fit","fit":{"bg":{"color":{"rgb":"#FFF","opac":100}},"vali":"center","hali":"center"},"crop":{"bg":{"color":{"rgb":"#FFF","opac":0}},"poi":{"x":707,"y":877.5}},"mask":{"shape":1}},"measures":{"size":{"width":1414,"height":2000}},"orig":{"rType":"asset","rSubType":"image","fileName":"CAMISETA.png","fileSize":216846,"val":"mc-38693112c9239f26f9493e7be06acc16.png","aid":"MLr1yltcS"}}},"audio":{"orig":{"rType":"asset","rSubType":"audio","fileName":"T- shirt.m4a","fileSize":62617,"val":"mc-a4efaed81dab345d649e956e18a48d71.m4a","aid":"IPIZq2NlJ"}}}},"IVEnJXWuV":{"id":"IVEnJXWuV","type":"interactive","subtype":"interactivePodCast","setup":{"bg":{"selectedKey":"image","fill":{"opac":1,"rgb":"#FFF"},"img":{"filt":{"opac":100,"gray":0,"blur":0,"tint":{"rgb":"#FFF","opac":0}},"pos":{"type":"fit","fit":{"bg":{"color":{"rgb":"#FFF","opac":100}},"vali":"center","hali":"center"},"crop":{"bg":{"color":{"rgb":"#FFF","opac":0}},"poi":{"x":707,"y":1486.5}},"mask":{"shape":1}},"measures":{"size":{"width":1414,"height":2000}},"orig":{"rType":"asset","rSubType":"image","fileName":"CAMISETA (2).png","fileSize":633943,"val":"mc-9170cfaa11f1327a91f3a458aad8ec79.png","aid":"jqLriPn5Y"}}},"audio":{"orig":{"rType":"asset","rSubType":"audio","fileName":"shirt.m4a","fileSize":59545,"val":"mc-c036b51fdfdc17aa416d51c019e7a40e.m4a","aid":"R0iTdPyDR"}}}},"IUiXcwgCi":{"id":"IUiXcwgCi","type":"interactive","subtype":"interactivePodCast","setup":{"bg":{"selectedKey":"image","fill":{"opac":1,"rgb":"#FFF"},"img":{"filt":{"opac":100,"gray":0,"blur":0,"tint":{"rgb":"#FFF","opac":0}},"pos":{"type":"fit","fit":{"bg":{"color":{"rgb":"#FFF","opac":100}},"vali":"center","hali":"center"},"crop":{"bg":{"color":{"rgb":"#FFF","opac":0}},"poi":{"x":707,"y":1486.5}},"mask":{"shape":1}},"measures":{"size":{"width":1414,"height":2000}},"orig":{"rType":"asset","rSubType":"image","fileName":"CAMISETA1png.png","fileSize":495545,"val":"mc-4607791824c58ac224e73ef600ca23e2.png","aid":"9qmvqvhLK"}}},"audio":{"orig":{"rType":"asset","rSubType":"audio","fileName":"pants.m4a","fileSize":62617,"val":"mc-0d179c29dddae008db642555ed7b4a9f.m4a","aid":"FCYbRR3Og"}}}}},"v":"1"}