{"i":{"cCvWtCQPT":{"id":"cCvWtCQPT","type":"slide","setup":{"transparentBg":{"selectedKey":false},"bord":{"size":10,"rad":10},"bg":{"selectedKey":"image","fill":{"opac":1,"rgb":"var(--TC3)"},"img":{"filt":{"opac":100,"gray":0,"blur":0,"tint":{"rgb":"var(--TC3)","opac":0,"blendMode":"multiply"}},"pos":{"type":"crop","fit":{"bg":{"color":{"rgb":"#FFF","opac":100}},"vali":"center","hali":"center"},"crop":{"poi":{"x":120,"y":96}}},"measures":{"size":{"width":259,"height":194}},"orig":{"rType":"asset","rSubType":"image","fileName":"images (7).jpg","fileSize":9867,"aid":"CCrjahy0kj","val":"mc-267e501f9d9ece86712a404699b009fe.jpg"}}}}},"Y6fZ1Z_VcV":{"id":"Y6fZ1Z_VcV","type":"interactive","subtype":"interactivePodCast","setup":{"bg":{"selectedKey":"image","fill":{"opac":1,"rgb":"#FFF"},"img":{"filt":{"opac":100,"gray":0,"blur":0,"tint":{"rgb":"#FFF","opac":0}},"pos":{"type":"fit","fit":{"bg":{"color":{"rgb":"#FFF","opac":100}},"vali":"center","hali":"center"},"crop":{"bg":{"color":{"rgb":"#FFF","opac":0}},"poi":{"x":707,"y":1008.5}},"mask":{"shape":1}},"measures":{"size":{"width":1414,"height":2000}},"orig":{"rType":"asset","rSubType":"image","fileName":"CAMISETA (17).png","fileSize":418336,"val":"mc-b9a9bfce4913540b2c39f0be7537bf4e.png","aid":"8YZ-muozt"}}},"audio":{"orig":{"rType":"asset","rSubType":"audio","fileName":"jean.m4a","fileSize":67077,"val":"mc-51707c6a46674cc042e00589c5eea6c1.m4a","aid":"YbUAhbsgT"}}}},"sl79sq7Fq7":{"id":"sl79sq7Fq7","type":"interactive","subtype":"interactiveCard","setup":{"animation":{"selectedKey":"fade"},"front":{"selectedKey":"fill","fill":{"opac":0.95,"rgb":"var(--TC3)"},"img":{"filt":{"opac":100,"gray":0,"blur":0,"tint":{"rgb":"#e50a4f","opac":0}},"pos":{"type":"crop","fit":{"bg":{"color":{"rgb":"#FFF","opac":100}},"vali":"center","hali":"center"},"crop":{"poi":{"x":552,"y":360}}},"measures":{"size":{"width":1080,"height":720}}},"txt":{"rType":"richtext","val":{"ops":[{"insert":"Our Item 6","attributes":{"color":"var(--TC1)","bold":true}},{"insert":"\n","attributes":{"align":"center","size":"large"}}]}},"rType":"richtext","hali":"","vali":"middle","paddV1":10},"back":{"selectedKey":"fill","fill":{"opac":0.5,"rgb":"var(--TC2)"},"img":{"filt":{"opac":100,"gray":100,"blur":0,"tint":{"rgb":"#fff","opac":0.9}},"pos":{"type":"crop","fit":{"bg":{"color":{"rgb":"#FFF","opac":100}},"vali":"center","hali":"center"},"crop":{"poi":{"x":552,"y":360}}},"measures":{"size":{"width":1080,"height":720}}},"rType":"richtext","vali":"top","txt":{"rType":"richtext","val":{"ops":[{"insert":"We want to know why your idea makes sense, why it's  going to be a success, why a user would be interested on it. Once at this point, our strategy experts will challenge the limits and create intuitive, simple and beautiful designs.","attributes":{"color":"var(--TC3)"}},{"insert":"\n","attributes":{"size":"normal"}}]}},"paddV1":15,"hali":""}}},"AP1f4m1ZKT":{"id":"AP1f4m1ZKT","type":"interactive","subtype":"interactivePodCast","setup":{"bg":{"selectedKey":"image","fill":{"opac":1,"rgb":"#FFF"},"img":{"filt":{"opac":100,"gray":0,"blur":0,"tint":{"rgb":"#FFF","opac":0}},"pos":{"type":"fit","fit":{"bg":{"color":{"rgb":"#FFF","opac":100}},"vali":"center","hali":"center"},"crop":{"bg":{"color":{"rgb":"#FFF","opac":0}},"poi":{"x":707,"y":1008.5}},"mask":{"shape":1}},"measures":{"size":{"width":1414,"height":2000}},"orig":{"rType":"asset","rSubType":"image","fileName":"CAMISETA (15).png","fileSize":326056,"val":"mc-4c07acb3a1a00d43cd1b0db236478027.png","aid":"nWowT-CRx"}}},"audio":{"orig":{"rType":"asset","rSubType":"audio","fileName":"high heel shoes.m4a","fileSize":104379,"val":"mc-0904601ae062ba99c9e4a09882a2f138.m4a","aid":"ln3WOdsG8"}}}},"N2lfra72P8":{"id":"N2lfra72P8","type":"interactive","subtype":"interactivePodCast","setup":{"bg":{"selectedKey":"image","fill":{"opac":1,"rgb":"#FFF"},"img":{"filt":{"opac":100,"gray":0,"blur":0,"tint":{"rgb":"#FFF","opac":0}},"pos":{"type":"fit","fit":{"bg":{"color":{"rgb":"#FFF","opac":100}},"vali":"center","hali":"center"},"crop":{"bg":{"color":{"rgb":"#FFF","opac":0}},"poi":{"x":707,"y":486.5}},"mask":{"shape":1}},"measures":{"size":{"width":1414,"height":2000}},"orig":{"rType":"asset","rSubType":"image","fileName":"CAMISETA (16).png","fileSize":635000,"val":"mc-5e2e3515d3196b1d7878221170e872f8.png","aid":"HvbEYicGQ"}}},"audio":{"orig":{"rType":"asset","rSubType":"audio","fileName":"handbag.m4a","fileSize":72599,"val":"mc-c936eb49cca91f7de2d281c498bd6972.m4a","aid":"YuC8vRwqD"}}}},"JTERF4ql6j":{"id":"JTERF4ql6j","type":"interactive","subtype":"interactiveRichText","setup":{"frmeTp":{"selectedKey":"noneFrame"},"bg":{"fill":{"opac":0,"rgb":"#FFF"}},"txt":{"val":{"ops":[{"insert":"   CLOTHES  ","attributes":{"color":"#ffffff","background":"#dc3b8b","bold":true}},{"insert":"\n","attributes":{"align":"center","size":"hugeTitle"}},{"insert":"\n"}]},"rType":"richtext"},"vali":"middle"}},"433_pjKe2M":{"id":"433_pjKe2M","type":"interactive","subtype":"interactivePodCast","setup":{"bg":{"selectedKey":"image","fill":{"opac":1,"rgb":"#FFF"},"img":{"filt":{"opac":100,"gray":0,"blur":0,"tint":{"rgb":"#FFF","opac":0}},"pos":{"type":"fit","fit":{"bg":{"color":{"rgb":"#FFF","opac":100}},"vali":"center","hali":"center"},"crop":{"bg":{"color":{"rgb":"#FFF","opac":0}},"poi":{"x":707,"y":529.5}},"mask":{"shape":1}},"measures":{"size":{"width":1414,"height":2000}},"orig":{"rType":"asset","rSubType":"image","fileName":"CAMISETA (18).png","fileSize":127466,"val":"mc-a90b66362a0081fe66ef26b80c7c33f6.png","aid":"EBF5ebTp4"}}},"audio":{"orig":{"rType":"asset","rSubType":"audio","fileName":"short.m4a","fileSize":67737,"val":"mc-461bc809c8498efffee0aa8c1f1b0d84.m4a","aid":"vd0zethnh"}}}}},"v":"1"}