{"i":{"FXeeMTWPj":{"id":"FXeeMTWPj","type":"slide","setup":{"transparentBg":{"selectedKey":false},"bord":{"size":10,"rad":10},"bg":{"selectedKey":"image","fill":{"opac":1,"rgb":"var(--TC3)"},"img":{"filt":{"opac":100,"gray":0,"blur":0,"tint":{"rgb":"var(--TC3)","opac":0,"blendMode":"multiply"}},"pos":{"type":"crop","fit":{"bg":{"color":{"rgb":"#FFF","opac":100}},"vali":"center","hali":"center"},"crop":{"poi":{"x":120,"y":96}}},"measures":{"size":{"width":259,"height":194}},"orig":{"rType":"asset","rSubType":"image","fileName":"images (7).jpg","fileSize":9867,"aid":"jvYpRDqFpE","val":"mc-267e501f9d9ece86712a404699b009fe.jpg"}}}}},"g7GlqcVwUt":{"id":"g7GlqcVwUt","type":"interactive","subtype":"interactivePodCast","setup":{"bg":{"selectedKey":"image","fill":{"opac":1,"rgb":"#FFF"},"img":{"filt":{"opac":100,"gray":0,"blur":0,"tint":{"rgb":"#FFF","opac":0}},"pos":{"type":"fit","fit":{"bg":{"color":{"rgb":"#FFF","opac":100}},"vali":"center","hali":"center"},"crop":{"bg":{"color":{"rgb":"#FFF","opac":0}},"poi":{"x":707,"y":1443.5}},"mask":{"shape":1}},"measures":{"size":{"width":1414,"height":2000}},"orig":{"rType":"asset","rSubType":"image","fileName":"CAMISETA (8).png","fileSize":882480,"val":"mc-ee4a0cc0580a8b9d954d2ce274a684d7.png","aid":"r-tuRUQ53"}}},"audio":{"orig":{"rType":"asset","rSubType":"audio","fileName":"dress.m4a","fileSize":78523,"val":"mc-27ac168cdd50863d60f442e141a9c9df.m4a","aid":"VJhqxdPbg"}}}},"RcDIHOQPft":{"id":"RcDIHOQPft","type":"interactive","subtype":"interactiveCard","setup":{"animation":{"selectedKey":"fade"},"front":{"selectedKey":"fill","fill":{"opac":0.95,"rgb":"var(--TC3)"},"img":{"filt":{"opac":100,"gray":0,"blur":0,"tint":{"rgb":"#e50a4f","opac":0}},"pos":{"type":"crop","fit":{"bg":{"color":{"rgb":"#FFF","opac":100}},"vali":"center","hali":"center"},"crop":{"poi":{"x":552,"y":360}}},"measures":{"size":{"width":1080,"height":720}}},"txt":{"rType":"richtext","val":{"ops":[{"insert":"Our Item 6","attributes":{"color":"var(--TC1)","bold":true}},{"insert":"\n","attributes":{"align":"center","size":"large"}}]}},"rType":"richtext","hali":"","vali":"middle","paddV1":10},"back":{"selectedKey":"fill","fill":{"opac":0.5,"rgb":"var(--TC2)"},"img":{"filt":{"opac":100,"gray":100,"blur":0,"tint":{"rgb":"#fff","opac":0.9}},"pos":{"type":"crop","fit":{"bg":{"color":{"rgb":"#FFF","opac":100}},"vali":"center","hali":"center"},"crop":{"poi":{"x":552,"y":360}}},"measures":{"size":{"width":1080,"height":720}}},"rType":"richtext","vali":"top","txt":{"rType":"richtext","val":{"ops":[{"insert":"We want to know why your idea makes sense, why it's  going to be a success, why a user would be interested on it. Once at this point, our strategy experts will challenge the limits and create intuitive, simple and beautiful designs.","attributes":{"color":"var(--TC3)"}},{"insert":"\n","attributes":{"size":"normal"}}]}},"paddV1":15,"hali":""}}},"4Ne1q9C9ZK":{"id":"4Ne1q9C9ZK","type":"interactive","subtype":"interactiveRichText","setup":{"frmeTp":{"selectedKey":"noneFrame"},"bg":{"fill":{"opac":0,"rgb":"#FFF"}},"txt":{"val":{"ops":[{"insert":"   CLOTHES  ","attributes":{"color":"#ffffff","background":"#dc3b8b","bold":true}},{"insert":"\n","attributes":{"align":"center","size":"hugeTitle"}},{"insert":"\n"}]},"rType":"richtext"},"vali":"middle"}},"Gvy_rNaY4b":{"id":"Gvy_rNaY4b","type":"interactive","subtype":"interactivePodCast","setup":{"bg":{"selectedKey":"image","fill":{"opac":1,"rgb":"#FFF"},"img":{"filt":{"opac":100,"gray":0,"blur":0,"tint":{"rgb":"#FFF","opac":0}},"pos":{"type":"fit","fit":{"bg":{"color":{"rgb":"#FFF","opac":100}},"vali":"center","hali":"center"},"crop":{"bg":{"color":{"rgb":"#FFF","opac":0}},"poi":{"x":707,"y":1486.5}},"mask":{"shape":1}},"measures":{"size":{"width":1414,"height":2000}},"orig":{"rType":"asset","rSubType":"image","fileName":"CAMISETA (7).png","fileSize":328670,"val":"mc-5720b5e03fcaad692dcd11998bc593e5.png","aid":"5zJmyGQeC"}}},"audio":{"orig":{"rType":"asset","rSubType":"audio","fileName":"tie.m4a","fileSize":70203,"val":"mc-1d5590cb401509bafa0d3fd97d50ee00.m4a","aid":"0Fz2FcdLS"}}}},"3kplxaPjgg":{"id":"3kplxaPjgg","type":"interactive","subtype":"interactivePodCast","setup":{"bg":{"selectedKey":"image","fill":{"opac":1,"rgb":"#FFF"},"img":{"filt":{"opac":100,"gray":0,"blur":0,"tint":{"rgb":"#FFF","opac":0}},"pos":{"type":"fit","fit":{"bg":{"color":{"rgb":"#FFF","opac":100}},"vali":"center","hali":"center"},"crop":{"bg":{"color":{"rgb":"#FFF","opac":0}},"poi":{"x":707,"y":877.5}},"mask":{"shape":1}},"measures":{"size":{"width":1414,"height":2000}},"orig":{"rType":"asset","rSubType":"image","fileName":"CAMISETA (9).png","fileSize":510816,"val":"mc-d900a3fd3197d7e6c78b070153644652.png","aid":"lWnh6hsft"}}},"audio":{"orig":{"rType":"asset","rSubType":"audio","fileName":"smoking.m4a","fileSize":70829,"val":"mc-589fd46470da1dd0e6704155632f1e45.m4a","aid":"96Lm2igYz"}}}},"MA5sOdKGRh":{"id":"MA5sOdKGRh","type":"interactive","subtype":"interactivePodCast","setup":{"bg":{"selectedKey":"image","fill":{"opac":1,"rgb":"#FFF"},"img":{"filt":{"opac":100,"gray":0,"blur":0,"tint":{"rgb":"#FFF","opac":0}},"pos":{"type":"fit","fit":{"bg":{"color":{"rgb":"#FFF","opac":100}},"vali":"center","hali":"center"},"crop":{"bg":{"color":{"rgb":"#FFF","opac":0}},"poi":{"x":707,"y":964.5}},"mask":{"shape":1}},"measures":{"size":{"width":1414,"height":2000}},"orig":{"rType":"asset","rSubType":"image","fileName":"CAMISETA (10).png","fileSize":392327,"val":"mc-4f7c1dddd1808c876d3e7491996ec23b.png","aid":"akKWoq2RR"}}},"audio":{"orig":{"rType":"asset","rSubType":"audio","fileName":"gloves.m4a","fileSize":71560,"val":"mc-cf463bac4a5bb3e4e64981d51d29156a.m4a","aid":"zlKcGQ5vB"}}}}},"v":"1"}