[{"rType":"asset","rSubType":"image","fileName":"COLORES (23).png","fileSize":405148,"val":"mc-a423a3e18bc3e99aa5d028332439de9f.png","aid":"NjK_LPfNx","size":405148},{"rType":"asset","rSubType":"audio","fileName":"white.m4a","fileSize":60569,"val":"mc-4a2293f7cf39e1259a61ddff9e7d64bd.m4a","aid":"fQJLO1ObD","size":60569},{"rType":"asset","rSubType":"image","fileName":"COLORES (22).png","fileSize":437228,"val":"mc-058a9e33741ab2600fc57c7fbadf57a9.png","aid":"TO86rpjpw","size":437228},{"rType":"asset","rSubType":"audio","fileName":"dark blue.m4a","fileSize":66713,"val":"mc-b20c2658f66fced7458339bc1db7f415.m4a","aid":"WBdQ968I3","size":66713},{"rType":"asset","rSubType":"image","fileName":"COLORES (29).png","fileSize":420767,"val":"mc-6a5473873a3f928dd11c0f7509068352.png","aid":"_EyEwDeXQ","size":420767},{"rType":"asset","rSubType":"audio","fileName":"Light blue.m4a","fileSize":70587,"val":"mc-a60501efe883bbf1028ba02b1026b482.m4a","aid":"18fKcfkfa","size":70587},{"rType":"asset","rSubType":"image","fileName":"COLORES (28).png","fileSize":426826,"val":"mc-280597508876dad64a14bdf1cafa939c.png","aid":"Eb9qnyDmw","size":426826},{"rType":"asset","rSubType":"audio","fileName":"orange.m4a","fileSize":58521,"val":"mc-9e620e216ea9a2dc298bb953d3f6a3b8.m4a","aid":"Y0g0WUT4e","size":58521},{"rType":"asset","rSubType":"image","fileName":"COLORES (26).png","fileSize":407444,"val":"mc-b4d1fdb35053513836902256d832646a.png","aid":"9oXxSk_PR","size":407444},{"rType":"asset","rSubType":"audio","fileName":"blue.m4a","fileSize":58521,"val":"mc-8234289c62cfabe0d35548bc29dc3a17.m4a","aid":"ddQgfdeA9","size":58521},{"rType":"asset","rSubType":"image","fileName":"COLORES (30).png","fileSize":418868,"val":"mc-109fe3a2b08623051334d367c30a87db.png","aid":"Z76kSLeTY","size":418868},{"rType":"asset","rSubType":"audio","fileName":"pink.m4a","fileSize":65689,"val":"mc-a9b693ba91806d062fd74e533b23b5dc.m4a","aid":"5V_d8uUfd","size":65689},{"rType":"asset","rSubType":"image","fileName":"COLORES (31).png","fileSize":431175,"val":"mc-a26f78de817e6fab32f0a5c38896f343.png","aid":"5FnjGXECu","size":431175},{"rType":"asset","rSubType":"audio","fileName":"light green.m4a","fileSize":59545,"val":"mc-19bb56fe58bae8111b476c50e4f9a848.m4a","aid":"QCVzwW7cV","size":59545},{"rType":"asset","rSubType":"image","fileName":"COLORES (20).png","fileSize":422414,"val":"mc-316aa8eb2adfe004de76f526eef19a8a.png","aid":"Xibtmyeal","size":422414},{"rType":"asset","rSubType":"audio","fileName":"violet.m4a","fileSize":78775,"val":"mc-a45970d9672b485a03ebdc7aa066ae3b.m4a","aid":"1x0k1PrMU","size":78775},{"rType":"asset","rSubType":"image","fileName":"2126.jpg","fileSize":1584749,"val":"mc-e3fb9af7803712e07e23b03264290757.jpg","aid":"_MoqxfHfa","size":1584749},{"rType":"asset","rSubType":"image","fileName":"unsplash.jpg","fileSize":0,"val":"mc-2bdf984123efbaf1c6a58561c28ae404.jpg","aid":"Z_g9A9RcBD","size":1095400},{"rType":"asset","rSubType":"image","fileName":"COLORES (24).png","fileSize":420803,"val":"mc-769a92ea9b9771b3d6170214af0e0b26.png","aid":"t-ijPL_qu","size":420803},{"rType":"asset","rSubType":"audio","fileName":"yelow.m4a","fileSize":62617,"val":"mc-7fac760281a0dae11bf400bf70486957.m4a","aid":"MCMBHV7Bg","size":62617},{"rType":"asset","rSubType":"image","fileName":"COLORES (33).png","fileSize":427260,"val":"mc-fd26054f1f262da331b708666bfc6152.png","aid":"7Av4p8lwQ","size":427260},{"rType":"asset","rSubType":"audio","fileName":"black.m4a","fileSize":61593,"val":"mc-62ddd41176f26c53f28ff76125790deb.m4a","aid":"sf4pi7dcK","size":61593},{"rType":"asset","rSubType":"image","fileName":"COLORES (21).png","fileSize":445800,"val":"mc-a7d6747140cb82ea78c0bccc21f58551.png","aid":"CPRK_11Gb","size":445800},{"rType":"asset","rSubType":"audio","fileName":"brown .m4a","fileSize":60569,"val":"mc-b313f8345101bbb3182d323f1dcd779e.m4a","aid":"6HaFrdejU","size":60569},{"rType":"asset","rSubType":"image","fileName":"COLORES (19).png","fileSize":433299,"val":"mc-dd3851addebe9b0b8f5b536b91e73b69.png","aid":"6LYVUbkCd","size":433299},{"rType":"asset","rSubType":"audio","fileName":"fuchsia.m4a","fileSize":51353,"val":"mc-17edad19b59ae44816c5e5561c2eed4e.m4a","aid":"VtVqpDhXb","size":51353},{"rType":"asset","rSubType":"image","fileName":"COLORES (18).png","fileSize":414861,"val":"mc-0e6d5604bcc85e75d16560120da3421d.png","aid":"BB39M2uWb","size":414861},{"rType":"asset","rSubType":"audio","fileName":"red.m4a","fileSize":70678,"val":"mc-83f6a42ea234701c54011c4e1edf4d81.m4a","aid":"nXtabdwT8","size":70678},{"rType":"asset","rSubType":"image","fileName":"COLORES (25).png","fileSize":420499,"val":"mc-45ffb5d09bf94b2b6a40cd1f17119d16.png","aid":"ZJjSFwjm3","size":420499},{"rType":"asset","rSubType":"audio","fileName":"green.m4a","fileSize":61593,"val":"mc-4855387d85328ebe7fb353303f8e0e4b.m4a","aid":"5oRp_LrrX","size":61593},{"rType":"asset","rSubType":"image","fileName":"COLORES (27).png","fileSize":435558,"val":"mc-9a476ef006b6b366e18b66e47837085e.png","aid":"pq8qRAeH6","size":435558},{"rType":"asset","rSubType":"audio","fileName":"turquise.m4a","fileSize":63641,"val":"mc-79eb1970c1c11d2165b22d66ed770912.m4a","aid":"KoqUk8xUP","size":63641},{"rType":"asset","rSubType":"image","fileName":"COLORES (32).png","fileSize":420898,"val":"mc-5e9d6f8bda112c547c33b73bf3157269.png","aid":"qPUY8iWfW","size":420898},{"rType":"asset","rSubType":"audio","fileName":"gray.m4a","fileSize":54425,"val":"mc-8c68d17e1650c048165865620dfaa2f6.m4a","aid":"UKquiYvZk","size":54425}]