{"i":{"ZrFgE8aqf":{"id":"ZrFgE8aqf","type":"slide","setup":{"bg":{"selectedKey":"fill","fill":{"opac":1,"rgb":"#fe860d"}},"transparentBg":{"selectedKey":false},"bord":{"size":10,"rad":10}}},"7yjq8u_Nmx":{"id":"7yjq8u_Nmx","type":"interactive","subtype":"interactiveRichText","setup":{"frmeTp":{"selectedKey":"noneFrame"},"bg":{"fill":{"opac":0,"rgb":"#FFF"}},"txt":{"val":{"ops":[{"insert":"\n","attributes":{"size":"giant"}},{"attributes":{"align":"center","size":"giant"},"insert":"\n"},{"insert":"THE COLORS","attributes":{"bold":true,"color":"var(--TC2)"}},{"insert":"\n\n\n","attributes":{"align":"center","size":"giant"}}]},"rType":"richtext"},"vali":"middle","hali":""}},"iYC-1gZML":{"id":"iYC-1gZML","type":"interactive","subtype":"interactivePodCast","setup":{"bg":{"selectedKey":"image","fill":{"opac":1,"rgb":"#FFF"},"img":{"filt":{"opac":100,"gray":0,"blur":0,"tint":{"rgb":"#FFF","opac":0}},"pos":{"type":"crop","fit":{"bg":{"color":{"rgb":"#FFF","opac":100}},"vali":"center","hali":"center"},"crop":{"bg":{"color":{"rgb":"#FFF","opac":0}},"poi":{"x":707,"y":1486.5}},"mask":{"shape":1}},"measures":{"size":{"width":1414,"height":2000}},"orig":{"rType":"asset","rSubType":"image","fileName":"COLORES (31).png","fileSize":431175,"val":"mc-a26f78de817e6fab32f0a5c38896f343.png","aid":"5FnjGXECu"}}},"audio":{"orig":{"rType":"asset","rSubType":"audio","fileName":"light green.m4a","fileSize":59545,"val":"mc-19bb56fe58bae8111b476c50e4f9a848.m4a","aid":"QCVzwW7cV"}}}},"xewYJi9XKR":{"id":"xewYJi9XKR","type":"interactive","subtype":"interactivePodCast","setup":{"bg":{"selectedKey":"image","fill":{"opac":1,"rgb":"#FFF"},"img":{"filt":{"opac":100,"gray":0,"blur":0,"tint":{"rgb":"#FFF","opac":0}},"pos":{"type":"crop","fit":{"bg":{"color":{"rgb":"#FFF","opac":100}},"vali":"center","hali":"center"},"crop":{"bg":{"color":{"rgb":"#FFF","opac":0}},"poi":{"x":707,"y":964.5}},"mask":{"shape":1}},"measures":{"size":{"width":1414,"height":2000}},"orig":{"rType":"asset","rSubType":"image","fileName":"COLORES (24).png","fileSize":420803,"val":"mc-769a92ea9b9771b3d6170214af0e0b26.png","aid":"t-ijPL_qu"}}},"audio":{"orig":{"rType":"asset","rSubType":"audio","fileName":"yelow.m4a","fileSize":62617,"val":"mc-7fac760281a0dae11bf400bf70486957.m4a","aid":"MCMBHV7Bg"}}}},"GLsu_nzOB3":{"id":"GLsu_nzOB3","type":"interactive","subtype":"interactivePodCast","setup":{"bg":{"selectedKey":"image","fill":{"opac":1,"rgb":"#FFF"},"img":{"filt":{"opac":100,"gray":0,"blur":0,"tint":{"rgb":"#FFF","opac":0}},"pos":{"type":"crop","fit":{"bg":{"color":{"rgb":"#FFF","opac":100}},"vali":"center","hali":"center"},"crop":{"bg":{"color":{"rgb":"#FFF","opac":0}},"poi":{"x":707,"y":1486.5}},"mask":{"shape":1}},"measures":{"size":{"width":1414,"height":2000}},"orig":{"rType":"asset","rSubType":"image","fileName":"COLORES (25).png","fileSize":420499,"val":"mc-45ffb5d09bf94b2b6a40cd1f17119d16.png","aid":"ZJjSFwjm3"}}},"audio":{"orig":{"rType":"asset","rSubType":"audio","fileName":"green.m4a","fileSize":61593,"val":"mc-4855387d85328ebe7fb353303f8e0e4b.m4a","aid":"5oRp_LrrX"}}}},"0S7X5-k2a":{"id":"0S7X5-k2a","type":"interactive","subtype":"interactivePodCast","setup":{"bg":{"selectedKey":"image","fill":{"opac":1,"rgb":"#FFF"},"img":{"filt":{"opac":100,"gray":0,"blur":0,"tint":{"rgb":"#FFF","opac":0}},"pos":{"type":"crop","fit":{"bg":{"color":{"rgb":"#FFF","opac":100}},"vali":"center","hali":"center"},"crop":{"bg":{"color":{"rgb":"#FFF","opac":0}},"poi":{"x":707,"y":1486.5}},"mask":{"shape":1}},"measures":{"size":{"width":1414,"height":2000}},"orig":{"rType":"asset","rSubType":"image","fileName":"COLORES (27).png","fileSize":435558,"val":"mc-9a476ef006b6b366e18b66e47837085e.png","aid":"pq8qRAeH6"}}},"audio":{"orig":{"rType":"asset","rSubType":"audio","fileName":"turquise.m4a","fileSize":63641,"val":"mc-79eb1970c1c11d2165b22d66ed770912.m4a","aid":"KoqUk8xUP"}}}}},"v":"1"}