{"i":{"HvjB4m85C":{"id":"HvjB4m85C","type":"slide","setup":{"bord":{"size":10,"rad":10},"bg":{"selectedKey":"fill","fill":{"opac":1,"rgb":"#ff0000"}},"transparentBg":{"selectedKey":false}}},"JXvTSi8p9d":{"id":"JXvTSi8p9d","type":"interactive","subtype":"interactiveRichText","setup":{"frmeTp":{"selectedKey":"noneFrame"},"bg":{"fill":{"opac":0,"rgb":"#fe860d"}},"txt":{"val":{"ops":[{"insert":"\n","attributes":{"size":"giant"}},{"attributes":{"align":"center","size":"giant"},"insert":"\n"},{"insert":"THE COLORS","attributes":{"color":"var(--TC2)","bold":true}},{"insert":"\n\n\n","attributes":{"align":"center","size":"giant"}}]},"rType":"richtext"},"vali":"middle","hali":""}},"SdoCAWPvdK":{"id":"SdoCAWPvdK","type":"interactive","subtype":"interactivePodCast","setup":{"bg":{"selectedKey":"image","fill":{"opac":1,"rgb":"#FFF"},"img":{"filt":{"opac":100,"gray":0,"blur":0,"tint":{"rgb":"#FFF","opac":0}},"pos":{"type":"crop","fit":{"bg":{"color":{"rgb":"#FFF","opac":100}},"vali":"center","hali":"center"},"crop":{"bg":{"color":{"rgb":"#FFF","opac":0}},"poi":{"x":707,"y":1486.5}},"mask":{"shape":1}},"measures":{"size":{"width":1414,"height":2000}},"orig":{"rType":"asset","rSubType":"image","fileName":"COLORES (30).png","fileSize":418868,"val":"mc-109fe3a2b08623051334d367c30a87db.png","aid":"Z76kSLeTY"}}},"audio":{"orig":{"rType":"asset","rSubType":"audio","fileName":"pink.m4a","fileSize":65689,"val":"mc-a9b693ba91806d062fd74e533b23b5dc.m4a","aid":"5V_d8uUfd"}}}},"PJ3LZ5Q9L":{"id":"PJ3LZ5Q9L","type":"interactive","subtype":"interactivePodCast","setup":{"bg":{"selectedKey":"image","fill":{"opac":1,"rgb":"#FFF"},"img":{"filt":{"opac":100,"gray":0,"blur":0,"tint":{"rgb":"#FFF","opac":0}},"pos":{"type":"crop","fit":{"bg":{"color":{"rgb":"#FFF","opac":100}},"vali":"center","hali":"center"},"crop":{"bg":{"color":{"rgb":"#FFF","opac":0}},"poi":{"x":707,"y":1486.5}},"mask":{"shape":1}},"measures":{"size":{"width":1414,"height":2000}},"orig":{"rType":"asset","rSubType":"image","fileName":"COLORES (21).png","fileSize":445800,"val":"mc-a7d6747140cb82ea78c0bccc21f58551.png","aid":"CPRK_11Gb"}}},"audio":{"orig":{"rType":"asset","rSubType":"audio","fileName":"brown .m4a","fileSize":60569,"val":"mc-b313f8345101bbb3182d323f1dcd779e.m4a","aid":"6HaFrdejU"}}}},"VEfi0EBj2y":{"id":"VEfi0EBj2y","type":"interactive","subtype":"interactivePodCast","setup":{"bg":{"selectedKey":"image","fill":{"opac":1,"rgb":"#FFF"},"img":{"filt":{"opac":100,"gray":0,"blur":0,"tint":{"rgb":"#FFF","opac":0}},"pos":{"type":"crop","fit":{"bg":{"color":{"rgb":"#FFF","opac":100}},"vali":"center","hali":"center"},"crop":{"bg":{"color":{"rgb":"#FFF","opac":0}},"poi":{"x":707,"y":1486.5}},"mask":{"shape":1}},"measures":{"size":{"width":1414,"height":2000}},"orig":{"rType":"asset","rSubType":"image","fileName":"COLORES (19).png","fileSize":433299,"val":"mc-dd3851addebe9b0b8f5b536b91e73b69.png","aid":"6LYVUbkCd"}}},"audio":{"orig":{"rType":"asset","rSubType":"audio","fileName":"fuchsia.m4a","fileSize":51353,"val":"mc-17edad19b59ae44816c5e5561c2eed4e.m4a","aid":"VtVqpDhXb"}}}},"6Z2oD_LazH":{"id":"6Z2oD_LazH","type":"interactive","subtype":"interactivePodCast","setup":{"bg":{"selectedKey":"image","fill":{"opac":1,"rgb":"#FFF"},"img":{"filt":{"opac":100,"gray":0,"blur":0,"tint":{"rgb":"#FFF","opac":0}},"pos":{"type":"crop","fit":{"bg":{"color":{"rgb":"#FFF","opac":100}},"vali":"center","hali":"center"},"crop":{"bg":{"color":{"rgb":"#FFF","opac":0}},"poi":{"x":707,"y":1486.5}},"mask":{"shape":1}},"measures":{"size":{"width":1414,"height":2000}},"orig":{"rType":"asset","rSubType":"image","fileName":"COLORES (32).png","fileSize":420898,"val":"mc-5e9d6f8bda112c547c33b73bf3157269.png","aid":"qPUY8iWfW"}}},"audio":{"orig":{"rType":"asset","rSubType":"audio","fileName":"gray.m4a","fileSize":54425,"val":"mc-8c68d17e1650c048165865620dfaa2f6.m4a","aid":"UKquiYvZk"}}}}},"v":"1"}