{"i":{"CVeLeTUJTN":{"id":"CVeLeTUJTN","type":"slide","setup":{"bg":{"selectedKey":"fill","fill":{"opac":1,"rgb":"#ffff00"}},"transparentBg":{"selectedKey":false},"bord":{"size":10,"rad":10}}},"c2rtg8a13":{"id":"c2rtg8a13","type":"interactive","subtype":"interactivePodCast","setup":{"bg":{"selectedKey":"image","fill":{"opac":1,"rgb":"#FFF"},"img":{"filt":{"opac":100,"gray":0,"blur":0,"tint":{"rgb":"#FFF","opac":0}},"pos":{"type":"crop","fit":{"bg":{"color":{"rgb":"#FFF","opac":100}},"vali":"center","hali":"center"},"crop":{"bg":{"color":{"rgb":"#FFF","opac":0}},"poi":{"x":707,"y":964.5}},"mask":{"shape":1}},"measures":{"size":{"width":1414,"height":2000}},"orig":{"rType":"asset","rSubType":"image","fileName":"COLORES (22).png","fileSize":437228,"val":"mc-058a9e33741ab2600fc57c7fbadf57a9.png","aid":"TO86rpjpw"}}},"audio":{"orig":{"rType":"asset","rSubType":"audio","fileName":"dark blue.m4a","fileSize":66713,"val":"mc-b20c2658f66fced7458339bc1db7f415.m4a","aid":"WBdQ968I3"}}}},"FKibcBcll":{"id":"FKibcBcll","type":"interactive","subtype":"interactivePodCast","setup":{"bg":{"selectedKey":"image","fill":{"opac":1,"rgb":"#FFF"},"img":{"filt":{"opac":100,"gray":0,"blur":0,"tint":{"rgb":"#FFF","opac":0}},"pos":{"type":"crop","fit":{"bg":{"color":{"rgb":"#FFF","opac":100}},"vali":"center","hali":"center"},"crop":{"bg":{"color":{"rgb":"#FFF","opac":0}},"poi":{"x":707,"y":1486.5}},"mask":{"shape":1}},"measures":{"size":{"width":1414,"height":2000}},"orig":{"rType":"asset","rSubType":"image","fileName":"COLORES (29).png","fileSize":420767,"val":"mc-6a5473873a3f928dd11c0f7509068352.png","aid":"_EyEwDeXQ"}}},"audio":{"orig":{"rType":"asset","rSubType":"audio","fileName":"Light blue.m4a","fileSize":70587,"val":"mc-a60501efe883bbf1028ba02b1026b482.m4a","aid":"18fKcfkfa"}}}},"9aBN2aTMc":{"id":"9aBN2aTMc","type":"interactive","subtype":"interactivePodCast","setup":{"bg":{"selectedKey":"image","fill":{"opac":1,"rgb":"#FFF"},"img":{"filt":{"opac":100,"gray":0,"blur":0,"tint":{"rgb":"#FFF","opac":0}},"pos":{"type":"crop","fit":{"bg":{"color":{"rgb":"#FFF","opac":100}},"vali":"center","hali":"center"},"crop":{"bg":{"color":{"rgb":"#FFF","opac":0}},"poi":{"x":707,"y":1486.5}},"mask":{"shape":1}},"measures":{"size":{"width":1414,"height":2000}},"orig":{"rType":"asset","rSubType":"image","fileName":"COLORES (26).png","fileSize":407444,"val":"mc-b4d1fdb35053513836902256d832646a.png","aid":"9oXxSk_PR"}}},"audio":{"orig":{"rType":"asset","rSubType":"audio","fileName":"blue.m4a","fileSize":58521,"val":"mc-8234289c62cfabe0d35548bc29dc3a17.m4a","aid":"ddQgfdeA9"}}}},"8p0PfL-zX":{"id":"8p0PfL-zX","type":"interactive","subtype":"interactiveRichText","setup":{"frmeTp":{"selectedKey":"noneFrame"},"bg":{"fill":{"opac":0,"rgb":"#FFF"}},"txt":{"val":{"ops":[{"insert":"\n","attributes":{"size":"giant"}},{"insert":"THE COLORS","attributes":{"color":"var(--TC2)","bold":true}},{"insert":"\n\n","attributes":{"align":"center","size":"giant"}}]},"rType":"richtext"},"vali":"middle","hali":""}},"tTQsDyLgn":{"id":"tTQsDyLgn","type":"interactive","subtype":"interactivePodCast","setup":{"bg":{"selectedKey":"image","fill":{"opac":1,"rgb":"#FFF"},"img":{"filt":{"opac":100,"gray":0,"blur":0,"tint":{"rgb":"#FFF","opac":0}},"pos":{"type":"crop","fit":{"bg":{"color":{"rgb":"#FFF","opac":100}},"vali":"center","hali":"center"},"crop":{"bg":{"color":{"rgb":"#FFF","opac":0}},"poi":{"x":707,"y":1008.5}},"mask":{"shape":1}},"measures":{"size":{"width":1414,"height":2000}},"orig":{"rType":"asset","rSubType":"image","fileName":"COLORES (18).png","fileSize":414861,"val":"mc-0e6d5604bcc85e75d16560120da3421d.png","aid":"BB39M2uWb"}}},"audio":{"orig":{"rType":"asset","rSubType":"audio","fileName":"red.m4a","fileSize":70678,"val":"mc-83f6a42ea234701c54011c4e1edf4d81.m4a","aid":"nXtabdwT8"}}}}},"v":"1"}