{"i":{"sfrw6JebS":{"id":"sfrw6JebS","type":"slide","setup":{"bg":{"selectedKey":"fill","fill":{"opac":1,"rgb":"#ff00ff"}},"transparentBg":{"selectedKey":false},"bord":{"size":10,"rad":10}}},"V_-Q4hTLY":{"id":"V_-Q4hTLY","type":"interactive","subtype":"interactivePodCast","setup":{"bg":{"selectedKey":"image","fill":{"opac":1,"rgb":"#FFF"},"img":{"filt":{"opac":100,"gray":0,"blur":0,"tint":{"rgb":"#FFF","opac":0}},"pos":{"type":"crop","fit":{"bg":{"color":{"rgb":"#FFF","opac":100}},"vali":"center","hali":"center"},"crop":{"bg":{"color":{"rgb":"#FFF","opac":0}},"poi":{"x":707,"y":1486.5}},"mask":{"shape":1}},"measures":{"size":{"width":1414,"height":2000}},"orig":{"rType":"asset","rSubType":"image","fileName":"COLORES (23).png","fileSize":405148,"val":"mc-a423a3e18bc3e99aa5d028332439de9f.png","aid":"NjK_LPfNx"}}},"audio":{"orig":{"rType":"asset","rSubType":"audio","fileName":"white.m4a","fileSize":60569,"val":"mc-4a2293f7cf39e1259a61ddff9e7d64bd.m4a","aid":"fQJLO1ObD"}}}},"LOveg3__M2":{"id":"LOveg3__M2","type":"interactive","subtype":"interactiveRichText","setup":{"frmeTp":{"selectedKey":"noneFrame"},"bg":{"fill":{"opac":0,"rgb":"#fe860d"}},"txt":{"val":{"ops":[{"insert":"\n","attributes":{"size":"giant"}},{"attributes":{"align":"center","size":"giant"},"insert":"\n"},{"insert":"THE COLORS","attributes":{"color":"var(--TC2)","bold":true}},{"insert":"\n\n\n","attributes":{"align":"center","size":"giant"}}]},"rType":"richtext"},"vali":"middle","hali":""}},"8JOWPbhast":{"id":"8JOWPbhast","type":"interactive","subtype":"interactivePodCast","setup":{"bg":{"selectedKey":"image","fill":{"opac":1,"rgb":"#FFF"},"img":{"filt":{"opac":100,"gray":0,"blur":0,"tint":{"rgb":"#FFF","opac":0}},"pos":{"type":"crop","fit":{"bg":{"color":{"rgb":"#FFF","opac":100}},"vali":"center","hali":"center"},"crop":{"bg":{"color":{"rgb":"#FFF","opac":0}},"poi":{"x":707,"y":964.5}},"mask":{"shape":1}},"measures":{"size":{"width":1414,"height":2000}},"orig":{"rType":"asset","rSubType":"image","fileName":"COLORES (28).png","fileSize":426826,"val":"mc-280597508876dad64a14bdf1cafa939c.png","aid":"Eb9qnyDmw"}}},"audio":{"orig":{"rType":"asset","rSubType":"audio","fileName":"orange.m4a","fileSize":58521,"val":"mc-9e620e216ea9a2dc298bb953d3f6a3b8.m4a","aid":"Y0g0WUT4e"}}}},"C3Rkyrt3Bk":{"id":"C3Rkyrt3Bk","type":"interactive","subtype":"interactivePodCast","setup":{"bg":{"selectedKey":"image","fill":{"opac":1,"rgb":"#FFF"},"img":{"filt":{"opac":100,"gray":0,"blur":0,"tint":{"rgb":"#FFF","opac":0}},"pos":{"type":"crop","fit":{"bg":{"color":{"rgb":"#FFF","opac":100}},"vali":"center","hali":"center"},"crop":{"bg":{"color":{"rgb":"#FFF","opac":0}},"poi":{"x":707,"y":1486.5}},"mask":{"shape":1}},"measures":{"size":{"width":1414,"height":2000}},"orig":{"rType":"asset","rSubType":"image","fileName":"COLORES (20).png","fileSize":422414,"val":"mc-316aa8eb2adfe004de76f526eef19a8a.png","aid":"Xibtmyeal"}}},"audio":{"orig":{"rType":"asset","rSubType":"audio","fileName":"violet.m4a","fileSize":78775,"val":"mc-a45970d9672b485a03ebdc7aa066ae3b.m4a","aid":"1x0k1PrMU"}}}},"_kBhrbY30":{"id":"_kBhrbY30","type":"interactive","subtype":"interactivePodCast","setup":{"bg":{"selectedKey":"image","fill":{"opac":1,"rgb":"#FFF"},"img":{"filt":{"opac":100,"gray":0,"blur":0,"tint":{"rgb":"#FFF","opac":0}},"pos":{"type":"crop","fit":{"bg":{"color":{"rgb":"#FFF","opac":100}},"vali":"center","hali":"center"},"crop":{"bg":{"color":{"rgb":"#FFF","opac":0}},"poi":{"x":707,"y":1486.5}},"mask":{"shape":1}},"measures":{"size":{"width":1414,"height":2000}},"orig":{"rType":"asset","rSubType":"image","fileName":"COLORES (33).png","fileSize":427260,"val":"mc-fd26054f1f262da331b708666bfc6152.png","aid":"7Av4p8lwQ"}}},"audio":{"orig":{"rType":"asset","rSubType":"audio","fileName":"black.m4a","fileSize":61593,"val":"mc-62ddd41176f26c53f28ff76125790deb.m4a","aid":"sf4pi7dcK"}}}}},"v":"1"}