[{"rType":"asset","rSubType":"image","fileName":"parque-infantil-blanco-toboganes-escena_1308-53112.jpg","fileSize":48070,"aid":"P4h-Yrcq0UO","val":"mc-e464742f20edace490ee3b5356e3d823.jpg","size":48070},{"rType":"asset","rSubType":"image","fileName":"tu .png","fileSize":229075,"val":"mc-ad74c250c5d89f9807a826c5e1c89f36.png","aid":"H2d2jRI1l0","size":229075},{"rType":"asset","rSubType":"image","fileName":"tu .png","fileSize":229075,"val":"mc-ad74c250c5d89f9807a826c5e1c89f36.png","aid":"LKphxRpRas7","size":229075},{"rType":"asset","rSubType":"image","fileName":"yo.png","fileSize":105339,"val":"mc-9da0f77771f83232a3cf389620f2f412.png","aid":"19WbCiRJEx","size":105339},{"rType":"asset","rSubType":"image","fileName":"yo.png","fileSize":105339,"val":"mc-9da0f77771f83232a3cf389620f2f412.png","aid":"mHS1wWmLlF","size":105339},{"rType":"asset","rSubType":"image","fileName":"yo.png","fileSize":105339,"val":"mc-9da0f77771f83232a3cf389620f2f412.png","aid":"D_jqpP4sekX","size":105339},{"rType":"asset","rSubType":"image","fileName":"tu .png","fileSize":229075,"val":"mc-ad74c250c5d89f9807a826c5e1c89f36.png","aid":"c0wflJc0Af","size":229075},{"rType":"asset","rSubType":"image","fileName":"parque-infantil-blanco-toboganes-escena_1308-53112.jpg","fileSize":48070,"aid":"OzT97ZB2DcN","val":"mc-e464742f20edace490ee3b5356e3d823.jpg","size":48070},{"rType":"asset","rSubType":"image","fileName":"tu .png","fileSize":229075,"val":"mc-ad74c250c5d89f9807a826c5e1c89f36.png","aid":"uE0FgCLmN6","size":229075},{"rType":"asset","rSubType":"image","fileName":"tu .png","fileSize":229075,"val":"mc-ad74c250c5d89f9807a826c5e1c89f36.png","aid":"CLtFMjdEX2","size":229075},{"rType":"asset","rSubType":"image","fileName":"parque-infantil-blanco-toboganes-escena_1308-53112.jpg","fileSize":48070,"aid":"UdX1tQ8eoO","val":"mc-e464742f20edace490ee3b5356e3d823.jpg","size":48070},{"rType":"asset","rSubType":"image","fileName":"tu .png","fileSize":229075,"val":"mc-ad74c250c5d89f9807a826c5e1c89f36.png","aid":"1SjldLp_2I5","size":229075},{"rType":"asset","rSubType":"image","fileName":"unsplash.jpg","fileSize":0,"val":"mc-fef853b1973cd84967676d07de4c2d05.jpg","aid":"2VyY5nAVu","size":128849},{"rType":"asset","rSubType":"image","fileName":"unsplash.jpg","fileSize":0,"val":"mc-2bdf984123efbaf1c6a58561c28ae404.jpg","aid":"eMKXw5_kwE","size":1095400},{"rType":"asset","rSubType":"image","fileName":"yo.png","fileSize":105339,"val":"mc-9da0f77771f83232a3cf389620f2f412.png","aid":"L1-ke_4KJs","size":105339},{"rType":"asset","rSubType":"image","fileName":"yo.png","fileSize":105339,"val":"mc-9da0f77771f83232a3cf389620f2f412.png","aid":"91imtolRnMc","size":105339},{"rType":"asset","rSubType":"image","fileName":"parque-infantil-blanco-toboganes-escena_1308-53112.jpg","fileSize":48070,"aid":"z8elOiWCLK","val":"mc-e464742f20edace490ee3b5356e3d823.jpg","size":48070},{"rType":"asset","rSubType":"image","fileName":"parque-infantil-blanco-toboganes-escena_1308-53112.jpg","fileSize":48070,"aid":"ZbdlixC_4PI","val":"mc-e464742f20edace490ee3b5356e3d823.jpg","size":48070},{"rType":"asset","rSubType":"image","fileName":"parque-infantil-blanco-toboganes-escena_1308-53112.jpg","fileSize":48070,"aid":"ziLyAG67NK","val":"mc-e464742f20edace490ee3b5356e3d823.jpg","size":48070},{"rType":"asset","rSubType":"image","fileName":"parque-infantil-blanco-toboganes-escena_1308-53112.jpg","fileSize":48070,"aid":"wSYhMxndVG","val":"mc-e464742f20edace490ee3b5356e3d823.jpg","size":48070},{"rType":"asset","rSubType":"image","fileName":"parque-infantil-blanco-toboganes-escena_1308-53112.jpg","fileSize":48070,"aid":"3RcHOQcJGv","val":"mc-e464742f20edace490ee3b5356e3d823.jpg","size":48070},{"rType":"asset","rSubType":"image","fileName":"tu .png","fileSize":229075,"val":"mc-ad74c250c5d89f9807a826c5e1c89f36.png","aid":"nudX3U2K3rJ","size":229075},{"rType":"asset","rSubType":"image","fileName":"yo.png","fileSize":105339,"val":"mc-9da0f77771f83232a3cf389620f2f412.png","aid":"xdYltjUxLq","size":105339},{"rType":"asset","rSubType":"image","fileName":"yo.png","fileSize":105339,"val":"mc-9da0f77771f83232a3cf389620f2f412.png","aid":"EdKrKVCjlR","size":105339},{"rType":"asset","rSubType":"image","fileName":"yo.png","fileSize":105339,"val":"mc-9da0f77771f83232a3cf389620f2f412.png","aid":"76HfThiyVgU","size":105339},{"rType":"asset","rSubType":"image","fileName":"tu .png","fileSize":229075,"val":"mc-ad74c250c5d89f9807a826c5e1c89f36.png","aid":"lFp_lht7RHN","size":229075}]