{"i":{"O45lGqCqouz":{"id":"O45lGqCqouz","type":"slide","setup":{"bg":{"selectedKey":"image","fill":{"opac":1,"rgb":"var(--TC3)"},"img":{"filt":{"opac":100,"gray":0,"blur":0,"tint":{"rgb":"var(--TC3)","opac":0.5,"blendMode":"multiply"}},"pos":{"type":"crop","fit":{"bg":{"color":{"rgb":"#FFF","opac":100}},"vali":"center","hali":"center"},"crop":{"poi":{"x":330,"y":220.5}}},"measures":{"size":{"width":626,"height":442}},"orig":{"rType":"asset","rSubType":"image","fileName":"parque-infantil-blanco-toboganes-escena_1308-53112.jpg","fileSize":48070,"aid":"P4h-Yrcq0UO","val":"mc-e464742f20edace490ee3b5356e3d823.jpg"}}},"transparentBg":{"selectedKey":false},"bord":{"size":10,"rad":10}}},"zKfF66Kt2zl":{"id":"zKfF66Kt2zl","type":"interactive","subtype":"interactiveCard","setup":{"animation":{"selectedKey":"rotateH"},"front":{"selectedKey":"fill","fill":{"opac":1,"rgb":"#94ece4"},"gradient":{"angle":90,"opac":1,"stops":[{"color":"#ff7373","pos":0},{"color":"#d80807","pos":100}]},"txt":{"val":{"ops":[{"insert":" INTEROGATIVO ","attributes":{"script":"super","bold":true,"color":"#ffffff","background":"#d51e29"}},{"insert":"\n\n\n\n","attributes":{"align":"center","size":"large"}},{"insert":"¿SON USTEDES?","attributes":{"script":"super","bold":true,"color":"var(--TC2)"}},{"insert":"\n","attributes":{"size":"huge","align":"center"}},{"insert":"\n","attributes":{"size":"medium","align":"center"}}]},"rType":"richtext"},"hali":""},"back":{"selectedKey":"gradient","fill":{"opac":1,"rgb":"#FFF"},"gradient":{"angle":90,"opac":1,"stops":[{"color":"#ff7373","pos":0},{"color":"#d80807","pos":100}]},"txt":{"val":{"ops":[{"insert":"INTEROGATIVE ","attributes":{"script":"super","bold":true,"color":"#1d1d1d","background":"var(--TC14)"}},{"insert":" ","attributes":{"script":"super","color":"#1d1d1d","background":"var(--TC14)"}},{"insert":"\n\n\n\n\n","attributes":{"size":"large","align":"center"}},{"insert":"ARE YOU?","attributes":{"script":"super","bold":true,"color":"#ffffff"}},{"insert":"\n","attributes":{"align":"center","size":"huge"}},{"insert":"\n"}]},"rType":"richtext"},"vali":"top"}}},"Ju5aVN4U5_S":{"id":"Ju5aVN4U5_S","type":"interactive","subtype":"interactiveRichText","setup":{"frmeTp":{"selectedKey":"noneFrame"},"bg":{"fill":{"opac":0,"rgb":"#FFF"}},"txt":{"val":{"ops":[{"insert":"\n\n","attributes":{"align":"center","size":"hugeTitle"}},{"insert":" VERB TO BE ","attributes":{"background":"var(--TC6)","color":"#ffffff","bold":true}},{"insert":"\n","attributes":{"size":"hugeTitle","align":"center"}},{"insert":"\n","attributes":{"size":"large"}},{"insert":"\n","attributes":{"align":"center","size":"huge"}}]},"rType":"richtext"},"hali":"","vali":"middle"}},"NfjWC2aiVhh":{"id":"NfjWC2aiVhh","type":"interactive","subtype":"interactiveCard","setup":{"animation":{"selectedKey":"rotateH"},"front":{"selectedKey":"fill","fill":{"opac":1,"rgb":"#94ece4"},"txt":{"val":{"ops":[{"insert":" NEGATIVO ","attributes":{"script":"super","color":"#ffffff","background":"#d51e29"}},{"insert":"\n","attributes":{"size":"large","align":"center"}},{"insert":"\n\n","attributes":{"size":"medium","align":"center"}},{"insert":"\n","attributes":{"size":"large","align":"center"}},{"attributes":{"size":"huge","align":"center"},"insert":"\n"},{"insert":"USTEDES NO SON","attributes":{"script":"super","bold":true,"color":"#1d1d1d"}},{"insert":"\n","attributes":{"size":"huge","align":"center"}},{"insert":"\n","attributes":{"size":"medium","align":"center"}}]},"rType":"richtext"},"hali":""},"back":{"selectedKey":"gradient","fill":{"opac":1,"rgb":"var(--TC6)"},"gradient":{"angle":90,"opac":1,"stops":[{"color":"#ff7373","pos":0},{"color":"#d80807","pos":100}]},"txt":{"val":{"ops":[{"insert":" NEGATIVE ","attributes":{"script":"super","background":"var(--TC14)","color":"#1d1d1d","bold":true}},{"insert":" ","attributes":{"script":"super","background":"var(--TC14)","color":"#1d1d1d"}},{"insert":"\n\n\n\n","attributes":{"size":"large","align":"center"}},{"insert":" ","attributes":{"bold":true,"color":"#ffffff"}},{"attributes":{"size":"large"},"insert":"\n"},{"insert":"YOU ARE NOT","attributes":{"bold":true,"color":"#ffffff"}},{"insert":"\n","attributes":{"size":"large"}}]},"rType":"richtext"},"vali":"top"}}},"NJTFozeC4t6":{"id":"NJTFozeC4t6","type":"interactive","subtype":"interactiveCard","setup":{"animation":{"selectedKey":"rotateH"},"front":{"selectedKey":"fill","fill":{"opac":1,"rgb":"#94ece4"},"img":{"filt":{"opac":100,"gray":0,"blur":0,"tint":{"rgb":"#FFF","opac":0}},"pos":{"type":"fit","fit":{"bg":{"color":{"rgb":"#FFF","opac":100}},"vali":"center","hali":"center"},"crop":{"bg":{"color":{"rgb":"#FFF","opac":0}},"poi":{"x":707,"y":1051.5}},"mask":{"shape":1}},"measures":{"size":{"width":1414,"height":2000}},"orig":{"rType":"asset","rSubType":"image","fileName":"yo.png","fileSize":105339,"val":"mc-9da0f77771f83232a3cf389620f2f412.png","aid":"76HfThiyVgU"}},"txt":{"val":{"ops":[{"insert":" PRONOMBRE ","attributes":{"script":"super","background":"#d51e29","color":"#ffffff"}},{"insert":"\n","attributes":{"size":"large","align":"center"}},{"insert":"\n\n","attributes":{"size":"medium","align":"center"}},{"insert":"\n"},{"insert":"\n","attributes":{"align":"center","size":"huge"}},{"insert":"USTEDES","attributes":{"script":"super","bold":true,"color":"var(--TC2)"}},{"insert":"\n","attributes":{"size":"huge","align":"center"}},{"insert":"\n","attributes":{"size":"medium","align":"center"}}]},"rType":"richtext"},"hali":""},"back":{"selectedKey":"gradient","fill":{"opac":1,"rgb":"var(--TC6)"},"txt":{"val":{"ops":[{"insert":" PRONOUN","attributes":{"script":"super","background":"var(--TC14)","bold":true,"color":"#1d1d1d"}},{"insert":"\n\n\n\n\n","attributes":{"align":"center","size":"large"}},{"insert":"YOU","attributes":{"script":"super","color":"#ffffff"}},{"insert":"\n","attributes":{"size":"giant","align":"center"}}]},"rType":"richtext"},"hali":"","vali":"top","gradient":{"angle":90,"opac":1,"stops":[{"color":"#ff7373","pos":0},{"color":"#d80807","pos":100}]}}}},"M7PdfkGFOUG":{"id":"M7PdfkGFOUG","type":"interactive","subtype":"interactiveCard","setup":{"animation":{"selectedKey":"rotateH"},"front":{"selectedKey":"fill","fill":{"opac":1,"rgb":"#94ece4"},"img":{"filt":{"opac":100,"gray":0,"blur":0,"tint":{"rgb":"#FFF","opac":0}},"pos":{"type":"fit","fit":{"bg":{"color":{"rgb":"#FFF","opac":100}},"vali":"center","hali":"center"},"crop":{"bg":{"color":{"rgb":"#FFF","opac":0}},"poi":{"x":707,"y":877.5}},"mask":{"shape":1}},"measures":{"size":{"width":1414,"height":2000}},"orig":{"rType":"asset","rSubType":"image","fileName":"tu .png","fileSize":229075,"val":"mc-ad74c250c5d89f9807a826c5e1c89f36.png","aid":"lFp_lht7RHN"}},"gradient":{"angle":0,"opac":1,"stops":[{"color":"#ff7373","pos":0},{"color":"#d80807","pos":100}]},"txt":{"val":{"ops":[{"insert":"  TO BE ","attributes":{"script":"super","background":"#d51e29","color":"#ffffff"}},{"insert":"\n\n","attributes":{"size":"large","align":"center"}},{"insert":"\n\n","attributes":{"size":"medium","align":"center"}},{"insert":"\n","attributes":{"size":"huge","align":"center"}},{"insert":"USTEDES SON","attributes":{"script":"super","bold":true,"color":"var(--TC2)"}},{"insert":"\n","attributes":{"size":"huge","align":"center"}},{"insert":"\n","attributes":{"size":"medium","align":"center"}}]},"rType":"richtext"},"hali":""},"back":{"selectedKey":"gradient","fill":{"opac":1,"rgb":"var(--TC6)"},"txt":{"val":{"ops":[{"insert":" TO BE ","attributes":{"script":"super","background":"var(--TC14)","color":"#1d1d1d","bold":true}},{"insert":" ","attributes":{"script":"super","background":"var(--TC14)","color":"#1d1d1d"}},{"insert":"\n\n\n","attributes":{"size":"large","align":"center"}},{"insert":"\n\n","attributes":{"size":"huge","align":"center"}},{"insert":"YOU ARE","attributes":{"script":"super","bold":true,"color":"#ffffff"}},{"insert":"\n","attributes":{"size":"huge","align":"center"}},{"insert":"\n","attributes":{"align":"center","size":"giant"}}]},"rType":"richtext"},"hali":"","vali":"top","gradient":{"angle":90,"opac":1,"stops":[{"color":"#ff7373","pos":0},{"color":"#d80807","pos":100}]}}}}},"v":"1"}