[{"rType":"asset","rSubType":"image","fileName":"juguetes (5).png","fileSize":538274,"val":"mc-83f7a89325a03a846bbb562c3b8b6eb8.png","aid":"sMB40JMpz","size":538274},{"rType":"asset","rSubType":"audio","fileName":"speedway.mp3","fileSize":44601,"val":"mc-979bbd431422fd10db54bb85f0819945.mp3","aid":"RszNSK-ht","size":44601},{"rType":"asset","rSubType":"image","fileName":"juguetes (4).png","fileSize":276311,"val":"mc-0e3f8cef95e8d156d7b31881264ae3ba.png","aid":"yD9eB-kEC","size":276311},{"rType":"asset","rSubType":"audio","fileName":"car.mp3","fileSize":18088,"val":"mc-9cd9b336f64e398bec6e79cddd778083.mp3","aid":"DntVeJ20W","size":18088},{"rType":"asset","rSubType":"image","fileName":"juguetes (13).png","fileSize":105823,"val":"mc-3345d22d2811bef65a37a91df759efce.png","aid":"vEQtKrvj0","size":105823},{"rType":"asset","rSubType":"audio","fileName":"scooter.mp3","fileSize":38889,"val":"mc-d7004194bf7ec9b91c4dc8c7d704870e.mp3","aid":"od_Q6025z","size":38889},{"rType":"asset","rSubType":"image","fileName":"juguetes (3).png","fileSize":524951,"val":"mc-ad526726b1b31a74b6bda8b20da584e0.png","aid":"-PaZ4jxlK","size":524951},{"rType":"asset","rSubType":"audio","fileName":"ball.mp3","fileSize":20985,"val":"mc-b8040067ef807787594a2d1fc4d0800e.mp3","aid":"G91yEdXZd","size":20985},{"rType":"asset","rSubType":"image","fileName":"juguetes (9).png","fileSize":250807,"val":"mc-9d9eb5f0aaa3b3edff28806d0f724cf2.png","aid":"ew_hqazIh","size":250807},{"rType":"asset","rSubType":"audio","fileName":"ribbon.mp3","fileSize":26265,"val":"mc-e5201059be19960760150ac365750c33.mp3","aid":"gd_8zRIkN","size":26265},{"rType":"asset","rSubType":"image","fileName":"juguetes (7).png","fileSize":344073,"val":"mc-74c1ddb9a72e7eadb6b33da2f1193ef1.png","aid":"CNWaflrvo","size":344073},{"rType":"asset","rSubType":"audio","fileName":"plain.mp3","fileSize":26697,"val":"mc-1dd906b00c8a77154fa02f0b65e8b9aa.mp3","aid":"uSfHLlNVR","size":26697},{"rType":"asset","rSubType":"image","fileName":"juguetes (8).png","fileSize":415035,"val":"mc-799d46e98dd94eb8bcb128a274d49941.png","aid":"I3HcTt-3n","size":415035},{"rType":"asset","rSubType":"audio","fileName":"bycicle.mp3","fileSize":26841,"val":"mc-4695ac90b061d3dbfea9abae68292e61.mp3","aid":"u4xAduiPb","size":26841},{"rType":"asset","rSubType":"image","fileName":"juguetes (12).png","fileSize":343173,"val":"mc-88c834e0c5aceb7b7ad1ccdf07ee6102.png","aid":"5NGmAQx52","size":343173},{"rType":"asset","rSubType":"audio","fileName":"fresbee.mp3","fileSize":37593,"val":"mc-c7a359799b347e6205c8b3a09e135731.mp3","aid":"r-NxL1yOx","size":37593},{"rType":"asset","rSubType":"image","fileName":"portada iseazy (1).png","fileSize":71836,"val":"mc-c7b08bfffdbea91b576efe0a00434f0f.png","aid":"Nswjpd0uF","size":71836},{"rType":"asset","rSubType":"image","fileName":"unsplash.jpg","fileSize":0,"val":"mc-2bdf984123efbaf1c6a58561c28ae404.jpg","aid":"eaXsW8uWRb","size":1095400},{"rType":"asset","rSubType":"image","fileName":"juguetes (6).png","fileSize":361984,"val":"mc-8a1045bd233144c63d6f393839ee5467.png","aid":"EYofeoPyJ","size":361984},{"rType":"asset","rSubType":"audio","fileName":"robot.mp3","fileSize":28761,"val":"mc-c98a2423b33811dc497ccc08bf9c52ee.mp3","aid":"_qxGK7gzw","size":28761},{"rType":"asset","rSubType":"image","fileName":"juguetes (10).png","fileSize":240100,"val":"mc-63d4f273980c0b4926232a4a8bfaa88a.png","aid":"CigYtDG7_","size":240100},{"rType":"asset","rSubType":"audio","fileName":"skates.mp3","fileSize":41961,"val":"mc-2785149b9cc2353e3aa3e7ce848119ca.mp3","aid":"lFjoFRxPx","size":41961},{"rType":"asset","rSubType":"image","fileName":"juguetes (1).png","fileSize":500877,"val":"mc-123e535a89e3d9ca38f3bca4ba18599d.png","aid":"-0i6iveCf","size":500877},{"rType":"asset","rSubType":"audio","fileName":"Teddybear.mp3","fileSize":35721,"val":"mc-5457ce01fa0c3b495fea9a191597051e.mp3","aid":"TszAzwKxW","size":35721},{"rType":"asset","rSubType":"image","fileName":"juguetes.png","fileSize":501765,"val":"mc-df1e69ee6d6a453b71d16eeda9cc8a44.png","aid":"QsA46TocJ","size":501765},{"rType":"asset","rSubType":"audio","fileName":"Train.mp3","fileSize":26793,"val":"mc-afc7f12c4880ad98c64c5f85dbd1d155.mp3","aid":"iqhHWYVrK","size":26793},{"rType":"asset","rSubType":"image","fileName":"juguetes (2).png","fileSize":484982,"val":"mc-45c033d5e3e6e756218f6cfac828eab0.png","aid":"MYuPqe7Bv","size":484982},{"rType":"asset","rSubType":"audio","fileName":"doll.mp3","fileSize":29049,"val":"mc-7aa403f1d69e6a0165771e0f1a15b493.mp3","aid":"oQ0U5aNZe","size":29049},{"rType":"asset","rSubType":"image","fileName":"juguetes (11).png","fileSize":129204,"val":"mc-3d585f61e1a26dc722926ee8c861f245.png","aid":"3bD2fvWmZ","size":129204},{"rType":"asset","rSubType":"audio","fileName":"skateboard.mp3","fileSize":50265,"val":"mc-fd2a8cec443550617633014a9a662bf3.mp3","aid":"57kPtetBq","size":50265}]