{"i":{"AJVGCf0ci":{"id":"AJVGCf0ci","type":"slide","setup":{"bg":{"selectedKey":"fill","fill":{"opac":1,"rgb":"#ff0000"}},"transparentBg":{"selectedKey":false},"bord":{"size":10,"rad":10}}},"NQMTqza_Rf":{"id":"NQMTqza_Rf","type":"interactive","subtype":"interactiveRichText","setup":{"frmeTp":{"selectedKey":"noneFrame"},"bg":{"fill":{"opac":0,"rgb":"#ff0000"}},"hali":"","txt":{"val":{"ops":[{"attributes":{"bold":true,"color":"black"},"insert":"THE TOYS"},{"insert":"\n","attributes":{"size":"giant","align":"center"}}]},"rType":"richtext"},"vali":"middle"}},"pGr4agVBUa":{"id":"pGr4agVBUa","type":"interactive","subtype":"interactivePodCast","setup":{"bg":{"selectedKey":"image","fill":{"opac":1,"rgb":"#FFF"},"img":{"filt":{"opac":100,"gray":0,"blur":0,"tint":{"rgb":"#FFF","opac":0}},"pos":{"type":"fit","fit":{"bg":{"color":{"rgb":"#FFF","opac":100}},"vali":"center","hali":"center"},"crop":{"bg":{"color":{"rgb":"#FFF","opac":0}},"poi":{"x":707,"y":1051.5}},"mask":{"shape":1}},"measures":{"size":{"width":1414,"height":2000}},"orig":{"rType":"asset","rSubType":"image","fileName":"juguetes (1).png","fileSize":500877,"val":"mc-123e535a89e3d9ca38f3bca4ba18599d.png","aid":"-0i6iveCf"}}},"audio":{"orig":{"rType":"asset","rSubType":"audio","fileName":"Teddybear.mp3","fileSize":35721,"val":"mc-5457ce01fa0c3b495fea9a191597051e.mp3","aid":"TszAzwKxW"}}}},"R5G4SVVK6e":{"id":"R5G4SVVK6e","type":"interactive","subtype":"interactivePodCast","setup":{"bg":{"selectedKey":"image","fill":{"opac":1,"rgb":"#FFF"},"img":{"filt":{"opac":100,"gray":0,"blur":0,"tint":{"rgb":"#FFF","opac":0}},"pos":{"type":"fit","fit":{"bg":{"color":{"rgb":"#FFF","opac":100}},"vali":"center","hali":"center"},"crop":{"bg":{"color":{"rgb":"#FFF","opac":0}},"poi":{"x":707,"y":1008.5}},"mask":{"shape":1}},"measures":{"size":{"width":1414,"height":2000}},"orig":{"rType":"asset","rSubType":"image","fileName":"juguetes.png","fileSize":501765,"val":"mc-df1e69ee6d6a453b71d16eeda9cc8a44.png","aid":"QsA46TocJ"}}},"audio":{"orig":{"rType":"asset","rSubType":"audio","fileName":"Train.mp3","fileSize":26793,"val":"mc-afc7f12c4880ad98c64c5f85dbd1d155.mp3","aid":"iqhHWYVrK"}}}},"OvXn6829_":{"id":"OvXn6829_","type":"interactive","subtype":"interactivePodCast","setup":{"bg":{"selectedKey":"image","fill":{"opac":1,"rgb":"#FFF"},"img":{"filt":{"opac":100,"gray":0,"blur":0,"tint":{"rgb":"#FFF","opac":0}},"pos":{"type":"fit","fit":{"bg":{"color":{"rgb":"#FFF","opac":100}},"vali":"center","hali":"center"},"crop":{"bg":{"color":{"rgb":"#FFF","opac":0}},"poi":{"x":707,"y":964.5}},"mask":{"shape":1}},"measures":{"size":{"width":1414,"height":2000}},"orig":{"rType":"asset","rSubType":"image","fileName":"juguetes (2).png","fileSize":484982,"val":"mc-45c033d5e3e6e756218f6cfac828eab0.png","aid":"MYuPqe7Bv"}}},"audio":{"orig":{"rType":"asset","rSubType":"audio","fileName":"doll.mp3","fileSize":29049,"val":"mc-7aa403f1d69e6a0165771e0f1a15b493.mp3","aid":"oQ0U5aNZe"}}}}},"v":"1"}