{"i":{"S-xbK6L3O":{"id":"S-xbK6L3O","type":"slide","setup":{"bord":{"size":10,"rad":10},"bg":{"selectedKey":"fill","fill":{"opac":1,"rgb":"#ffff00"}},"transparentBg":{"selectedKey":false}}},"aXVDeSlmLF":{"id":"aXVDeSlmLF","type":"interactive","subtype":"interactivePodCast","setup":{"bg":{"selectedKey":"image","fill":{"opac":1,"rgb":"#FFF"},"img":{"filt":{"opac":100,"gray":0,"blur":0,"tint":{"rgb":"#FFF","opac":0}},"pos":{"type":"fit","fit":{"bg":{"color":{"rgb":"#FFF","opac":100}},"vali":"center","hali":"center"},"crop":{"bg":{"color":{"rgb":"#FFF","opac":0}},"poi":{"x":707,"y":964.5}},"mask":{"shape":1}},"measures":{"size":{"width":1414,"height":2000}},"orig":{"rType":"asset","rSubType":"image","fileName":"juguetes (7).png","fileSize":344073,"val":"mc-74c1ddb9a72e7eadb6b33da2f1193ef1.png","aid":"CNWaflrvo"}}},"audio":{"orig":{"rType":"asset","rSubType":"audio","fileName":"plain.mp3","fileSize":26697,"val":"mc-1dd906b00c8a77154fa02f0b65e8b9aa.mp3","aid":"uSfHLlNVR"}}}},"HmkBWXA9rK":{"id":"HmkBWXA9rK","type":"interactive","subtype":"interactivePodCast","setup":{"bg":{"selectedKey":"image","fill":{"opac":1,"rgb":"#FFF"},"img":{"filt":{"opac":100,"gray":0,"blur":0,"tint":{"rgb":"#FFF","opac":0}},"pos":{"type":"fit","fit":{"bg":{"color":{"rgb":"#FFF","opac":100}},"vali":"center","hali":"center"},"crop":{"bg":{"color":{"rgb":"#FFF","opac":0}},"poi":{"x":707,"y":964.5}},"mask":{"shape":1}},"measures":{"size":{"width":1414,"height":2000}},"orig":{"rType":"asset","rSubType":"image","fileName":"juguetes (8).png","fileSize":415035,"val":"mc-799d46e98dd94eb8bcb128a274d49941.png","aid":"I3HcTt-3n"}}},"audio":{"orig":{"rType":"asset","rSubType":"audio","fileName":"bycicle.mp3","fileSize":26841,"val":"mc-4695ac90b061d3dbfea9abae68292e61.mp3","aid":"u4xAduiPb"}}}},"tUeIZGoSoN":{"id":"tUeIZGoSoN","type":"interactive","subtype":"interactivePodCast","setup":{"bg":{"selectedKey":"image","fill":{"opac":1,"rgb":"#FFF"},"img":{"filt":{"opac":100,"gray":0,"blur":0,"tint":{"rgb":"#FFF","opac":0}},"pos":{"type":"fit","fit":{"bg":{"color":{"rgb":"#FFF","opac":100}},"vali":"center","hali":"center"},"crop":{"bg":{"color":{"rgb":"#FFF","opac":0}},"poi":{"x":707,"y":573.5}},"mask":{"shape":1}},"measures":{"size":{"width":1414,"height":2000}},"orig":{"rType":"asset","rSubType":"image","fileName":"juguetes (6).png","fileSize":361984,"val":"mc-8a1045bd233144c63d6f393839ee5467.png","aid":"EYofeoPyJ"}}},"audio":{"orig":{"rType":"asset","rSubType":"audio","fileName":"robot.mp3","fileSize":28761,"val":"mc-c98a2423b33811dc497ccc08bf9c52ee.mp3","aid":"_qxGK7gzw"}}}},"geEyCWkDtl":{"id":"geEyCWkDtl","type":"interactive","subtype":"interactiveRichText","setup":{"frmeTp":{"selectedKey":"noneFrame"},"bg":{"fill":{"opac":0,"rgb":"#ffff00"}},"hali":"","txt":{"val":{"ops":[{"insert":"THE TOYS","attributes":{"bold":true,"color":"black"}},{"insert":"\n","attributes":{"size":"giant","align":"center"}}]},"rType":"richtext"},"vali":"middle"}}},"v":"1"}