{"i":{"nWqJZkLnN":{"id":"nWqJZkLnN","type":"slide","setup":{"bord":{"size":10,"rad":10},"bg":{"selectedKey":"fill","fill":{"opac":1,"rgb":"#0000ff"}},"transparentBg":{"selectedKey":false}}},"v30ExPsyAR":{"id":"v30ExPsyAR","type":"interactive","subtype":"interactivePodCast","setup":{"bg":{"selectedKey":"image","fill":{"opac":1,"rgb":"#FFF"},"img":{"filt":{"opac":100,"gray":0,"blur":0,"tint":{"rgb":"#FFF","opac":0}},"pos":{"type":"fit","fit":{"bg":{"color":{"rgb":"#FFF","opac":100}},"vali":"center","hali":"center"},"crop":{"bg":{"color":{"rgb":"#FFF","opac":0}},"poi":{"x":707,"y":921.5}},"mask":{"shape":1}},"measures":{"size":{"width":1414,"height":2000}},"orig":{"rType":"asset","rSubType":"image","fileName":"juguetes (5).png","fileSize":538274,"val":"mc-83f7a89325a03a846bbb562c3b8b6eb8.png","aid":"sMB40JMpz"}}},"audio":{"orig":{"rType":"asset","rSubType":"audio","fileName":"speedway.mp3","fileSize":44601,"val":"mc-979bbd431422fd10db54bb85f0819945.mp3","aid":"RszNSK-ht"}}}},"964wA5k4lr":{"id":"964wA5k4lr","type":"interactive","subtype":"interactivePodCast","setup":{"bg":{"selectedKey":"image","fill":{"opac":1,"rgb":"#FFF"},"img":{"filt":{"opac":100,"gray":0,"blur":0,"tint":{"rgb":"#FFF","opac":0}},"pos":{"type":"fit","fit":{"bg":{"color":{"rgb":"#FFF","opac":100}},"vali":"center","hali":"center"},"crop":{"bg":{"color":{"rgb":"#FFF","opac":0}},"poi":{"x":707,"y":964.5}},"mask":{"shape":1}},"measures":{"size":{"width":1414,"height":2000}},"orig":{"rType":"asset","rSubType":"image","fileName":"juguetes (4).png","fileSize":276311,"val":"mc-0e3f8cef95e8d156d7b31881264ae3ba.png","aid":"yD9eB-kEC"}}},"audio":{"orig":{"rType":"asset","rSubType":"audio","fileName":"car.mp3","fileSize":18088,"val":"mc-9cd9b336f64e398bec6e79cddd778083.mp3","aid":"DntVeJ20W"}}}},"44DogY3ZKr":{"id":"44DogY3ZKr","type":"interactive","subtype":"interactivePodCast","setup":{"bg":{"selectedKey":"image","fill":{"opac":1,"rgb":"#FFF"},"img":{"filt":{"opac":100,"gray":0,"blur":0,"tint":{"rgb":"#FFF","opac":0}},"pos":{"type":"fit","fit":{"bg":{"color":{"rgb":"#FFF","opac":100}},"vali":"center","hali":"center"},"crop":{"bg":{"color":{"rgb":"#FFF","opac":0}},"poi":{"x":707,"y":964.5}},"mask":{"shape":1}},"measures":{"size":{"width":1414,"height":2000}},"orig":{"rType":"asset","rSubType":"image","fileName":"juguetes (3).png","fileSize":524951,"val":"mc-ad526726b1b31a74b6bda8b20da584e0.png","aid":"-PaZ4jxlK"}}},"audio":{"orig":{"rType":"asset","rSubType":"audio","fileName":"ball.mp3","fileSize":20985,"val":"mc-b8040067ef807787594a2d1fc4d0800e.mp3","aid":"G91yEdXZd"}}}},"xNlX-0Ns3w":{"id":"xNlX-0Ns3w","type":"interactive","subtype":"interactiveRichText","setup":{"frmeTp":{"selectedKey":"noneFrame"},"bg":{"fill":{"opac":0,"rgb":"#0000ff"}},"hali":"","txt":{"val":{"ops":[{"insert":"THE TOYS","attributes":{"color":"var(--TC14)","bold":true}},{"insert":"\n","attributes":{"size":"giant","align":"center"}}]},"rType":"richtext"},"vali":"middle"}}},"v":"1"}