{"i":{"FIf09lbY2S":{"id":"FIf09lbY2S","type":"slide","setup":{"bord":{"size":10,"rad":10},"bg":{"selectedKey":"fill","fill":{"opac":1,"rgb":"#00ff00"}},"transparentBg":{"selectedKey":false}}},"8TZVT5U1Fq":{"id":"8TZVT5U1Fq","type":"interactive","subtype":"interactiveRichText","setup":{"frmeTp":{"selectedKey":"noneFrame"},"bg":{"fill":{"opac":0,"rgb":"#00ff00"}},"hali":"","txt":{"val":{"ops":[{"insert":"THE TOYS","attributes":{"bold":true,"color":"black"}},{"insert":"\n","attributes":{"size":"giant","align":"center"}}]},"rType":"richtext"},"vali":"middle"}},"y1df5BL29Y":{"id":"y1df5BL29Y","type":"interactive","subtype":"interactivePodCast","setup":{"bg":{"selectedKey":"image","fill":{"opac":1,"rgb":"#FFF"},"img":{"filt":{"opac":100,"gray":0,"blur":0,"tint":{"rgb":"#FFF","opac":0}},"pos":{"type":"fit","fit":{"bg":{"color":{"rgb":"#FFF","opac":100}},"vali":"center","hali":"center"},"crop":{"bg":{"color":{"rgb":"#FFF","opac":0}},"poi":{"x":707,"y":529.5}},"mask":{"shape":1}},"measures":{"size":{"width":1414,"height":2000}},"orig":{"rType":"asset","rSubType":"image","fileName":"juguetes (9).png","fileSize":250807,"val":"mc-9d9eb5f0aaa3b3edff28806d0f724cf2.png","aid":"ew_hqazIh"}}},"audio":{"orig":{"rType":"asset","rSubType":"audio","fileName":"ribbon.mp3","fileSize":26265,"val":"mc-e5201059be19960760150ac365750c33.mp3","aid":"gd_8zRIkN"}}}},"3nC2OnbVkc":{"id":"3nC2OnbVkc","type":"interactive","subtype":"interactivePodCast","setup":{"bg":{"selectedKey":"image","fill":{"opac":1,"rgb":"#FFF"},"img":{"filt":{"opac":100,"gray":0,"blur":0,"tint":{"rgb":"#FFF","opac":0}},"pos":{"type":"fit","fit":{"bg":{"color":{"rgb":"#FFF","opac":100}},"vali":"center","hali":"center"},"crop":{"bg":{"color":{"rgb":"#FFF","opac":0}},"poi":{"x":707,"y":1008.5}},"mask":{"shape":1}},"measures":{"size":{"width":1414,"height":2000}},"orig":{"rType":"asset","rSubType":"image","fileName":"juguetes (10).png","fileSize":240100,"val":"mc-63d4f273980c0b4926232a4a8bfaa88a.png","aid":"CigYtDG7_"}}},"audio":{"orig":{"rType":"asset","rSubType":"audio","fileName":"skates.mp3","fileSize":41961,"val":"mc-2785149b9cc2353e3aa3e7ce848119ca.mp3","aid":"lFjoFRxPx"}}}},"3QIZZD8Up":{"id":"3QIZZD8Up","type":"interactive","subtype":"interactivePodCast","setup":{"bg":{"selectedKey":"image","fill":{"opac":1,"rgb":"#FFF"},"img":{"filt":{"opac":100,"gray":0,"blur":0,"tint":{"rgb":"#FFF","opac":0}},"pos":{"type":"fit","fit":{"bg":{"color":{"rgb":"#FFF","opac":100}},"vali":"center","hali":"center"},"crop":{"bg":{"color":{"rgb":"#FFF","opac":0}},"poi":{"x":707,"y":964.5}},"mask":{"shape":1}},"measures":{"size":{"width":1414,"height":2000}},"orig":{"rType":"asset","rSubType":"image","fileName":"juguetes (11).png","fileSize":129204,"val":"mc-3d585f61e1a26dc722926ee8c861f245.png","aid":"3bD2fvWmZ"}}},"audio":{"orig":{"rType":"asset","rSubType":"audio","fileName":"skateboard.mp3","fileSize":50265,"val":"mc-fd2a8cec443550617633014a9a662bf3.mp3","aid":"57kPtetBq"}}}}},"v":"1"}