{"i":{"Kea7uu-hx":{"id":"Kea7uu-hx","type":"slide","setup":{"bg":{"selectedKey":"fill","fill":{"opac":1,"rgb":"#ff00ff"}},"transparentBg":{"selectedKey":false},"bord":{"size":10,"rad":10}}},"PtvqY-6nWo":{"id":"PtvqY-6nWo","type":"interactive","subtype":"interactivePodCast","setup":{"bg":{"selectedKey":"image","fill":{"opac":1,"rgb":"#FFF"},"img":{"filt":{"opac":100,"gray":0,"blur":0,"tint":{"rgb":"#FFF","opac":0}},"pos":{"type":"fit","fit":{"bg":{"color":{"rgb":"#FFF","opac":100}},"vali":"center","hali":"center"},"crop":{"bg":{"color":{"rgb":"#FFF","opac":0}},"poi":{"x":707,"y":1486.5}},"mask":{"shape":1}},"measures":{"size":{"width":1414,"height":2000}},"orig":{"rType":"asset","rSubType":"image","fileName":"juguetes (13).png","fileSize":105823,"val":"mc-3345d22d2811bef65a37a91df759efce.png","aid":"vEQtKrvj0"}}},"audio":{"orig":{"rType":"asset","rSubType":"audio","fileName":"scooter.mp3","fileSize":38889,"val":"mc-d7004194bf7ec9b91c4dc8c7d704870e.mp3","aid":"od_Q6025z"}}}},"B0ZrrXPPDG":{"id":"B0ZrrXPPDG","type":"interactive","subtype":"interactivePodCast","setup":{"bg":{"selectedKey":"image","fill":{"opac":1,"rgb":"#FFF"},"img":{"filt":{"opac":100,"gray":0,"blur":0,"tint":{"rgb":"#FFF","opac":0}},"pos":{"type":"fit","fit":{"bg":{"color":{"rgb":"#FFF","opac":100}},"vali":"center","hali":"center"},"crop":{"bg":{"color":{"rgb":"#FFF","opac":0}},"poi":{"x":707,"y":921.5}},"mask":{"shape":1}},"measures":{"size":{"width":1414,"height":2000}},"orig":{"rType":"asset","rSubType":"image","fileName":"juguetes (12).png","fileSize":343173,"val":"mc-88c834e0c5aceb7b7ad1ccdf07ee6102.png","aid":"5NGmAQx52"}}},"audio":{"orig":{"rType":"asset","rSubType":"audio","fileName":"fresbee.mp3","fileSize":37593,"val":"mc-c7a359799b347e6205c8b3a09e135731.mp3","aid":"r-NxL1yOx"}}}},"OFpRYh3YHn":{"id":"OFpRYh3YHn","type":"interactive","subtype":"interactiveRichText","setup":{"frmeTp":{"selectedKey":"noneFrame"},"bg":{"fill":{"opac":0,"rgb":"#fe860d"}},"hali":"","txt":{"val":{"ops":[{"attributes":{"bold":true,"color":"black"},"insert":"THE TOYS"},{"insert":"\n","attributes":{"size":"giant","align":"center"}}]},"rType":"richtext"},"vali":"middle"}}},"v":"1"}