<?xml version="1.0" encoding="UTF-8"?>
<!-- Generated by JClic - https://projectestac.github.io/jclic -->
<manifest identifier="JClic-FE6689" version="1.0" xmlns="http://www.imsproject.org/xsd/imscp_rootv1p1p2" xmlns:adlcp="http://www.adlnet.org/xsd/adlcp_rootv1p2" xmlns:xsi="http://www.w3.org/2001/XMLSchema-instance" xsi:schemaLocation= "http://www.imsproject.org/xsd/imscp_rootv1p1p2 imscp_rootv1p1p2.xsd http://www.imsglobal.org/xsd/imsmd_rootv1p2p1 imsmd_rootv1p2p1.xsd http://www.adlnet.org/xsd/adlcp_rootv1p2 adlcp_rootv1p2.xsd">
 <metadata> 
  <schema>ADL SCORM</schema>
  <schemaversion>1.2</schemaversion>
 </metadata> 
 <organizations default="JClic">  
  <organization identifier="JClic">  
   <title>los dÃ­as de la semana1</title>
   <item identifier="ITEM_JClic-FE6689" identifierref="RES_JClic-FE6689">
    <title>los dÃ­as de la semana1</title>
   </item>
  </organization>
 </organizations>
 <resources>
  <resource identifier="RES_JClic-FE6689" type="webcontent" href="/index.html" adlcp:scormtype="sco"> 
   <file href="19.1sunday.mp3"/>
   <file href="19.5saturday.mp3"/>
   <file href="19.7friday.mp3"/>
   <file href="660-resized.jpg"/>
   <file href="favicon.ico"/>
   <file href="icon-192.png"/>
   <file href="icon-72.png"/>
   <file href="imsmanifest.xml"/>
   <file href="index.html"/>
   <file href="los_dias_de_la_semana1.jclic"/>
   <file href="los_dias_de_la_semana1.jclic.js"/>
   <file href="project-cover.jpg"/>
   <file href="project-thumb.jpg"/>
   <file href="project.json"/>
   <file href="semana__4_-resized.jpg"/>
   <file href="semana__5_-resized.jpg"/>
   <file href="semana__6_-resized.jpg"/>
   <file href="semana__7_-resized.jpg"/>
   <file href="semana__8_-resized.jpg"/>
   <file href="semana__9_-resized.jpg"/>
  </resource>
 </resources>
</manifest>