<?xml version="1.0" encoding="UTF-8"?>
<!-- Generated by JClic - https://projectestac.github.io/jclic -->
<manifest identifier="JClic-6230D6" version="1.0" xmlns="http://www.imsproject.org/xsd/imscp_rootv1p1p2" xmlns:adlcp="http://www.adlnet.org/xsd/adlcp_rootv1p2" xmlns:xsi="http://www.w3.org/2001/XMLSchema-instance" xsi:schemaLocation= "http://www.imsproject.org/xsd/imscp_rootv1p1p2 imscp_rootv1p1p2.xsd http://www.imsglobal.org/xsd/imsmd_rootv1p2p1 imsmd_rootv1p2p1.xsd http://www.adlnet.org/xsd/adlcp_rootv1p2 adlcp_rootv1p2.xsd">
 <metadata> 
  <schema>ADL SCORM</schema>
  <schemaversion>1.2</schemaversion>
 </metadata> 
 <organizations default="JClic">  
  <organization identifier="JClic">  
   <title>las frutas</title>
   <item identifier="ITEM_JClic-6230D6" identifierref="RES_JClic-6230D6">
    <title>las frutas</title>
   </item>
  </organization>
 </organizations>
 <resources>
  <resource identifier="RES_JClic-6230D6" type="webcontent" href="/index.html" adlcp:scormtype="sco"> 
   <file href="20046-resized.jpg"/>
   <file href="apple.mp3"/>
   <file href="banana.mp3"/>
   <file href="cherry.mp3"/>
   <file href="favicon.ico"/>
   <file href="frutas_-resized.jpg"/>
   <file href="frutas___1_-resized.jpg"/>
   <file href="frutas___2_-resized.jpg"/>
   <file href="frutas___3_-resized.jpg"/>
   <file href="frutas___4_-resized.jpg"/>
   <file href="frutas___5_-resized.jpg"/>
   <file href="frutas___6_-resized.jpg"/>
   <file href="grape.mp3"/>
   <file href="icon-192.png"/>
   <file href="icon-72.png"/>
   <file href="image-resized.jpg"/>
   <file href="image__1_-resized.jpg"/>
   <file href="image__2_-resized.jpg"/>
   <file href="image__3_-resized.jpg"/>
   <file href="image__4_-resized.jpg"/>
   <file href="image__5_-resized.jpg"/>
   <file href="image__6_-resized.jpg"/>
   <file href="imsmanifest.xml"/>
   <file href="index.html"/>
   <file href="las_frutas.jclic"/>
   <file href="las_frutas.jclic.js"/>
   <file href="letrero_de_informacion-resized.jpg"/>
   <file href="peach.mp3"/>
   <file href="pear.mp3"/>
   <file href="project-cover.jpg"/>
   <file href="project-thumb.jpg"/>
   <file href="project.json"/>
   <file href="strawberry.mp3"/>
  </resource>
 </resources>
</manifest>