[{"rType":"asset","rSubType":"image","fileName":"ANIMALES (24).png","fileSize":972942,"val":"mc-5bb0d4b7c1597651dc5db2b16c0b7507.png","aid":"CtxCtgcdn","size":972942},{"rType":"asset","rSubType":"audio","fileName":"canary.m4a","fileSize":43161,"val":"mc-a571defb2e7328c112549c90d1eac28a.m4a","aid":"awrPu9-j5","size":43161},{"rType":"asset","rSubType":"image","fileName":"ANIMALES (21).png","fileSize":1504386,"val":"mc-5c42bfd1b249ec16416aa8aceaf82c39.png","aid":"Pi0UCPdy1","size":1504386},{"rType":"asset","rSubType":"audio","fileName":"duck.m4a","fileSize":59545,"val":"mc-3452e3c84984ec72fca0bc987d148d81.m4a","aid":"cTsZazt00","size":59545},{"rType":"asset","rSubType":"image","fileName":"ANIMALES (20).png","fileSize":1382833,"val":"mc-65eb9061aaf4fe1e34505a22df3ecba7.png","aid":"_em1YvxGJ","size":1382833},{"rType":"asset","rSubType":"audio","fileName":"parrots.m4a","fileSize":64665,"val":"mc-696d08f4bb20578af0dea6284059884f.m4a","aid":"yRMkF65vs","size":64665},{"rType":"asset","rSubType":"image","fileName":"ANIMALES (17).png","fileSize":1310783,"val":"mc-f401600fbedf208b7ebc920723e1b2aa.png","aid":"i1jDqg18k","size":1310783},{"rType":"asset","rSubType":"audio","fileName":"dog.m4a","fileSize":57497,"val":"mc-e9cef0f819f7f9e2620b7d8995d7613c.m4a","aid":"lTYqHA4tt","size":57497},{"rType":"asset","rSubType":"image","fileName":"3896595.jpg","fileSize":336465,"val":"mc-545b9af68dbe8df4187e7714e2fddb8a.jpg","aid":"O-MUT6AnP","size":336465},{"rType":"asset","rSubType":"image","fileName":"unsplash.jpg","fileSize":0,"val":"mc-2bdf984123efbaf1c6a58561c28ae404.jpg","aid":"PbxQRGLOLv","size":1095400},{"rType":"asset","rSubType":"image","fileName":"ANIMALES (18).png","fileSize":1389566,"val":"mc-888f86d9e4df8288fb8d738009986be0.png","aid":"gOhCSHbco","size":1389566},{"rType":"asset","rSubType":"audio","fileName":"rabbit.m4a","fileSize":57497,"val":"mc-1d4ff2a23b1c52a2b4e50a85ee99fd63.m4a","aid":"wFIXHU9kx","size":57497},{"rType":"asset","rSubType":"image","fileName":"ANIMALES (23).png","fileSize":878230,"val":"mc-495a7c52715a5c5b6d6638aed3cee424.png","aid":"mIMVrFQND","size":878230},{"rType":"asset","rSubType":"audio","fileName":"hamster.m4a","fileSize":57497,"val":"mc-3cd6aecd5b2277a05d9f9847a6aaaebb.m4a","aid":"ueF0A6X-u","size":57497},{"rType":"asset","rSubType":"image","fileName":"ANIMALES (16).png","fileSize":1517922,"val":"mc-a693ecc4481c880d8cbbb8df3ccfff8c.png","aid":"8j-KGhpYZ","size":1517922},{"rType":"asset","rSubType":"audio","fileName":"cat.m4a","fileSize":43161,"val":"mc-d26e7a254093c8c613b30766bba59452.m4a","aid":"VPECq3geD","size":43161}]