{"i":{"9fGzAYfCV":{"id":"9fGzAYfCV","type":"slide","setup":{"transparentBg":{"selectedKey":false},"bord":{"size":10,"rad":10},"bg":{"selectedKey":"fill","fill":{"opac":1,"rgb":"#00ff00"}}}},"UtzGdzFlNw":{"id":"UtzGdzFlNw","type":"interactive","subtype":"interactivePodCast","setup":{"bg":{"selectedKey":"image","fill":{"opac":1,"rgb":"#FFF"},"img":{"filt":{"opac":100,"gray":0,"blur":0,"tint":{"rgb":"#FFF","opac":0}},"pos":{"type":"fit","fit":{"bg":{"color":{"rgb":"#FFF","opac":100}},"vali":"center","hali":"center"},"crop":{"bg":{"color":{"rgb":"#FFF","opac":0}},"poi":{"x":707,"y":1008.5}},"mask":{"shape":1}},"measures":{"size":{"width":1414,"height":2000}},"orig":{"rType":"asset","rSubType":"image","fileName":"ANIMALES (18).png","fileSize":1389566,"val":"mc-888f86d9e4df8288fb8d738009986be0.png","aid":"gOhCSHbco"}}},"audio":{"orig":{"rType":"asset","rSubType":"audio","fileName":"rabbit.m4a","fileSize":57497,"val":"mc-1d4ff2a23b1c52a2b4e50a85ee99fd63.m4a","aid":"wFIXHU9kx"}}}},"XrJpe3Gkh":{"id":"XrJpe3Gkh","type":"interactive","subtype":"interactiveRichText","setup":{"frmeTp":{"selectedKey":"noneFrame"},"bg":{"fill":{"opac":0,"rgb":"#00ff00"}},"txt":{"val":{"ops":[{"insert":" ","attributes":{"bold":true,"color":"#151515","script":"super"}},{"insert":"\n","attributes":{"size":"giant"}},{"insert":" ","attributes":{"bold":true,"color":"#ffffff","script":"super"}},{"insert":"\n","attributes":{"size":"giant"}},{"insert":"DOMESTIC ANIMALS","attributes":{"color":"#0000ff","bold":true,"script":"super"}},{"insert":" ","attributes":{"color":"var(--TC2)","bold":true,"script":"super"}},{"insert":" ","attributes":{"color":"#ffffff","bold":true}},{"insert":"\n","attributes":{"align":"center","size":"giant"}},{"insert":"\n","attributes":{"size":"giant"}}]},"rType":"richtext"},"vali":"middle","hali":""}},"v-5Wmc7Axx":{"id":"v-5Wmc7Axx","type":"interactive","subtype":"interactivePodCast","setup":{"bg":{"selectedKey":"image","fill":{"opac":1,"rgb":"#FFF"},"img":{"filt":{"opac":100,"gray":0,"blur":0,"tint":{"rgb":"#FFF","opac":0}},"pos":{"type":"fit","fit":{"bg":{"color":{"rgb":"#FFF","opac":100}},"vali":"center","hali":"center"},"crop":{"bg":{"color":{"rgb":"#FFF","opac":0}},"poi":{"x":707,"y":1269.5}},"mask":{"shape":1}},"measures":{"size":{"width":1414,"height":2000}},"orig":{"rType":"asset","rSubType":"image","fileName":"ANIMALES (23).png","fileSize":878230,"val":"mc-495a7c52715a5c5b6d6638aed3cee424.png","aid":"mIMVrFQND"}}},"audio":{"orig":{"rType":"asset","rSubType":"audio","fileName":"hamster.m4a","fileSize":57497,"val":"mc-3cd6aecd5b2277a05d9f9847a6aaaebb.m4a","aid":"ueF0A6X-u"}}}},"osRCohwd4x":{"id":"osRCohwd4x","type":"interactive","subtype":"interactivePodCast","setup":{"bg":{"selectedKey":"image","fill":{"opac":1,"rgb":"#FFF"}}}}},"v":"1"}