{"i":{"Iw8aEQGt7":{"id":"Iw8aEQGt7","type":"slide","setup":{"bg":{"selectedKey":"fill","fill":{"opac":1,"rgb":"#fe860d"}},"transparentBg":{"selectedKey":false},"bord":{"size":10,"rad":10}}},"m8urSNCUu":{"id":"m8urSNCUu","type":"interactive","subtype":"interactivePodCast","setup":{"bg":{"selectedKey":"image","fill":{"opac":1,"rgb":"#FFF"},"img":{"filt":{"opac":100,"gray":0,"blur":0,"tint":{"rgb":"#FFF","opac":0}},"pos":{"type":"fit","fit":{"bg":{"color":{"rgb":"#FFF","opac":100}},"vali":"center","hali":"center"},"crop":{"bg":{"color":{"rgb":"#FFF","opac":0}},"poi":{"x":707,"y":1182.5}},"mask":{"shape":1}},"measures":{"size":{"width":1414,"height":2000}},"orig":{"rType":"asset","rSubType":"image","fileName":"ANIMALES (24).png","fileSize":972942,"val":"mc-5bb0d4b7c1597651dc5db2b16c0b7507.png","aid":"CtxCtgcdn"}}},"audio":{"orig":{"rType":"asset","rSubType":"audio","fileName":"canary.m4a","fileSize":43161,"val":"mc-a571defb2e7328c112549c90d1eac28a.m4a","aid":"awrPu9-j5"}}}},"3wVsCC31q8":{"id":"3wVsCC31q8","type":"interactive","subtype":"interactivePodCast","setup":{"bg":{"selectedKey":"image","fill":{"opac":1,"rgb":"#FFF"},"img":{"filt":{"opac":100,"gray":0,"blur":0,"tint":{"rgb":"#FFF","opac":0}},"pos":{"type":"fit","fit":{"bg":{"color":{"rgb":"#FFF","opac":100}},"vali":"center","hali":"center"},"crop":{"bg":{"color":{"rgb":"#FFF","opac":0}},"poi":{"x":707,"y":1095.5}},"mask":{"shape":1}},"measures":{"size":{"width":1414,"height":2000}},"orig":{"rType":"asset","rSubType":"image","fileName":"ANIMALES (21).png","fileSize":1504386,"val":"mc-5c42bfd1b249ec16416aa8aceaf82c39.png","aid":"Pi0UCPdy1"}}},"audio":{"orig":{"rType":"asset","rSubType":"audio","fileName":"duck.m4a","fileSize":59545,"val":"mc-3452e3c84984ec72fca0bc987d148d81.m4a","aid":"cTsZazt00"}}}},"M6K0v-tosz":{"id":"M6K0v-tosz","type":"interactive","subtype":"interactivePodCast","setup":{"bg":{"selectedKey":"image","fill":{"opac":1,"rgb":"#FFF"},"img":{"filt":{"opac":100,"gray":0,"blur":0,"tint":{"rgb":"#FFF","opac":0}},"pos":{"type":"fit","fit":{"bg":{"color":{"rgb":"#FFF","opac":100}},"vali":"center","hali":"center"},"crop":{"bg":{"color":{"rgb":"#FFF","opac":0}},"poi":{"x":707,"y":1095.5}},"mask":{"shape":1}},"measures":{"size":{"width":1414,"height":2000}},"orig":{"rType":"asset","rSubType":"image","fileName":"ANIMALES (20).png","fileSize":1382833,"val":"mc-65eb9061aaf4fe1e34505a22df3ecba7.png","aid":"_em1YvxGJ"}}},"audio":{"orig":{"rType":"asset","rSubType":"audio","fileName":"parrots.m4a","fileSize":64665,"val":"mc-696d08f4bb20578af0dea6284059884f.m4a","aid":"yRMkF65vs"}}}},"0pW66EM5p-":{"id":"0pW66EM5p-","type":"interactive","subtype":"interactiveRichText","setup":{"frmeTp":{"selectedKey":"noneFrame"},"bg":{"fill":{"opac":0,"rgb":"#FFF"}},"txt":{"val":{"ops":[{"insert":"\n","attributes":{"size":"giant","align":"center"}},{"insert":" DOMESTIC BIRDS","attributes":{"color":"var(--TC14)","script":"super","bold":true}},{"insert":"\n","attributes":{"size":"giant","align":"center"}}]},"rType":"richtext"},"vali":"middle","hali":""}}},"v":"1"}