{"i":{"vdh0O3f4u3":{"id":"vdh0O3f4u3","type":"slide","setup":{"bg":{"selectedKey":"fill","fill":{"opac":1,"rgb":"#00ff00"}},"transparentBg":{"selectedKey":false},"bord":{"size":10,"rad":10}}},"8uL-fgh_Z":{"id":"8uL-fgh_Z","type":"interactive","subtype":"interactiveRichText","setup":{"frmeTp":{"selectedKey":"noneFrame"},"bg":{"fill":{"opac":0,"rgb":"#00ff00"}},"txt":{"val":{"ops":[{"insert":" ","attributes":{"bold":true,"color":"#151515","script":"super"}},{"insert":"\n","attributes":{"size":"giant"}},{"insert":" ","attributes":{"bold":true,"color":"#ffffff","script":"super"}},{"insert":"\n","attributes":{"size":"giant"}},{"insert":"DOMESTIC ANIMALS","attributes":{"color":"#0000ff","bold":true,"script":"super"}},{"insert":" ","attributes":{"color":"var(--TC2)","bold":true,"script":"super"}},{"insert":" ","attributes":{"color":"#ffffff","bold":true}},{"insert":"\n","attributes":{"align":"center","size":"giant"}},{"insert":"\n","attributes":{"size":"giant"}}]},"rType":"richtext"},"vali":"middle","hali":""}},"c4twPR6aj":{"id":"c4twPR6aj","type":"interactive","subtype":"interactivePodCast","setup":{"bg":{"selectedKey":"image","fill":{"opac":1,"rgb":"#FFF"},"img":{"filt":{"opac":100,"gray":0,"blur":0,"tint":{"rgb":"#FFF","opac":0}},"pos":{"type":"fit","fit":{"bg":{"color":{"rgb":"#FFF","opac":100}},"vali":"center","hali":"center"},"crop":{"bg":{"color":{"rgb":"#FFF","opac":0}},"poi":{"x":707,"y":1051.5}},"mask":{"shape":1}},"measures":{"size":{"width":1414,"height":2000}},"orig":{"rType":"asset","rSubType":"image","fileName":"ANIMALES (17).png","fileSize":1310783,"val":"mc-f401600fbedf208b7ebc920723e1b2aa.png","aid":"i1jDqg18k"}}},"audio":{"orig":{"rType":"asset","rSubType":"audio","fileName":"dog.m4a","fileSize":57497,"val":"mc-e9cef0f819f7f9e2620b7d8995d7613c.m4a","aid":"lTYqHA4tt"}}}},"iQlPznb9c":{"id":"iQlPznb9c","type":"interactive","subtype":"interactivePodCast","setup":{"bg":{"selectedKey":"image","fill":{"opac":1,"rgb":"#FFF"}}}},"ECZvJzDoq":{"id":"ECZvJzDoq","type":"interactive","subtype":"interactivePodCast","setup":{"bg":{"selectedKey":"image","fill":{"opac":1,"rgb":"#FFF"},"img":{"filt":{"opac":100,"gray":0,"blur":0,"tint":{"rgb":"#FFF","opac":0}},"pos":{"type":"fit","fit":{"bg":{"color":{"rgb":"#FFF","opac":100}},"vali":"center","hali":"center"},"crop":{"bg":{"color":{"rgb":"#FFF","opac":0}},"poi":{"x":707,"y":1182.5}},"mask":{"shape":1}},"measures":{"size":{"width":1414,"height":2000}},"orig":{"rType":"asset","rSubType":"image","fileName":"ANIMALES (16).png","fileSize":1517922,"val":"mc-a693ecc4481c880d8cbbb8df3ccfff8c.png","aid":"8j-KGhpYZ"}}},"audio":{"orig":{"rType":"asset","rSubType":"audio","fileName":"cat.m4a","fileSize":43161,"val":"mc-d26e7a254093c8c613b30766bba59452.m4a","aid":"VPECq3geD"}}}}},"v":"1"}