[{"rType":"asset","rSubType":"image","fileName":"freej (18).png","fileSize":318557,"val":"mc-2df4769e0c176fcbff0e2a66c60f9339.png","aid":"Q3dh2ypo8","size":318557},{"rType":"asset","rSubType":"audio","fileName":"how are you all.m4a","fileSize":63641,"val":"mc-235c689798464fe1118ff3c12bf0a699.m4a","aid":"0AWWWj7Rt","size":63641},{"rType":"asset","rSubType":"image","fileName":"freej (1).png","fileSize":215566,"val":"mc-a9e6fcea18ffa171a240f8b6873302fa.png","aid":"dw6vAYsGr","size":215566},{"rType":"asset","rSubType":"audio","fileName":"how's it going.m4a","fileSize":44185,"val":"mc-5dc372324f79207361494b3ebabd3ad0.m4a","aid":"NpIrKjlqD","size":44185},{"rType":"asset","rSubType":"image","fileName":"freej (20).png","fileSize":83387,"val":"mc-06fefbc829dc24b5fcbf89fba823be62.png","aid":"ZRY3Ot0ym","size":83387},{"rType":"asset","rSubType":"audio","fileName":"hey.m4a","fileSize":37017,"val":"mc-e547fe853b88fce5d8d33d3f8d5d94eb.m4a","aid":"dtciyEfhq","size":37017},{"rType":"asset","rSubType":"image","fileName":"3178697.jpg","fileSize":456464,"val":"mc-f238c8ddf72d3cf6a425f1eae8d53fe6.jpg","aid":"0nxuei6Sc","size":456464},{"rType":"asset","rSubType":"image","fileName":"unsplash.jpg","fileSize":0,"val":"mc-2bdf984123efbaf1c6a58561c28ae404.jpg","aid":"IGaZOhoDeO","size":1095400},{"rType":"asset","rSubType":"image","fileName":"freej (17).png","fileSize":72575,"val":"mc-90a8d741334880c20e94384b5ab753d4.png","aid":"OZBWRsSzJ","size":72575},{"rType":"asset","rSubType":"audio","fileName":"hi.m4a","fileSize":75532,"val":"mc-ff091ba172957c36f944a59f7163d13e.m4a","aid":"V0_YK2dvy","size":75532}]