{"i":{"vdh0O3f4u3":{"id":"vdh0O3f4u3","type":"slide","setup":{"bg":{"selectedKey":"fill","fill":{"opac":1,"rgb":"#0000ff"}},"transparentBg":{"selectedKey":false},"bord":{"size":10,"rad":10}}},"8uL-fgh_Z":{"id":"8uL-fgh_Z","type":"interactive","subtype":"interactiveRichText","setup":{"frmeTp":{"selectedKey":"noneFrame"},"bg":{"fill":{"opac":0,"rgb":"#FFF"}},"txt":{"val":{"ops":[{"insert":" ","attributes":{"script":"super","color":"#151515","bold":true}},{"insert":"\n","attributes":{"size":"giant"}},{"insert":"INFORMAL GREETINGS","attributes":{"color":"var(--TC14)","script":"super","bold":true}},{"insert":"  ","attributes":{"script":"super","color":"#151515","bold":true}},{"insert":"\n","attributes":{"align":"center","size":"giant"}}]},"rType":"richtext"},"vali":"middle","hali":""}},"c4twPR6aj":{"id":"c4twPR6aj","type":"interactive","subtype":"interactivePodCast","setup":{"bg":{"selectedKey":"image","fill":{"opac":1,"rgb":"#FFF"},"img":{"filt":{"opac":100,"gray":0,"blur":0,"tint":{"rgb":"#FFF","opac":0}},"pos":{"type":"fit","fit":{"bg":{"color":{"rgb":"#FFF","opac":100}},"vali":"center","hali":"center"},"crop":{"bg":{"color":{"rgb":"#FFF","opac":0}},"poi":{"x":772.5,"y":911.5}},"mask":{"shape":1}},"measures":{"size":{"width":1545,"height":2000}},"orig":{"rType":"asset","rSubType":"image","fileName":"freej (20).png","fileSize":83387,"val":"mc-06fefbc829dc24b5fcbf89fba823be62.png","aid":"ZRY3Ot0ym"}}},"audio":{"orig":{"rType":"asset","rSubType":"audio","fileName":"hey.m4a","fileSize":37017,"val":"mc-e547fe853b88fce5d8d33d3f8d5d94eb.m4a","aid":"dtciyEfhq"}}}},"ECZvJzDoq":{"id":"ECZvJzDoq","type":"interactive","subtype":"interactivePodCast","setup":{"bg":{"selectedKey":"image","fill":{"opac":1,"rgb":"#FFF"},"img":{"filt":{"opac":100,"gray":0,"blur":0,"tint":{"rgb":"#FFF","opac":0}},"pos":{"type":"fit","fit":{"bg":{"color":{"rgb":"#FFF","opac":100}},"vali":"center","hali":"center"},"crop":{"bg":{"color":{"rgb":"#FFF","opac":0}},"poi":{"x":772.5,"y":626.5}},"mask":{"shape":1}},"measures":{"size":{"width":1545,"height":2000}},"orig":{"rType":"asset","rSubType":"image","fileName":"freej (17).png","fileSize":72575,"val":"mc-90a8d741334880c20e94384b5ab753d4.png","aid":"OZBWRsSzJ"}}},"audio":{"orig":{"rType":"asset","rSubType":"audio","fileName":"hi.m4a","fileSize":75532,"val":"mc-ff091ba172957c36f944a59f7163d13e.m4a","aid":"V0_YK2dvy"}}}}},"v":"1"}