{"i":{"Iw8aEQGt7":{"id":"Iw8aEQGt7","type":"slide","setup":{"bg":{"selectedKey":"fill","fill":{"opac":1,"rgb":"#f77c01"}},"transparentBg":{"selectedKey":false},"bord":{"size":10,"rad":10}}},"3wVsCC31q8":{"id":"3wVsCC31q8","type":"interactive","subtype":"interactivePodCast","setup":{"bg":{"selectedKey":"image","fill":{"opac":1,"rgb":"#FFF"},"img":{"filt":{"opac":100,"gray":0,"blur":0,"tint":{"rgb":"#FFF","opac":0}},"pos":{"type":"fit","fit":{"bg":{"color":{"rgb":"#FFF","opac":100}},"vali":"center","hali":"center"},"crop":{"bg":{"color":{"rgb":"#FFF","opac":0}},"poi":{"x":772.5,"y":1434.5}},"mask":{"shape":1}},"measures":{"size":{"width":1545,"height":2000}},"orig":{"rType":"asset","rSubType":"image","fileName":"freej (18).png","fileSize":318557,"val":"mc-2df4769e0c176fcbff0e2a66c60f9339.png","aid":"Q3dh2ypo8"}}},"audio":{"orig":{"rType":"asset","rSubType":"audio","fileName":"how are you all.m4a","fileSize":63641,"val":"mc-235c689798464fe1118ff3c12bf0a699.m4a","aid":"0AWWWj7Rt"}}}},"M6K0v-tosz":{"id":"M6K0v-tosz","type":"interactive","subtype":"interactivePodCast","setup":{"bg":{"selectedKey":"image","fill":{"opac":1,"rgb":"#FFF"},"img":{"filt":{"opac":100,"gray":0,"blur":0,"tint":{"rgb":"#FFF","opac":0}},"pos":{"type":"fit","fit":{"bg":{"color":{"rgb":"#FFF","opac":100}},"vali":"center","hali":"center"},"crop":{"bg":{"color":{"rgb":"#FFF","opac":0}},"poi":{"x":772.5,"y":1006.5}},"mask":{"shape":1}},"measures":{"size":{"width":1545,"height":2000}},"orig":{"rType":"asset","rSubType":"image","fileName":"freej (1).png","fileSize":215566,"val":"mc-a9e6fcea18ffa171a240f8b6873302fa.png","aid":"dw6vAYsGr"}}},"audio":{"orig":{"rType":"asset","rSubType":"audio","fileName":"how's it going.m4a","fileSize":44185,"val":"mc-5dc372324f79207361494b3ebabd3ad0.m4a","aid":"NpIrKjlqD"}}}},"0pW66EM5p-":{"id":"0pW66EM5p-","type":"interactive","subtype":"interactiveRichText","setup":{"frmeTp":{"selectedKey":"noneFrame"},"bg":{"fill":{"opac":0,"rgb":"#FFF"}},"txt":{"val":{"ops":[{"insert":"\n","attributes":{"size":"giant"}},{"insert":" INFORMAL GREETINGS  ","attributes":{"bold":true,"color":"var(--TC2)","script":"super"}},{"insert":"\n","attributes":{"size":"giant","align":"center"}}]},"rType":"richtext"},"vali":"middle","hali":""}}},"v":"1"}