{"i":{"oa5kGHD9l":{"id":"oa5kGHD9l","type":"slide","setup":{"transparentBg":{"selectedKey":false},"bord":{"size":10,"rad":10},"bg":{"selectedKey":"gradient","fill":{"opac":1,"rgb":"var(--TC3)"},"img":{"filt":{"opac":100,"gray":0,"blur":0,"tint":{"rgb":"var(--TC3)","opac":0.5,"blendMode":"multiply"}},"pos":{"type":"crop","fit":{"bg":{"color":{"rgb":"#FFF","opac":100}},"vali":"center","hali":"center"},"crop":{"poi":{"x":618,"y":1064}}},"measures":{"size":{"width":1080,"height":1349}}},"gradient":{"angle":0,"opac":1,"stops":[{"color":"#00e2ff","pos":0},{"color":"#003663","pos":100}]}}}},"nz8YcLnO8B":{"id":"nz8YcLnO8B","type":"interactive","subtype":"interactiveCard","setup":{"animation":{"selectedKey":"fade"},"front":{"selectedKey":"fill","fill":{"opac":0.95,"rgb":"var(--TC3)"},"img":{"filt":{"opac":100,"gray":0,"blur":0,"tint":{"rgb":"#e50a4f","opac":0}},"pos":{"type":"crop","fit":{"bg":{"color":{"rgb":"#FFF","opac":100}},"vali":"center","hali":"center"},"crop":{"poi":{"x":552,"y":360}}},"measures":{"size":{"width":1080,"height":720}}},"txt":{"rType":"richtext","val":{"ops":[{"insert":"Our Item 6","attributes":{"color":"var(--TC1)","bold":true}},{"insert":"\n","attributes":{"align":"center","size":"large"}}]}},"rType":"richtext","hali":"","vali":"middle","paddV1":10},"back":{"selectedKey":"fill","fill":{"opac":0.5,"rgb":"var(--TC2)"},"img":{"filt":{"opac":100,"gray":100,"blur":0,"tint":{"rgb":"#fff","opac":0.9}},"pos":{"type":"crop","fit":{"bg":{"color":{"rgb":"#FFF","opac":100}},"vali":"center","hali":"center"},"crop":{"poi":{"x":552,"y":360}}},"measures":{"size":{"width":1080,"height":720}}},"rType":"richtext","vali":"top","txt":{"rType":"richtext","val":{"ops":[{"insert":"We want to know why your idea makes sense, why it's  going to be a success, why a user would be interested on it. Once at this point, our strategy experts will challenge the limits and create intuitive, simple and beautiful designs.","attributes":{"color":"var(--TC3)"}},{"insert":"\n","attributes":{"size":"normal"}}]}},"paddV1":15,"hali":""}}},"UOHid0cKBY":{"id":"UOHid0cKBY","type":"interactive","subtype":"interactiveCard","setup":{"animation":{"selectedKey":"fade"},"front":{"selectedKey":"fill","fill":{"opac":0.7,"rgb":"var(--TC3)"},"img":{"filt":{"opac":100,"gray":0,"blur":0,"tint":{"rgb":"#e50a4f","opac":0}},"pos":{"type":"crop","fit":{"bg":{"color":{"rgb":"#FFF","opac":100}},"vali":"center","hali":"center"},"crop":{"poi":{"x":552,"y":360}}},"measures":{"size":{"width":1080,"height":720}}},"txt":{"rType":"richtext","val":{"ops":[{"insert":"Our Item 5","attributes":{"color":"var(--TC1)","bold":true}},{"insert":"\n","attributes":{"align":"center","size":"large"}}]}},"rType":"richtext","hali":"","vali":"middle","paddV1":10},"back":{"selectedKey":"fill","fill":{"opac":0.5,"rgb":"var(--TC2)"},"img":{"filt":{"opac":100,"gray":100,"blur":0,"tint":{"rgb":"#fff","opac":0.9}},"pos":{"type":"crop","fit":{"bg":{"color":{"rgb":"#FFF","opac":100}},"vali":"center","hali":"center"},"crop":{"poi":{"x":552,"y":360}}},"measures":{"size":{"width":1080,"height":720}}},"rType":"richtext","vali":"top","txt":{"rType":"richtext","val":{"ops":[{"insert":"We want to know why your idea makes sense, why it's  going to be a success, why a user would be interested on it. Once at this point, our strategy experts will challenge the limits and create intuitive, simple and beautiful designs.","attributes":{"color":"var(--TC3)"}},{"insert":"\n","attributes":{"size":"normal"}}]}},"paddV1":15,"hali":""}}},"jTEBNkBL44":{"id":"jTEBNkBL44","type":"interactive","subtype":"interactivePodCast","setup":{"bg":{"selectedKey":"image","fill":{"opac":1,"rgb":"#FFF"},"img":{"filt":{"opac":100,"gray":0,"blur":0,"tint":{"rgb":"#FFF","opac":0}},"pos":{"type":"fit","fit":{"bg":{"color":{"rgb":"#FFF","opac":100}},"vali":"center","hali":"center"},"crop":{"bg":{"color":{"rgb":"#FFF","opac":0}},"poi":{"x":707,"y":834.5}},"mask":{"shape":1}},"measures":{"size":{"width":1414,"height":2000}},"orig":{"rType":"asset","rSubType":"image","fileName":"F_PESTAÑAS.png","fileSize":978628,"val":"mc-c3f486130ea658944c176149498dc867.png","aid":"kl53kxRMw"}}},"audio":{"orig":{"rType":"asset","rSubType":"audio","fileName":"eyelashes.m4a","fileSize":66713,"val":"mc-4c463bf2c7ed85105746e0b2ca2db421.m4a","aid":"zRHYn0Z_S"}}}},"lUCcLJtme6":{"id":"lUCcLJtme6","type":"interactive","subtype":"interactivePodCast","setup":{"bg":{"selectedKey":"image","fill":{"opac":1,"rgb":"#FFF"},"img":{"filt":{"opac":100,"gray":0,"blur":0,"tint":{"rgb":"#FFF","opac":0}},"pos":{"type":"fit","fit":{"bg":{"color":{"rgb":"#FFF","opac":100}},"vali":"center","hali":"center"},"crop":{"bg":{"color":{"rgb":"#FFF","opac":0}},"poi":{"x":707,"y":1486.5}},"mask":{"shape":1}},"measures":{"size":{"width":1414,"height":2000}},"orig":{"rType":"asset","rSubType":"image","fileName":"F_NARIZ.png","fileSize":409681,"val":"mc-56bf50dbdad701a758eeb901ca48f2bb.png","aid":"1-_DZ76Bm"}}},"audio":{"orig":{"rType":"asset","rSubType":"audio","fileName":"nouse.m4a","fileSize":64665,"val":"mc-2f81c0a3c2bc04d44da545de86a5372e.m4a","aid":"_xlo8buqW"}}}},"rIu7FCbFWV":{"id":"rIu7FCbFWV","type":"interactive","subtype":"interactiveRichText","setup":{"frmeTp":{"selectedKey":"noneFrame"},"bg":{"fill":{"opac":0.2,"rgb":"#FFF"}},"txt":{"val":{"ops":[{"attributes":{"color":"#202124"},"insert":" "},{"attributes":{"color":"#202124","bold":true},"insert":"BODY PARTS"},{"attributes":{"color":"#ffffff","bold":true},"insert":"  "},{"attributes":{"align":"center","size":"giant"},"insert":"\n"},{"insert":"\n"}]}}}},"pxpp2lINUM":{"id":"pxpp2lINUM","type":"interactive","subtype":"interactivePodCast","setup":{"bg":{"selectedKey":"image","fill":{"opac":1,"rgb":"#FFF"},"img":{"filt":{"opac":100,"gray":0,"blur":0,"tint":{"rgb":"#FFF","opac":0}},"pos":{"type":"fit","fit":{"bg":{"color":{"rgb":"#FFF","opac":100}},"vali":"center","hali":"center"},"crop":{"bg":{"color":{"rgb":"#FFF","opac":0}},"poi":{"x":707,"y":1486.5}},"mask":{"shape":1}},"measures":{"size":{"width":1414,"height":2000}},"orig":{"rType":"asset","rSubType":"image","fileName":"F_OJO.png","fileSize":518928,"val":"mc-578a32b40967b19c4b30dff1d2c05f42.png","aid":"hmccfREPw"}}},"audio":{"orig":{"rType":"asset","rSubType":"audio","fileName":"eye.m4a","fileSize":60569,"val":"mc-8d09ae9ba2cf9927ced6eaf21bcf47e6.m4a","aid":"NH1OiziF_"}}}}},"v":"1"}