[{"rType":"asset","rSubType":"image","fileName":"ANIMALES (15).png","fileSize":1706075,"val":"mc-154765b5ada163462c2986c15582e4f9.png","aid":"XqudnzCRI","size":1706075},{"rType":"asset","rSubType":"audio","fileName":"ostrich.m4a","fileSize":59545,"val":"mc-d7d58c7b3727bc10266d5d0107ed5ae7.m4a","aid":"hGobYbYoV","size":59545},{"rType":"asset","rSubType":"image","fileName":"ANIMALES (9).png","fileSize":1509676,"val":"mc-11966ab1755c9f5011b672f5d18e5405.png","aid":"HRTxlKgbF","size":1509676},{"rType":"asset","rSubType":"audio","fileName":"eagle.m4a","fileSize":54425,"val":"mc-60293aa59cb04554d428480a783318dc.m4a","aid":"8DZ7w5bCB","size":54425},{"rType":"asset","rSubType":"image","fileName":"ANIMALES (3).png","fileSize":1934635,"val":"mc-831ad4f0e378e1719a541c4835682142.png","aid":"gAPFEKc9U","size":1934635},{"rType":"asset","rSubType":"audio","fileName":"tiger.m4a","fileSize":52377,"val":"mc-74e171f7d6bc0deb8c4d6e717c96bad0.m4a","aid":"SVgcAJIH3","size":52377},{"rType":"asset","rSubType":"image","fileName":"ANIMALES (8).png","fileSize":1644815,"val":"mc-113037f45fc8ec8115b5a3f00fbae466.png","aid":"4PdbaUKFf","size":1644815},{"rType":"asset","rSubType":"audio","fileName":"hawk.m4a","fileSize":39065,"val":"mc-26fa0688e00d76c42c99026e48cec98d.m4a","aid":"PVcGdkLmA","size":39065},{"rType":"asset","rSubType":"image","fileName":"ANIMALES (13).png","fileSize":1197714,"val":"mc-2396dd9216fdb105d3d6fd3ae016852a.png","aid":"TxXvm6bM0","size":1197714},{"rType":"asset","rSubType":"audio","fileName":"pengui.m4a","fileSize":45209,"val":"mc-bf7b4310a56a542011522102b6eabf39.m4a","aid":"KUw0jBOUZ","size":45209},{"rType":"asset","rSubType":"image","fileName":"ANIMALES (1).png","fileSize":1524527,"val":"mc-9d498397c0e3cf944d80c74cbf3a29b8.png","aid":"FfTIxqBos","size":1524527},{"rType":"asset","rSubType":"audio","fileName":"elephant.m4a","fileSize":60569,"val":"mc-163e57599bc7759d6ac100ed1977244d.m4a","aid":"rojj3posF","size":60569},{"rType":"asset","rSubType":"image","fileName":"ANIMALES (5).png","fileSize":2063863,"val":"mc-9446bd4dd41e40fe200bf864b43255d8.png","aid":"t1dwc5IPH","size":2063863},{"rType":"asset","rSubType":"audio","fileName":"wolf.m4a","fileSize":45209,"val":"mc-eaa6903e111ebf28ef7d60e9b7f4f5f6.m4a","aid":"co_Nqp05a","size":45209},{"rType":"asset","rSubType":"image","fileName":"Diseño sin título (8).png","fileSize":230947,"val":"mc-60f75227ec0bd7d781ec9837bbc0d71d.png","aid":"jR8W6Fey_","size":230947},{"rType":"asset","rSubType":"image","fileName":"unsplash.jpg","fileSize":0,"val":"mc-2bdf984123efbaf1c6a58561c28ae404.jpg","aid":"Yuqn34WPuf","size":1095400},{"rType":"asset","rSubType":"image","fileName":"ANIMALES.png","fileSize":1899624,"val":"mc-035935246d6ddb2fd3aef63b3ef21657.png","aid":"vszvzhyoA","size":1899624},{"rType":"asset","rSubType":"audio","fileName":"fox.m4a","fileSize":50329,"val":"mc-49cae21cc2e954b4bd8b8f776f7404d3.m4a","aid":"F1JwZbbuj","size":50329},{"rType":"asset","rSubType":"image","fileName":"ANIMALES (11).png","fileSize":1871508,"val":"mc-b2d17d0f3f79d95fbc6c945082289a11.png","aid":"FoLM6QoOx","size":1871508},{"rType":"asset","rSubType":"audio","fileName":"toucan.m4a","fileSize":51353,"val":"mc-cd0207ffb6db807abaf520acbd07221a.m4a","aid":"nfSfLWyxl","size":51353},{"rType":"asset","rSubType":"image","fileName":"ANIMALES (10).png","fileSize":1563814,"val":"mc-85c4c77bdd47e1218319fce1a349c4ae.png","aid":"Jf8qRZ-Uq","size":1563814},{"rType":"asset","rSubType":"audio","fileName":"pelican.m4a","fileSize":52377,"val":"mc-1b07382fc2edb1fe7202379a1786ef62.m4a","aid":"UAFDSD8HO","size":52377},{"rType":"asset","rSubType":"image","fileName":"ANIMALES (14).png","fileSize":1742824,"val":"mc-0d25ca83d156e53e26a07a432ebce8dd.png","aid":"AWGWY1eNT","size":1742824},{"rType":"asset","rSubType":"audio","fileName":"owl.m4a","fileSize":37017,"val":"mc-09d295249772353377f5331846451938.m4a","aid":"TiW9BryGP","size":37017},{"rType":"asset","rSubType":"image","fileName":"ANIMALES (7).png","fileSize":1960317,"val":"mc-b9c8f782f7454776d346caab44eecbf6.png","aid":"rBjH7NVrQ","size":1960317},{"rType":"asset","rSubType":"audio","fileName":"giraffe.m4a","fileSize":74717,"val":"mc-3abea4f7a24d11f91331f35fd753b042.m4a","aid":"lOR3mOLxh","size":74717},{"rType":"asset","rSubType":"image","fileName":"ANIMALES (2).png","fileSize":1043223,"val":"mc-efa7c5e980d89b4d2865b28fc7c0c784.png","aid":"59je7RzJC","size":1043223},{"rType":"asset","rSubType":"audio","fileName":"lion.m4a","fileSize":48281,"val":"mc-241c600188f5cf0252aa0540955c3153.m4a","aid":"1u_ApejTm","size":48281},{"rType":"asset","rSubType":"image","fileName":"ANIMALES (4).png","fileSize":1862512,"val":"mc-ef3ccc90df7a49df2d4aebdf8576ce53.png","aid":"SO5Tg1oiH","size":1862512},{"rType":"asset","rSubType":"audio","fileName":"leopard.m4a","fileSize":55449,"val":"mc-2c7f875c7881f7776a4a7a67d6d8a438.m4a","aid":"s1rRKKCqs","size":55449}]