{"i":{"Dkp8y6nju":{"id":"Dkp8y6nju","type":"slide","setup":{"bord":{"size":10,"rad":10},"bg":{"selectedKey":"fill","fill":{"opac":1,"rgb":"#ff0000"}},"transparentBg":{"selectedKey":false}}},"RM0hRqdgD":{"id":"RM0hRqdgD","type":"interactive","subtype":"interactivePodCast","setup":{"bg":{"selectedKey":"image","fill":{"opac":1,"rgb":"#FFF"},"img":{"filt":{"opac":100,"gray":0,"blur":0,"tint":{"rgb":"#FFF","opac":0}},"pos":{"type":"fit","fit":{"bg":{"color":{"rgb":"#FFF","opac":100}},"vali":"center","hali":"center"},"crop":{"bg":{"color":{"rgb":"#FFF","opac":0}},"poi":{"x":707,"y":1051.5}},"mask":{"shape":1}},"measures":{"size":{"width":1414,"height":2000}},"orig":{"rType":"asset","rSubType":"image","fileName":"ANIMALES (5).png","fileSize":2063863,"val":"mc-9446bd4dd41e40fe200bf864b43255d8.png","aid":"t1dwc5IPH"}}},"audio":{"orig":{"rType":"asset","rSubType":"audio","fileName":"wolf.m4a","fileSize":45209,"val":"mc-eaa6903e111ebf28ef7d60e9b7f4f5f6.m4a","aid":"co_Nqp05a"}}}},"5gCgPUY7oP":{"id":"5gCgPUY7oP","type":"interactive","subtype":"interactivePodCast","setup":{"bg":{"selectedKey":"image","fill":{"opac":1,"rgb":"#FFF"},"img":{"filt":{"opac":100,"gray":0,"blur":0,"tint":{"rgb":"#FFF","opac":0}},"pos":{"type":"fit","fit":{"bg":{"color":{"rgb":"#FFF","opac":100}},"vali":"center","hali":"center"},"crop":{"bg":{"color":{"rgb":"#FFF","opac":0}},"poi":{"x":707,"y":877.5}},"mask":{"shape":1}},"measures":{"size":{"width":1414,"height":2000}},"orig":{"rType":"asset","rSubType":"image","fileName":"ANIMALES (7).png","fileSize":1960317,"val":"mc-b9c8f782f7454776d346caab44eecbf6.png","aid":"rBjH7NVrQ"}}},"audio":{"orig":{"rType":"asset","rSubType":"audio","fileName":"giraffe.m4a","fileSize":74717,"val":"mc-3abea4f7a24d11f91331f35fd753b042.m4a","aid":"lOR3mOLxh"}}}},"qtD61Yt8vR":{"id":"qtD61Yt8vR","type":"interactive","subtype":"interactivePodCast","setup":{"bg":{"selectedKey":"image","fill":{"opac":1,"rgb":"#FFF"},"img":{"filt":{"opac":100,"gray":0,"blur":0,"tint":{"rgb":"#FFF","opac":0}},"pos":{"type":"fit","fit":{"bg":{"color":{"rgb":"#FFF","opac":100}},"vali":"center","hali":"center"},"crop":{"bg":{"color":{"rgb":"#FFF","opac":0}},"poi":{"x":707,"y":1095.5}},"mask":{"shape":1}},"measures":{"size":{"width":1414,"height":2000}},"orig":{"rType":"asset","rSubType":"image","fileName":"ANIMALES (4).png","fileSize":1862512,"val":"mc-ef3ccc90df7a49df2d4aebdf8576ce53.png","aid":"SO5Tg1oiH"}}},"audio":{"orig":{"rType":"asset","rSubType":"audio","fileName":"leopard.m4a","fileSize":55449,"val":"mc-2c7f875c7881f7776a4a7a67d6d8a438.m4a","aid":"s1rRKKCqs"}}}},"gj8Ba9YcVD":{"id":"gj8Ba9YcVD","type":"interactive","subtype":"interactiveRichText","setup":{"frmeTp":{"selectedKey":"noneFrame"},"bg":{"fill":{"opac":0,"rgb":"#FFF"}},"txt":{"val":{"ops":[{"insert":" WILD ANIMALS  ","attributes":{"color":"#151515","bold":true}},{"insert":" ","attributes":{"bold":true,"color":"#151515","script":"super"}},{"insert":"\n","attributes":{"align":"center","size":"giant"}}]},"rType":"richtext"},"vali":"middle","hali":""}}},"v":"1"}