{"i":{"vdh0O3f4u3":{"id":"vdh0O3f4u3","type":"slide","setup":{"bg":{"selectedKey":"fill","fill":{"opac":1,"rgb":"#ff0000"}},"transparentBg":{"selectedKey":false},"bord":{"size":10,"rad":10}}},"8uL-fgh_Z":{"id":"8uL-fgh_Z","type":"interactive","subtype":"interactiveRichText","setup":{"frmeTp":{"selectedKey":"noneFrame"},"bg":{"fill":{"opac":0,"rgb":"#FFF"}},"txt":{"val":{"ops":[{"insert":" WILD ANIMALS  ","attributes":{"color":"#151515","bold":true}},{"insert":" ","attributes":{"bold":true,"color":"#151515","script":"super"}},{"insert":"\n","attributes":{"align":"center","size":"giant"}}]},"rType":"richtext"},"vali":"middle","hali":""}},"c4twPR6aj":{"id":"c4twPR6aj","type":"interactive","subtype":"interactivePodCast","setup":{"bg":{"selectedKey":"image","fill":{"opac":1,"rgb":"#FFF"},"img":{"filt":{"opac":100,"gray":0,"blur":0,"tint":{"rgb":"#FFF","opac":0}},"pos":{"type":"fit","fit":{"bg":{"color":{"rgb":"#FFF","opac":100}},"vali":"center","hali":"center"},"crop":{"bg":{"color":{"rgb":"#FFF","opac":0}},"poi":{"x":707,"y":1051.5}},"mask":{"shape":1}},"measures":{"size":{"width":1414,"height":2000}},"orig":{"rType":"asset","rSubType":"image","fileName":"ANIMALES (1).png","fileSize":1524527,"val":"mc-9d498397c0e3cf944d80c74cbf3a29b8.png","aid":"FfTIxqBos"}}},"audio":{"orig":{"rType":"asset","rSubType":"audio","fileName":"elephant.m4a","fileSize":60569,"val":"mc-163e57599bc7759d6ac100ed1977244d.m4a","aid":"rojj3posF"}}}},"ECZvJzDoq":{"id":"ECZvJzDoq","type":"interactive","subtype":"interactivePodCast","setup":{"bg":{"selectedKey":"image","fill":{"opac":1,"rgb":"#FFF"},"img":{"filt":{"opac":100,"gray":0,"blur":0,"tint":{"rgb":"#FFF","opac":0}},"pos":{"type":"fit","fit":{"bg":{"color":{"rgb":"#FFF","opac":100}},"vali":"center","hali":"center"},"crop":{"bg":{"color":{"rgb":"#FFF","opac":0}},"poi":{"x":707,"y":1182.5}},"mask":{"shape":1}},"measures":{"size":{"width":1414,"height":2000}},"orig":{"rType":"asset","rSubType":"image","fileName":"ANIMALES (2).png","fileSize":1043223,"val":"mc-efa7c5e980d89b4d2865b28fc7c0c784.png","aid":"59je7RzJC"}}},"audio":{"orig":{"rType":"asset","rSubType":"audio","fileName":"lion.m4a","fileSize":48281,"val":"mc-241c600188f5cf0252aa0540955c3153.m4a","aid":"1u_ApejTm"}}}}},"v":"1"}