{"i":{"EbPRPtTRQ":{"id":"EbPRPtTRQ","type":"slide","setup":{"transparentBg":{"selectedKey":false},"bord":{"size":10,"rad":10},"bg":{"selectedKey":"fill","fill":{"opac":1,"rgb":"#ff00ff"}}}},"vramQIHxcx":{"id":"vramQIHxcx","type":"interactive","subtype":"interactivePodCast","setup":{"bg":{"selectedKey":"image","fill":{"opac":1,"rgb":"#FFF"},"img":{"filt":{"opac":100,"gray":0,"blur":0,"tint":{"rgb":"#FFF","opac":0}},"pos":{"type":"fit","fit":{"bg":{"color":{"rgb":"#FFF","opac":100}},"vali":"center","hali":"center"},"crop":{"bg":{"color":{"rgb":"#FFF","opac":0}},"poi":{"x":707,"y":1051.5}},"mask":{"shape":1}},"measures":{"size":{"width":1414,"height":2000}},"orig":{"rType":"asset","rSubType":"image","fileName":"ANIMALES (15).png","fileSize":1706075,"val":"mc-154765b5ada163462c2986c15582e4f9.png","aid":"XqudnzCRI"}}},"audio":{"orig":{"rType":"asset","rSubType":"audio","fileName":"ostrich.m4a","fileSize":59545,"val":"mc-d7d58c7b3727bc10266d5d0107ed5ae7.m4a","aid":"hGobYbYoV"}}}},"cFQnyjDfK_":{"id":"cFQnyjDfK_","type":"interactive","subtype":"interactiveRichText","setup":{"frmeTp":{"selectedKey":"noneFrame"},"bg":{"fill":{"opac":0,"rgb":"#FFF"}},"txt":{"val":{"ops":[{"insert":"\n","attributes":{"size":"giant"}},{"insert":" ","attributes":{"color":"var(--TC2)","bold":true,"script":"super"}},{"insert":" WILD BIRDS  ","attributes":{"color":"var(--TC2)","bold":true}},{"insert":"  ","attributes":{"color":"var(--TC2)","bold":true,"script":"super"}},{"insert":"\n","attributes":{"size":"giant","align":"center"}}]},"rType":"richtext"},"vali":"bottom","hali":""}},"_piaYNJ_C9":{"id":"_piaYNJ_C9","type":"interactive","subtype":"interactivePodCast","setup":{"bg":{"selectedKey":"image","fill":{"opac":1,"rgb":"#FFF"},"img":{"filt":{"opac":100,"gray":0,"blur":0,"tint":{"rgb":"#FFF","opac":0}},"pos":{"type":"fit","fit":{"bg":{"color":{"rgb":"#FFF","opac":100}},"vali":"center","hali":"center"},"crop":{"bg":{"color":{"rgb":"#FFF","opac":0}},"poi":{"x":707,"y":1486.5}},"mask":{"shape":1}},"measures":{"size":{"width":1414,"height":2000}},"orig":{"rType":"asset","rSubType":"image","fileName":"ANIMALES (13).png","fileSize":1197714,"val":"mc-2396dd9216fdb105d3d6fd3ae016852a.png","aid":"TxXvm6bM0"}}},"audio":{"orig":{"rType":"asset","rSubType":"audio","fileName":"pengui.m4a","fileSize":45209,"val":"mc-bf7b4310a56a542011522102b6eabf39.m4a","aid":"KUw0jBOUZ"}}}},"O2PBuzZjb":{"id":"O2PBuzZjb","type":"interactive","subtype":"interactivePodCast","setup":{"bg":{"selectedKey":"image","fill":{"opac":1,"rgb":"#FFF"},"img":{"filt":{"opac":100,"gray":0,"blur":0,"tint":{"rgb":"#FFF","opac":0}},"pos":{"type":"fit","fit":{"bg":{"color":{"rgb":"#FFF","opac":100}},"vali":"center","hali":"center"},"crop":{"bg":{"color":{"rgb":"#FFF","opac":0}},"poi":{"x":707,"y":1182.5}},"mask":{"shape":1}},"measures":{"size":{"width":1414,"height":2000}},"orig":{"rType":"asset","rSubType":"image","fileName":"ANIMALES (14).png","fileSize":1742824,"val":"mc-0d25ca83d156e53e26a07a432ebce8dd.png","aid":"AWGWY1eNT"}}},"audio":{"orig":{"rType":"asset","rSubType":"audio","fileName":"owl.m4a","fileSize":37017,"val":"mc-09d295249772353377f5331846451938.m4a","aid":"TiW9BryGP"}}}}},"v":"1"}