{"i":{"Je-0kzjwV":{"id":"Je-0kzjwV","type":"slide","setup":{"transparentBg":{"selectedKey":false},"bord":{"size":10,"rad":10},"bg":{"selectedKey":"fill","fill":{"opac":1,"rgb":"#ff00ff"}}}},"zqJ1_TgBv5":{"id":"zqJ1_TgBv5","type":"interactive","subtype":"interactiveRichText","setup":{"frmeTp":{"selectedKey":"noneFrame"},"bg":{"fill":{"opac":0,"rgb":"#FFF"}},"txt":{"val":{"ops":[{"insert":"\n","attributes":{"size":"giant"}},{"insert":" ","attributes":{"color":"var(--TC2)","bold":true,"script":"super"}},{"insert":" WILD BIRDS  ","attributes":{"color":"var(--TC2)","bold":true}},{"insert":"  ","attributes":{"bold":true,"color":"var(--TC2)","script":"super"}},{"insert":"\n","attributes":{"size":"giant","align":"center"}}]},"rType":"richtext"},"vali":"bottom","hali":""}},"HiPJELCTz7":{"id":"HiPJELCTz7","type":"interactive","subtype":"interactivePodCast","setup":{"bg":{"selectedKey":"image","fill":{"opac":1,"rgb":"#FFF"},"img":{"filt":{"opac":100,"gray":0,"blur":0,"tint":{"rgb":"#FFF","opac":0}},"pos":{"type":"fit","fit":{"bg":{"color":{"rgb":"#FFF","opac":100}},"vali":"center","hali":"center"},"crop":{"bg":{"color":{"rgb":"#FFF","opac":0}},"poi":{"x":707,"y":1051.5}},"mask":{"shape":1}},"measures":{"size":{"width":1414,"height":2000}},"orig":{"rType":"asset","rSubType":"image","fileName":"ANIMALES (11).png","fileSize":1871508,"val":"mc-b2d17d0f3f79d95fbc6c945082289a11.png","aid":"FoLM6QoOx"}}},"audio":{"orig":{"rType":"asset","rSubType":"audio","fileName":"toucan.m4a","fileSize":51353,"val":"mc-cd0207ffb6db807abaf520acbd07221a.m4a","aid":"nfSfLWyxl"}}}},"NpQFSaERTv":{"id":"NpQFSaERTv","type":"interactive","subtype":"interactivePodCast","setup":{"bg":{"selectedKey":"image","fill":{"opac":1,"rgb":"#FFF"},"img":{"filt":{"opac":100,"gray":0,"blur":0,"tint":{"rgb":"#FFF","opac":0}},"pos":{"type":"fit","fit":{"bg":{"color":{"rgb":"#FFF","opac":100}},"vali":"center","hali":"center"},"crop":{"bg":{"color":{"rgb":"#FFF","opac":0}},"poi":{"x":707,"y":877.5}},"mask":{"shape":1}},"measures":{"size":{"width":1414,"height":2000}},"orig":{"rType":"asset","rSubType":"image","fileName":"ANIMALES (10).png","fileSize":1563814,"val":"mc-85c4c77bdd47e1218319fce1a349c4ae.png","aid":"Jf8qRZ-Uq"}}},"audio":{"orig":{"rType":"asset","rSubType":"audio","fileName":"pelican.m4a","fileSize":52377,"val":"mc-1b07382fc2edb1fe7202379a1786ef62.m4a","aid":"UAFDSD8HO"}}}}},"v":"1"}