{"i":{"Iw8aEQGt7":{"id":"Iw8aEQGt7","type":"slide","setup":{"bg":{"selectedKey":"fill","fill":{"opac":1,"rgb":"#ff00ff"}},"transparentBg":{"selectedKey":false},"bord":{"size":10,"rad":10}}},"3wVsCC31q8":{"id":"3wVsCC31q8","type":"interactive","subtype":"interactivePodCast","setup":{"bg":{"selectedKey":"image","fill":{"opac":1,"rgb":"#FFF"},"img":{"filt":{"opac":100,"gray":0,"blur":0,"tint":{"rgb":"#FFF","opac":0}},"pos":{"type":"fit","fit":{"bg":{"color":{"rgb":"#FFF","opac":100}},"vali":"center","hali":"center"},"crop":{"bg":{"color":{"rgb":"#FFF","opac":0}},"poi":{"x":707,"y":1008.5}},"mask":{"shape":1}},"measures":{"size":{"width":1414,"height":2000}},"orig":{"rType":"asset","rSubType":"image","fileName":"ANIMALES (9).png","fileSize":1509676,"val":"mc-11966ab1755c9f5011b672f5d18e5405.png","aid":"HRTxlKgbF"}}},"audio":{"orig":{"rType":"asset","rSubType":"audio","fileName":"eagle.m4a","fileSize":54425,"val":"mc-60293aa59cb04554d428480a783318dc.m4a","aid":"8DZ7w5bCB"}}}},"M6K0v-tosz":{"id":"M6K0v-tosz","type":"interactive","subtype":"interactivePodCast","setup":{"bg":{"selectedKey":"image","fill":{"opac":1,"rgb":"#FFF"},"img":{"filt":{"opac":100,"gray":0,"blur":0,"tint":{"rgb":"#FFF","opac":0}},"pos":{"type":"fit","fit":{"bg":{"color":{"rgb":"#FFF","opac":100}},"vali":"center","hali":"center"},"crop":{"bg":{"color":{"rgb":"#FFF","opac":0}},"poi":{"x":707,"y":1051.5}},"mask":{"shape":1}},"measures":{"size":{"width":1414,"height":2000}},"orig":{"rType":"asset","rSubType":"image","fileName":"ANIMALES (8).png","fileSize":1644815,"val":"mc-113037f45fc8ec8115b5a3f00fbae466.png","aid":"4PdbaUKFf"}}},"audio":{"orig":{"rType":"asset","rSubType":"audio","fileName":"hawk.m4a","fileSize":39065,"val":"mc-26fa0688e00d76c42c99026e48cec98d.m4a","aid":"PVcGdkLmA"}}}},"0pW66EM5p-":{"id":"0pW66EM5p-","type":"interactive","subtype":"interactiveRichText","setup":{"frmeTp":{"selectedKey":"noneFrame"},"bg":{"fill":{"opac":0,"rgb":"#FFF"}},"txt":{"val":{"ops":[{"insert":"\n","attributes":{"size":"giant"}},{"insert":" ","attributes":{"color":"var(--TC2)","bold":true,"script":"super"}},{"insert":" WILD BIRDS","attributes":{"color":"var(--TC2)","bold":true}},{"insert":" ","attributes":{"color":"#0000ff","bold":true}},{"insert":" ","attributes":{"color":"var(--TC2)","bold":true}},{"insert":"  ","attributes":{"bold":true,"color":"var(--TC2)","script":"super"}},{"insert":"\n","attributes":{"size":"giant","align":"center"}}]},"rType":"richtext"},"vali":"bottom","hali":""}}},"v":"1"}