{"i":{"6saD413If":{"id":"6saD413If","type":"slide","setup":{"bord":{"size":10,"rad":10},"bg":{"selectedKey":"fill","fill":{"opac":1,"rgb":"#ff0000"}},"transparentBg":{"selectedKey":false}}},"8qjdh4AVXK":{"id":"8qjdh4AVXK","type":"interactive","subtype":"interactivePodCast","setup":{"bg":{"selectedKey":"image","fill":{"opac":1,"rgb":"#FFF"},"img":{"filt":{"opac":100,"gray":0,"blur":0,"tint":{"rgb":"#FFF","opac":0}},"pos":{"type":"fit","fit":{"bg":{"color":{"rgb":"#FFF","opac":100}},"vali":"center","hali":"center"},"crop":{"bg":{"color":{"rgb":"#FFF","opac":0}},"poi":{"x":707,"y":1051.5}},"mask":{"shape":1}},"measures":{"size":{"width":1414,"height":2000}},"orig":{"rType":"asset","rSubType":"image","fileName":"ANIMALES (3).png","fileSize":1934635,"val":"mc-831ad4f0e378e1719a541c4835682142.png","aid":"gAPFEKc9U"}}},"audio":{"orig":{"rType":"asset","rSubType":"audio","fileName":"tiger.m4a","fileSize":52377,"val":"mc-74e171f7d6bc0deb8c4d6e717c96bad0.m4a","aid":"SVgcAJIH3"}}}},"mMUiSv1kNj":{"id":"mMUiSv1kNj","type":"interactive","subtype":"interactiveRichText","setup":{"frmeTp":{"selectedKey":"noneFrame"},"bg":{"fill":{"opac":0,"rgb":"#FFF"}},"txt":{"val":{"ops":[{"insert":" WILD ANIMALS  ","attributes":{"color":"#151515","bold":true}},{"insert":" ","attributes":{"bold":true,"color":"#151515","script":"super"}},{"insert":"\n","attributes":{"align":"center","size":"giant"}}]},"rType":"richtext"},"vali":"middle","hali":""}},"0rTHSTB0Ze":{"id":"0rTHSTB0Ze","type":"interactive","subtype":"interactivePodCast","setup":{"bg":{"selectedKey":"image","fill":{"opac":1,"rgb":"#FFF"},"img":{"filt":{"opac":100,"gray":0,"blur":0,"tint":{"rgb":"#FFF","opac":0}},"pos":{"type":"fit","fit":{"bg":{"color":{"rgb":"#FFF","opac":100}},"vali":"center","hali":"center"},"crop":{"bg":{"color":{"rgb":"#FFF","opac":0}},"poi":{"x":707,"y":921.5}},"mask":{"shape":1}},"measures":{"size":{"width":1414,"height":2000}},"orig":{"rType":"asset","rSubType":"image","fileName":"ANIMALES.png","fileSize":1899624,"val":"mc-035935246d6ddb2fd3aef63b3ef21657.png","aid":"vszvzhyoA"}}},"audio":{"orig":{"rType":"asset","rSubType":"audio","fileName":"fox.m4a","fileSize":50329,"val":"mc-49cae21cc2e954b4bd8b8f776f7404d3.m4a","aid":"F1JwZbbuj"}}}}},"v":"1"}