[{"rType":"asset","rSubType":"image","fileName":"#f0932b (9).png","fileSize":52491,"val":"mc-d6bd4cbb4789804123b7c4545d6fe7ac.png","aid":"WRAYpl3TC","size":52491},{"rType":"asset","rSubType":"audio","fileName":"3.9_9.m4a","fileSize":116627,"val":"mc-8c956e219cbd540326a445459364d132.m4a","aid":"dDzIZiNm8","size":116627},{"rType":"asset","rSubType":"image","fileName":"#f0932b (6).png","fileSize":55936,"val":"mc-2f7b249fe2ccbf262c6c0c570c0db362.png","aid":"vyCbZQi5g","size":55936},{"rType":"asset","rSubType":"audio","fileName":"3.6_6.m4a","fileSize":126611,"val":"mc-d0e8a4d85a98f7a0b7075a90bdbc551f.m4a","aid":"k9i3tKAq_","size":126611},{"rType":"asset","rSubType":"image","fileName":"#f0932b (2).png","fileSize":53355,"val":"mc-6d46a8f6645daca65de2dfb9f8086730.png","aid":"KVNKdXUoO","size":53355},{"rType":"asset","rSubType":"audio","fileName":"3.2_2.m4a","fileSize":162969,"val":"mc-f137865a7b477fad668573a99334854b.m4a","aid":"Vk1-KAyMC","size":162969},{"rType":"asset","rSubType":"image","fileName":"#f0932b (1).png","fileSize":41030,"val":"mc-e88a85abaeb57e756b51d42b840292c1.png","aid":"jM12ZT2bI","size":41030},{"rType":"asset","rSubType":"audio","fileName":"3.1_1.m4a","fileSize":171719,"val":"mc-068339b256819b9cd61834f6305cf7f2.m4a","aid":"BE7Kbdeld","size":171719},{"rType":"asset","rSubType":"image","fileName":"#f0932b (3).png","fileSize":56495,"val":"mc-1d134e1ef2d236f121c96bd2a08cb929.png","aid":"Ox0lk-jVh","size":56495},{"rType":"asset","rSubType":"audio","fileName":"3.3_3.m4a","fileSize":127960,"val":"mc-d1d0ec1ee15bfc03b59385257efbb40f.m4a","aid":"zOJ4J6IrS","size":127960},{"rType":"asset","rSubType":"image","fileName":"unsplash.jpg","fileSize":0,"val":"mc-a9896aa68727d5dc702921dbfdc0f68c.jpg","aid":"98u4_Y5I8Y","size":134638},{"rType":"asset","rSubType":"image","fileName":"663-min.jpg","fileSize":630754,"val":"mc-4262a42fd87abfa20757c744272396d1.jpg","aid":"pRn5VoGoU","size":630754},{"rType":"asset","rSubType":"image","fileName":"unsplash.jpg","fileSize":0,"val":"mc-2bdf984123efbaf1c6a58561c28ae404.jpg","aid":"a4QBKY3Y_P","size":1095400},{"rType":"asset","rSubType":"image","fileName":"#f0932b (7).png","fileSize":44898,"val":"mc-80afbe5572912e4faf7a3b17917759b7.png","aid":"Z1MrmmZQs","size":44898},{"rType":"asset","rSubType":"audio","fileName":"3.7_7.m4a","fileSize":123214,"val":"mc-36f5380e88223e29bab3fb8298fb11dc.m4a","aid":"ksVYZ0ASe","size":123214},{"rType":"asset","rSubType":"image","fileName":"unsplash.jpg","fileSize":0,"val":"mc-a9896aa68727d5dc702921dbfdc0f68c.jpg","aid":"ArWk0R93H8","size":134638},{"rType":"asset","rSubType":"image","fileName":"unsplash.jpg","fileSize":0,"val":"mc-a9896aa68727d5dc702921dbfdc0f68c.jpg","aid":"XFb8USr5ph","size":134638},{"rType":"asset","rSubType":"image","fileName":"#f0932b (8).png","fileSize":56525,"val":"mc-36ce54ad044f4f910b60d98f2290ac69.png","aid":"rinzNDbgA","size":56525},{"rType":"asset","rSubType":"audio","fileName":"3.8_8.m4a","fileSize":112524,"val":"mc-a4fa13dca7bc9b7b0dcfef31a9da40b9.m4a","aid":"Z9_e6WrQc","size":112524},{"rType":"asset","rSubType":"image","fileName":"#f0932b (4).png","fileSize":39400,"val":"mc-6d1bbb0d4856552179622b9055b651bc.png","aid":"dhhG-Xgjh","size":39400},{"rType":"asset","rSubType":"audio","fileName":"3.4_4.m4a","fileSize":121781,"val":"mc-8e78c4a0733b131eca9084df7bc1de55.m4a","aid":"i_9IbWOf1","size":121781},{"rType":"asset","rSubType":"image","fileName":"#f0932b (5).png","fileSize":42816,"val":"mc-7a766a1272be7cfb0ed1a6d979835783.png","aid":"aIObgtLsH","size":42816},{"rType":"asset","rSubType":"audio","fileName":"3.5_5.m4a","fileSize":122811,"val":"mc-73dd7d81cbe585a594ff0ca7cdba3fe3.m4a","aid":"5vSuRNgNU","size":122811},{"rType":"asset","rSubType":"image","fileName":"#f0932b (10).png","fileSize":50338,"val":"mc-1b05838438748419611e2c9d2e88a9ab.png","aid":"eOGPLiWWE","size":50338},{"rType":"asset","rSubType":"audio","fileName":"3.10_10.m4a","fileSize":125866,"val":"mc-f86bcacc464fd857afb2defc15846c76.m4a","aid":"k7ot-Yg0k","size":125866},{"rType":"asset","rSubType":"image","fileName":"unsplash.jpg","fileSize":0,"val":"mc-a9896aa68727d5dc702921dbfdc0f68c.jpg","aid":"4413Z4M01k","size":134638},{"rType":"asset","rSubType":"image","fileName":"unsplash.jpg","fileSize":0,"val":"mc-a9896aa68727d5dc702921dbfdc0f68c.jpg","aid":"9-WLmI_opr","size":134638}]