[{"rType":"asset","rSubType":"image","fileName":"A (4).png","fileSize":30506,"val":"mc-5241d1e383f85818ec4a0d202c455c48.png","aid":"ArVlIhuo-","size":30506},{"rType":"asset","rSubType":"audio","fileName":"d.m4a","fileSize":147436,"val":"mc-4e370a678823593f68d2a65fc80aabfd.m4a","aid":"Qg1lKiWT5","size":147436},{"rType":"asset","rSubType":"image","fileName":"A (9).png","fileSize":16876,"val":"mc-ef8cdbe0be7ffad7f0911604223958be.png","aid":"1pdYVYL9c","size":16876},{"rType":"asset","rSubType":"audio","fileName":"I.m4a","fileSize":171852,"val":"mc-a03944fb6d1c500a3b792e57e7a3acc3.m4a","aid":"I1EfQTFQw","size":171852},{"rType":"asset","rSubType":"image","fileName":"A (20).png","fileSize":16960,"val":"mc-04aa517e96b0bf4ad6fc136bae79af01.png","aid":"JpccG8yRt","size":16960},{"rType":"asset","rSubType":"audio","fileName":"t.m4a","fileSize":189179,"val":"mc-77de85882f1a5976c17d6d974d03e338.m4a","aid":"on8kdSRbT","size":189179},{"rType":"asset","rSubType":"image","fileName":"A (12).png","fileSize":16927,"val":"mc-266a453fcdd91389ff1b83f7cd0c9642.png","aid":"3uLZ2R-J5","size":16927},{"rType":"asset","rSubType":"audio","fileName":"l.m4a","fileSize":116758,"val":"mc-c48d47f93d8ce7656089f4a6994711e4.m4a","aid":"UYMgFeeS2","size":116758},{"rType":"asset","rSubType":"image","fileName":"A (7).png","fileSize":35344,"val":"mc-e3620b7268f61af2a52897552fb11d24.png","aid":"BeMsJ5kv9","size":35344},{"rType":"asset","rSubType":"audio","fileName":"g.m4a","fileSize":127892,"val":"mc-60fcb35b76143d5154f1dfb5ce2536e4.m4a","aid":"__TMRW7MC","size":127892},{"rType":"asset","rSubType":"image","fileName":"A (12).png","fileSize":16927,"val":"mc-266a453fcdd91389ff1b83f7cd0c9642.png","aid":"rFSRQeoNY","size":16927},{"rType":"asset","rSubType":"audio","fileName":"l.m4a","fileSize":116758,"val":"mc-c48d47f93d8ce7656089f4a6994711e4.m4a","aid":"Jm2fCFgFs","size":116758},{"rType":"asset","rSubType":"image","fileName":"unsplash.jpg","fileSize":0,"val":"mc-a9896aa68727d5dc702921dbfdc0f68c.jpg","aid":"YRr6vu1Mu-","size":134638},{"rType":"asset","rSubType":"image","fileName":"A (20).png","fileSize":16960,"val":"mc-04aa517e96b0bf4ad6fc136bae79af01.png","aid":"5Hsoikq1A","size":16960},{"rType":"asset","rSubType":"audio","fileName":"t.m4a","fileSize":189179,"val":"mc-77de85882f1a5976c17d6d974d03e338.m4a","aid":"IE7qLH4Dx","size":189179},{"rType":"asset","rSubType":"image","fileName":"A (15).png","fileSize":40835,"aid":"8srM5jCAED","val":"mc-589ebb4fe9bc1edb062b35cb240775da.png","size":40835},{"rType":"asset","rSubType":"audio","fileName":"o.m4a","fileSize":117499,"val":"mc-351e47d0baf4f3c30b587b32baf0f44e.m4a","aid":"y8AylEvKI","size":117499},{"rType":"asset","rSubType":"image","fileName":"A (11).png","fileSize":33074,"val":"mc-21ad457e7edca443898521e5e15027de.png","aid":"mWjd_LMVQ","size":33074},{"rType":"asset","rSubType":"audio","fileName":"k.m4a","fileSize":125432,"val":"mc-afba7ca5561dfa3ff92e806d194f8c2a.m4a","aid":"_xaj0Pg9n","size":125432},{"rType":"asset","rSubType":"image","fileName":"2c41e8d4-cce2-43c7-a664-be0a226a3b17.jpg","fileSize":19754,"val":"mc-31ca3e4fadaf631847c0fbc188737f70.jpg","aid":"1vMvxybYP","size":19754},{"rType":"asset","rSubType":"image","fileName":"A (16).png","fileSize":25425,"val":"mc-dfa0dc7ea9542f30e44eaff451f9307d.png","aid":"Oum3PbvOl","size":25425},{"rType":"asset","rSubType":"audio","fileName":"p.m4a","fileSize":176081,"val":"mc-a2f44fa6dd4d1500389394ebdebc4086.m4a","aid":"iPdKdC3xq","size":176081},{"rType":"asset","rSubType":"image","fileName":"unsplash.jpg","fileSize":0,"val":"mc-a9896aa68727d5dc702921dbfdc0f68c.jpg","aid":"ru_8l2yAa1","size":134638},{"rType":"asset","rSubType":"image","fileName":"la.png","fileSize":206918,"val":"mc-d574bdec000cddb5096dd8a4b88548bd.png","aid":"Tde4URCED","size":206918},{"rType":"asset","rSubType":"image","fileName":"3a8493b8-8f3c-42b4-86fb-162033c528af.jpg","fileSize":18835,"val":"mc-67180f536c0072b9b03ff7be84e0cecc.jpg","aid":"WOBJ_OiPA","size":18835},{"rType":"asset","rSubType":"image","fileName":"A (3).png","fileSize":40939,"val":"mc-9bb6ee9d498a9e09dbb4f4bfa15dec21.png","aid":"i4cFjEYst","size":40939},{"rType":"asset","rSubType":"audio","fileName":"c.m4a","fileSize":176281,"val":"mc-7054886f35cb36ac685a508a0b50a1a5.m4a","aid":"FD8niUlLx","size":176281},{"rType":"asset","rSubType":"image","fileName":"A (20).png","fileSize":16960,"val":"mc-04aa517e96b0bf4ad6fc136bae79af01.png","aid":"ilrEXnqmC","size":16960},{"rType":"asset","rSubType":"audio","fileName":"t.m4a","fileSize":189179,"val":"mc-77de85882f1a5976c17d6d974d03e338.m4a","aid":"ZjXLtlrbb","size":189179},{"rType":"asset","rSubType":"image","fileName":"A (1).png","fileSize":34166,"val":"mc-4ae17f86ab3c4d314e495bd5a9d4b0ce.png","aid":"X4mYUozUO","size":34166},{"rType":"asset","rSubType":"audio","fileName":"a.m4a","fileSize":202776,"val":"mc-175a6f43ddf2614caf53765750ff8e4f.m4a","aid":"E3iBcdZdV","size":202776},{"rType":"asset","rSubType":"image","fileName":"A (18).png","fileSize":33333,"val":"mc-dcb744484b8edbf53fcd69ef7114652f.png","aid":"WeoNJp7gs","size":33333},{"rType":"asset","rSubType":"audio","fileName":"r.m4a","fileSize":130667,"val":"mc-ce1b7cdfa3237361f8a6b0145474f908.m4a","aid":"bW2mPb4w1","size":130667},{"rType":"asset","rSubType":"image","fileName":"441a24e3-2bc8-4d2e-91c9-0ded5ed3c374.jpg","fileSize":18630,"val":"mc-e0841cfb30832f20c0c1e900f583fb11.jpg","aid":"khDhjv87A","size":18630},{"rType":"asset","rSubType":"image","fileName":"A (12).png","fileSize":16927,"val":"mc-266a453fcdd91389ff1b83f7cd0c9642.png","aid":"q5fagofO_","size":16927},{"rType":"asset","rSubType":"audio","fileName":"l.m4a","fileSize":116758,"val":"mc-c48d47f93d8ce7656089f4a6994711e4.m4a","aid":"ix5bVrpwd","size":116758},{"rType":"asset","rSubType":"image","fileName":"A (22).png","fileSize":35064,"val":"mc-a0d7d99ef362fc4667a68bbd29de15d9.png","aid":"5iZYhWp5h","size":35064},{"rType":"asset","rSubType":"audio","fileName":"v.m4a","fileSize":138494,"val":"mc-9a127791c9ee1b491e37d106b7eec35f.m4a","aid":"7XyKJ3Yhq","size":138494},{"rType":"asset","rSubType":"image","fileName":"A (5).png","fileSize":17005,"val":"mc-c91d6d49d81344f72fd6f677216388e9.png","aid":"38CPInMev","size":17005},{"rType":"asset","rSubType":"audio","fileName":"e.m4a","fileSize":153504,"val":"mc-91754a3b47934f789062c5f56a2a1ccb.m4a","aid":"_Bg-x9ROA","size":153504},{"rType":"asset","rSubType":"image","fileName":"A (5).png","fileSize":17005,"val":"mc-c91d6d49d81344f72fd6f677216388e9.png","aid":"daunlFqcx","size":17005},{"rType":"asset","rSubType":"audio","fileName":"e.m4a","fileSize":153504,"val":"mc-91754a3b47934f789062c5f56a2a1ccb.m4a","aid":"2L5zuiXk6","size":153504},{"rType":"asset","rSubType":"image","fileName":"c.png","fileSize":47653,"val":"mc-182b332f6a87b38d3538ad660a3cbe8b.png","aid":"RMbxydfpW","size":47653},{"rType":"asset","rSubType":"audio","fileName":"c.m4a","fileSize":176281,"val":"mc-7054886f35cb36ac685a508a0b50a1a5.m4a","aid":"xInjrV6NL","size":176281},{"rType":"asset","rSubType":"image","fileName":"unsplash.jpg","fileSize":0,"val":"mc-a9896aa68727d5dc702921dbfdc0f68c.jpg","aid":"0zbcujPu3v","size":134638},{"rType":"asset","rSubType":"image","fileName":"unsplash.jpg","fileSize":0,"val":"mc-fef853b1973cd84967676d07de4c2d05.jpg","aid":"6qJ22GZvTn","size":128849},{"rType":"asset","rSubType":"image","fileName":"unsplash.jpg","fileSize":0,"val":"mc-2bdf984123efbaf1c6a58561c28ae404.jpg","aid":"5blEJsYkpj","size":1095400},{"rType":"asset","rSubType":"image","fileName":"unsplash.jpg","fileSize":0,"val":"mc-a9896aa68727d5dc702921dbfdc0f68c.jpg","aid":"KbxG_Aj08P","size":134638},{"rType":"asset","rSubType":"image","fileName":"A (13).png","fileSize":37541,"val":"mc-40c2e08dcfde961345648cc4067eeb13.png","aid":"5n43KFc_A","size":37541},{"rType":"asset","rSubType":"audio","fileName":"m.m4a","fileSize":126711,"val":"mc-3e5d6f50dc4d0c40597c49ab4bbc7a1a.m4a","aid":"1ow5PRrax","size":126711},{"rType":"asset","rSubType":"image","fileName":"A (14).png","fileSize":29843,"val":"mc-d133b5dddb319635fbbfd1fc26e4ed4d.png","aid":"InKLe3aYf","size":29843},{"rType":"asset","rSubType":"audio","fileName":"n.m4a","fileSize":116635,"val":"mc-8cee4c64d7c2a0b5a1cd90497151dea6.m4a","aid":"1trPv-LzU","size":116635},{"rType":"asset","rSubType":"image","fileName":"A (18).png","fileSize":33333,"val":"mc-dcb744484b8edbf53fcd69ef7114652f.png","aid":"PfdPQZvL0","size":33333},{"rType":"asset","rSubType":"audio","fileName":"r.m4a","fileSize":130667,"val":"mc-ce1b7cdfa3237361f8a6b0145474f908.m4a","aid":"UnFA3FnYI","size":130667},{"rType":"asset","rSubType":"image","fileName":"unsplash.jpg","fileSize":0,"val":"mc-a9896aa68727d5dc702921dbfdc0f68c.jpg","aid":"D5jWrrksBP","size":134638},{"rType":"asset","rSubType":"image","fileName":"A (5).png","fileSize":17005,"val":"mc-c91d6d49d81344f72fd6f677216388e9.png","aid":"oel-5IncB","size":17005},{"rType":"asset","rSubType":"audio","fileName":"e.m4a","fileSize":153504,"val":"mc-91754a3b47934f789062c5f56a2a1ccb.m4a","aid":"_aD_C6SV_","size":153504},{"rType":"asset","rSubType":"image","fileName":"168b6045-63d3-4838-a2ce-1d7a1eae495c.jpg","fileSize":20673,"val":"mc-0a816300d262bbf9c5136731a08c8cb6.jpg","aid":"gdfw_xP-e","size":20673},{"rType":"asset","rSubType":"image","fileName":"A (1).png","fileSize":34166,"val":"mc-4ae17f86ab3c4d314e495bd5a9d4b0ce.png","aid":"vJaclwXS-","size":34166},{"rType":"asset","rSubType":"audio","fileName":"a.m4a","fileSize":202776,"val":"mc-175a6f43ddf2614caf53765750ff8e4f.m4a","aid":"bLEiprztk","size":202776},{"rType":"asset","rSubType":"image","fileName":"A (3).png","fileSize":40939,"val":"mc-9bb6ee9d498a9e09dbb4f4bfa15dec21.png","aid":"3npEiSHdP","size":40939},{"rType":"asset","rSubType":"audio","fileName":"c.m4a","fileSize":176281,"val":"mc-7054886f35cb36ac685a508a0b50a1a5.m4a","aid":"KYgdzVdMc","size":176281},{"rType":"asset","rSubType":"image","fileName":"A (1).png","fileSize":34166,"val":"mc-4ae17f86ab3c4d314e495bd5a9d4b0ce.png","aid":"D3WMcHUEu","size":34166},{"rType":"asset","rSubType":"audio","fileName":"a.m4a","fileSize":202776,"val":"mc-175a6f43ddf2614caf53765750ff8e4f.m4a","aid":"vH2bJIFii","size":202776},{"rType":"asset","rSubType":"image","fileName":"A (16).png","fileSize":25425,"val":"mc-dfa0dc7ea9542f30e44eaff451f9307d.png","aid":"dFZHOQcS4","size":25425},{"rType":"asset","rSubType":"audio","fileName":"p.m4a","fileSize":176081,"val":"mc-a2f44fa6dd4d1500389394ebdebc4086.m4a","aid":"POLxLiN-X","size":176081},{"rType":"asset","rSubType":"image","fileName":"unsplash.jpg","fileSize":0,"val":"mc-a9896aa68727d5dc702921dbfdc0f68c.jpg","aid":"Kkri2fYr5d","size":134638},{"rType":"asset","rSubType":"image","fileName":"ASDpng.png","fileSize":30809,"val":"mc-0d42c6c31988f9ff65b02d2dcbc37a74.png","aid":"iAPeCJMRz","size":30809},{"rType":"asset","rSubType":"audio","fileName":"y.m4a","fileSize":138060,"val":"mc-a38932bf282bbbd5d9f77326ac94010f.m4a","aid":"F2tR4YoSG","size":138060},{"rType":"asset","rSubType":"image","fileName":"unsplash.jpg","fileSize":0,"val":"mc-a9896aa68727d5dc702921dbfdc0f68c.jpg","aid":"5wD24jnfKp","size":134638},{"rType":"asset","rSubType":"image","fileName":"A (15).png","fileSize":40835,"val":"mc-589ebb4fe9bc1edb062b35cb240775da.png","aid":"ae89gAznM","size":40835},{"rType":"asset","rSubType":"audio","fileName":"o.m4a","fileSize":117499,"val":"mc-351e47d0baf4f3c30b587b32baf0f44e.m4a","aid":"nAy48dLVn","size":117499},{"rType":"asset","rSubType":"image","fileName":"d1a95df8-7a1b-49b2-9e46-7fe64455265a.jpg","fileSize":26169,"val":"mc-9446784c3306c7459eeca99374cf6df2.jpg","aid":"_lWifwHpg","size":26169},{"rType":"asset","rSubType":"image","fileName":"A (4).png","fileSize":30506,"aid":"pd1-6dDTUx","val":"mc-5241d1e383f85818ec4a0d202c455c48.png","size":30506},{"rType":"asset","rSubType":"audio","fileName":"d.m4a","fileSize":147436,"val":"mc-4e370a678823593f68d2a65fc80aabfd.m4a","aid":"Y04twsVF5","size":147436},{"rType":"asset","rSubType":"image","fileName":"unsplash.jpg","fileSize":0,"val":"mc-a9896aa68727d5dc702921dbfdc0f68c.jpg","aid":"eu6YRWw1Sc","size":134638},{"rType":"asset","rSubType":"image","fileName":"unsplash.jpg","fileSize":0,"val":"mc-a9896aa68727d5dc702921dbfdc0f68c.jpg","aid":"ae64kIvqn-","size":134638},{"rType":"asset","rSubType":"image","fileName":"fb7b820a-bb48-4af6-8b87-b5a057cd7c03.jpg","fileSize":2339,"val":"mc-90aecde0855f7b2cb4bac208490f3f46.jpg","aid":"DpLveEJs9","size":2339},{"rType":"asset","rSubType":"image","fileName":"carne.jpg","fileSize":307176,"val":"mc-b4908ec4abe963928d383feb518774c1.jpg","aid":"aGB1-PGiT","size":307176},{"rType":"asset","rSubType":"image","fileName":"A (14).png","fileSize":29843,"val":"mc-d133b5dddb319635fbbfd1fc26e4ed4d.png","aid":"6EQqmIOwB","size":29843},{"rType":"asset","rSubType":"audio","fileName":"n.m4a","fileSize":116635,"val":"mc-8cee4c64d7c2a0b5a1cd90497151dea6.m4a","aid":"C7T6oEOZj","size":116635},{"rType":"asset","rSubType":"image","fileName":"324937ad-6fb6-41f8-ac0f-2d2eac8842ea.jpg","fileSize":17172,"val":"mc-eb21e72961c6885f62a26046f1f6a8c3.jpg","aid":"MtSUCoi_M","size":17172},{"rType":"asset","rSubType":"image","fileName":"09c7c326-a325-4733-aef7-d96d222e3c48.jpg","fileSize":40873,"val":"mc-c506647091d0330851153efc34ac9690.jpg","aid":"mQo4ghJGI","size":40873},{"rType":"asset","rSubType":"image","fileName":"A (7).png","fileSize":35344,"aid":"sFWI_XFpeP","val":"mc-e3620b7268f61af2a52897552fb11d24.png","size":35344},{"rType":"asset","rSubType":"image","fileName":"A (3).png","fileSize":40939,"val":"mc-9bb6ee9d498a9e09dbb4f4bfa15dec21.png","aid":"hI54F4VVX","size":40939},{"rType":"asset","rSubType":"audio","fileName":"c.m4a","fileSize":176281,"val":"mc-7054886f35cb36ac685a508a0b50a1a5.m4a","aid":"D4S_wlyBS","size":176281},{"rType":"asset","rSubType":"image","fileName":"A (15).png","fileSize":40835,"val":"mc-589ebb4fe9bc1edb062b35cb240775da.png","aid":"N7I2tpDK2","size":40835},{"rType":"asset","rSubType":"audio","fileName":"o.m4a","fileSize":117499,"val":"mc-351e47d0baf4f3c30b587b32baf0f44e.m4a","aid":"B6sNr7fW3","size":117499},{"rType":"asset","rSubType":"image","fileName":"A (5).png","fileSize":17005,"val":"mc-c91d6d49d81344f72fd6f677216388e9.png","aid":"BKZW3u0Mk","size":17005},{"rType":"asset","rSubType":"audio","fileName":"e.m4a","fileSize":153504,"val":"mc-91754a3b47934f789062c5f56a2a1ccb.m4a","aid":"IWzPeIWet","size":153504},{"rType":"asset","rSubType":"image","fileName":"A (5).png","fileSize":17005,"val":"mc-c91d6d49d81344f72fd6f677216388e9.png","aid":"-f27kjXq1","size":17005},{"rType":"asset","rSubType":"audio","fileName":"e.m4a","fileSize":153504,"val":"mc-91754a3b47934f789062c5f56a2a1ccb.m4a","aid":"pyCH_Nocm","size":153504},{"rType":"asset","rSubType":"image","fileName":"unsplash.jpg","fileSize":0,"val":"mc-a9896aa68727d5dc702921dbfdc0f68c.jpg","aid":"Lz_XdcSakw","size":134638}]