{"i":{"kJU_3oMg4":{"id":"kJU_3oMg4","type":"slide","setup":{"transparentBg":{"selectedKey":false},"bord":{"size":0,"rad":0},"bg":{"selectedKey":"image","fill":{"opac":1,"rgb":"var(--TC3)"},"img":{"filt":{"opac":100,"gray":0,"blur":0,"tint":{"rgb":"var(--TC3)","opac":0.5,"blendMode":"multiply"}},"pos":{"type":"crop","fit":{"bg":{"color":{"rgb":"#FFF","opac":100}},"vali":"center","hali":"center"},"crop":{"poi":{"x":618,"y":1064}}},"measures":{"size":{"width":1080,"height":1349}},"orig":{"rType":"asset","rSubType":"image","fileName":"unsplash.jpg","fileSize":0,"val":"mc-a9896aa68727d5dc702921dbfdc0f68c.jpg","aid":"5wD24jnfKp"}}}}},"lOod30nE-":{"id":"lOod30nE-","type":"interactive","subtype":"interactivePodCast","setup":{"bg":{"selectedKey":"image","fill":{"opac":1,"rgb":"#FFF"},"img":{"filt":{"opac":100,"gray":0,"blur":0,"tint":{"rgb":"#FFF","opac":0}},"pos":{"type":"crop","fit":{"bg":{"color":{"rgb":"#FFF","opac":100}},"vali":"center","hali":"center"},"crop":{"bg":{"color":{"rgb":"#FFF","opac":0}},"poi":{"x":715,"y":985}},"mask":{"shape":1}},"measures":{"size":{"width":1414,"height":2000}},"orig":{"rType":"asset","rSubType":"image","fileName":"A (9).png","fileSize":16876,"val":"mc-ef8cdbe0be7ffad7f0911604223958be.png","aid":"1pdYVYL9c"}}},"audio":{"orig":{"rType":"asset","rSubType":"audio","fileName":"I.m4a","fileSize":171852,"val":"mc-a03944fb6d1c500a3b792e57e7a3acc3.m4a","aid":"I1EfQTFQw"}}}},"eAJgOCuy4":{"id":"eAJgOCuy4","type":"interactive","subtype":"interactivePodCast","setup":{"bg":{"selectedKey":"image","fill":{"opac":1,"rgb":"#FFF"},"img":{"filt":{"opac":100,"gray":0,"blur":0,"tint":{"rgb":"#FFF","opac":0}},"pos":{"type":"crop","fit":{"bg":{"color":{"rgb":"#FFF","opac":100}},"vali":"center","hali":"center"},"crop":{"bg":{"color":{"rgb":"#FFF","opac":0}},"poi":{"x":730,"y":1046}},"mask":{"shape":1}},"measures":{"size":{"width":1414,"height":2000}},"orig":{"rType":"asset","rSubType":"image","fileName":"A (12).png","fileSize":16927,"val":"mc-266a453fcdd91389ff1b83f7cd0c9642.png","aid":"3uLZ2R-J5"}}},"audio":{"orig":{"rType":"asset","rSubType":"audio","fileName":"l.m4a","fileSize":116758,"val":"mc-c48d47f93d8ce7656089f4a6994711e4.m4a","aid":"UYMgFeeS2"}}}},"DNKPHQGmLV":{"id":"DNKPHQGmLV","type":"interactive","subtype":"interactiveImage","setup":{"img":{"filt":{"opac":100,"gray":0,"blur":0,"tint":{"rgb":"#FFF","opac":0}},"pos":{"type":"fit","fit":{"bg":{"color":{"rgb":"#FFF","opac":100}},"vali":"center","hali":"center"},"crop":{"bg":{"color":{"rgb":"#FFF","opac":0}},"poi":{"x":288,"y":168}},"mask":{"shape":1}},"measures":{"size":{"width":512,"height":336}},"orig":{"rType":"asset","rSubType":"image","fileName":"la.png","fileSize":206918,"val":"mc-d574bdec000cddb5096dd8a4b88548bd.png","aid":"Tde4URCED"}}}},"2NSa5fCMt":{"id":"2NSa5fCMt","type":"interactive","subtype":"interactivePodCast","setup":{"bg":{"selectedKey":"image","fill":{"opac":1,"rgb":"#FFF"},"img":{"filt":{"opac":100,"gray":0,"blur":0,"tint":{"rgb":"#FFF","opac":0}},"pos":{"type":"crop","fit":{"bg":{"color":{"rgb":"#FFF","opac":100}},"vali":"center","hali":"center"},"crop":{"bg":{"color":{"rgb":"#FFF","opac":0}},"poi":{"x":699,"y":708}},"mask":{"shape":1}},"measures":{"size":{"width":1414,"height":2000}},"orig":{"rType":"asset","rSubType":"image","fileName":"c.png","fileSize":47653,"val":"mc-182b332f6a87b38d3538ad660a3cbe8b.png","aid":"RMbxydfpW"}}},"audio":{"orig":{"rType":"asset","rSubType":"audio","fileName":"c.m4a","fileSize":176281,"val":"mc-7054886f35cb36ac685a508a0b50a1a5.m4a","aid":"xInjrV6NL"}}}},"N6LXsiclcC":{"id":"N6LXsiclcC","type":"interactive","subtype":"interactivePodCast","setup":{"bg":{"selectedKey":"image","fill":{"opac":1,"rgb":"#FFF"},"img":{"filt":{"opac":100,"gray":0,"blur":0,"tint":{"rgb":"#FFF","opac":0}},"pos":{"type":"crop","fit":{"bg":{"color":{"rgb":"#FFF","opac":100}},"vali":"center","hali":"center"},"crop":{"bg":{"color":{"rgb":"#FFF","opac":0}},"poi":{"x":699,"y":962}},"mask":{"shape":1}},"measures":{"size":{"width":1414,"height":2000}},"orig":{"rType":"asset","rSubType":"image","fileName":"A (5).png","fileSize":17005,"val":"mc-c91d6d49d81344f72fd6f677216388e9.png","aid":"oel-5IncB"}}},"audio":{"orig":{"rType":"asset","rSubType":"audio","fileName":"e.m4a","fileSize":153504,"val":"mc-91754a3b47934f789062c5f56a2a1ccb.m4a","aid":"_aD_C6SV_"}}}},"vaQR9781Dv":{"id":"vaQR9781Dv","type":"interactive","subtype":"interactivePodCast","setup":{"bg":{"selectedKey":"image","fill":{"opac":1,"rgb":"#FFF"},"img":{"filt":{"opac":100,"gray":0,"blur":0,"tint":{"rgb":"#FFF","opac":0}},"pos":{"type":"crop","fit":{"bg":{"color":{"rgb":"#FFF","opac":100}},"vali":"center","hali":"center"},"crop":{"bg":{"color":{"rgb":"#FFF","opac":0}},"poi":{"x":661,"y":908}},"mask":{"shape":1}},"measures":{"size":{"width":1414,"height":2000}},"orig":{"rType":"asset","rSubType":"image","fileName":"A (16).png","fileSize":25425,"val":"mc-dfa0dc7ea9542f30e44eaff451f9307d.png","aid":"dFZHOQcS4"}}},"audio":{"orig":{"rType":"asset","rSubType":"audio","fileName":"p.m4a","fileSize":176081,"val":"mc-a2f44fa6dd4d1500389394ebdebc4086.m4a","aid":"POLxLiN-X"}}}},"1op0JAvn_M":{"id":"1op0JAvn_M","type":"interactive","subtype":"interactivePodCast","setup":{"bg":{"selectedKey":"image","fill":{"opac":1,"rgb":"#FFF"},"img":{"filt":{"opac":100,"gray":0,"blur":0,"tint":{"rgb":"#FFF","opac":0}},"pos":{"type":"crop","fit":{"bg":{"color":{"rgb":"#FFF","opac":100}},"vali":"center","hali":"center"},"crop":{"bg":{"color":{"rgb":"#FFF","opac":0}},"poi":{"x":692,"y":1046}},"mask":{"shape":1}},"measures":{"size":{"width":1414,"height":2000}},"orig":{"rType":"asset","rSubType":"image","fileName":"A (14).png","fileSize":29843,"val":"mc-d133b5dddb319635fbbfd1fc26e4ed4d.png","aid":"6EQqmIOwB"}}},"audio":{"orig":{"rType":"asset","rSubType":"audio","fileName":"n.m4a","fileSize":116635,"val":"mc-8cee4c64d7c2a0b5a1cd90497151dea6.m4a","aid":"C7T6oEOZj"}}}}},"v":"1"}