{"i":{"rA6I1IY4E":{"id":"rA6I1IY4E","type":"slide","setup":{"bord":{"size":0,"rad":0},"bg":{"selectedKey":"image","fill":{"opac":1,"rgb":"var(--TC3)"},"img":{"filt":{"opac":100,"gray":0,"blur":0,"tint":{"rgb":"var(--TC3)","opac":0.5,"blendMode":"multiply"}},"pos":{"type":"crop","fit":{"bg":{"color":{"rgb":"#FFF","opac":100}},"vali":"center","hali":"center"},"crop":{"poi":{"x":618,"y":1064}}},"measures":{"size":{"width":1080,"height":1349}},"orig":{"rType":"asset","rSubType":"image","fileName":"unsplash.jpg","fileSize":0,"val":"mc-a9896aa68727d5dc702921dbfdc0f68c.jpg","aid":"KbxG_Aj08P"}}},"transparentBg":{"selectedKey":false}}},"Up9jbWEFQ5":{"id":"Up9jbWEFQ5","type":"interactive","subtype":"interactivePodCast","setup":{"bg":{"selectedKey":"image","fill":{"opac":1,"rgb":"#FFF"},"img":{"filt":{"opac":100,"gray":0,"blur":0,"tint":{"rgb":"#FFF","opac":0}},"pos":{"type":"crop","fit":{"bg":{"color":{"rgb":"#FFF","opac":100}},"vali":"center","hali":"center"},"crop":{"bg":{"color":{"rgb":"#FFF","opac":0}},"poi":{"x":707,"y":969}},"mask":{"shape":1}},"measures":{"size":{"width":1414,"height":2000}},"orig":{"rType":"asset","rSubType":"image","fileName":"A (15).png","fileSize":40835,"aid":"8srM5jCAED","val":"mc-589ebb4fe9bc1edb062b35cb240775da.png"}}},"audio":{"orig":{"rType":"asset","rSubType":"audio","fileName":"o.m4a","fileSize":117499,"val":"mc-351e47d0baf4f3c30b587b32baf0f44e.m4a","aid":"y8AylEvKI"}}}},"Q27_6J6qSG":{"id":"Q27_6J6qSG","type":"interactive","subtype":"interactivePodCast","setup":{"bg":{"selectedKey":"image","fill":{"opac":1,"rgb":"#FFF"},"img":{"filt":{"opac":100,"gray":0,"blur":0,"tint":{"rgb":"#FFF","opac":0}},"pos":{"type":"crop","fit":{"bg":{"color":{"rgb":"#FFF","opac":100}},"vali":"center","hali":"center"},"crop":{"bg":{"color":{"rgb":"#FFF","opac":0}},"poi":{"x":715,"y":969}},"mask":{"shape":1}},"measures":{"size":{"width":1414,"height":2000}},"orig":{"rType":"asset","rSubType":"image","fileName":"A (18).png","fileSize":33333,"val":"mc-dcb744484b8edbf53fcd69ef7114652f.png","aid":"WeoNJp7gs"}}},"audio":{"orig":{"rType":"asset","rSubType":"audio","fileName":"r.m4a","fileSize":130667,"val":"mc-ce1b7cdfa3237361f8a6b0145474f908.m4a","aid":"bW2mPb4w1"}}}},"_9Cdl818l4":{"id":"_9Cdl818l4","type":"interactive","subtype":"interactivePodCast","setup":{"bg":{"selectedKey":"image","fill":{"opac":1,"rgb":"#FFF"},"img":{"filt":{"opac":100,"gray":0,"blur":0,"tint":{"rgb":"#FFF","opac":0}},"pos":{"type":"crop","fit":{"bg":{"color":{"rgb":"#FFF","opac":100}},"vali":"center","hali":"center"},"crop":{"bg":{"color":{"rgb":"#FFF","opac":0}},"poi":{"x":699,"y":985}},"mask":{"shape":1}},"measures":{"size":{"width":1414,"height":2000}},"orig":{"rType":"asset","rSubType":"image","fileName":"A (15).png","fileSize":40835,"val":"mc-589ebb4fe9bc1edb062b35cb240775da.png","aid":"ae89gAznM"}}},"audio":{"orig":{"rType":"asset","rSubType":"audio","fileName":"o.m4a","fileSize":117499,"val":"mc-351e47d0baf4f3c30b587b32baf0f44e.m4a","aid":"nAy48dLVn"}}}},"0jEeM7UTvj":{"id":"0jEeM7UTvj","type":"interactive","subtype":"interactiveCard","setup":{"animation":{"selectedKey":"fade"},"front":{"selectedKey":"fill","fill":{"opac":0.95,"rgb":"var(--TC3)"},"img":{"filt":{"opac":100,"gray":0,"blur":0,"tint":{"rgb":"#e50a4f","opac":0}},"pos":{"type":"crop","fit":{"bg":{"color":{"rgb":"#FFF","opac":100}},"vali":"center","hali":"center"},"crop":{"poi":{"x":552,"y":360}}},"measures":{"size":{"width":1080,"height":720}}},"txt":{"rType":"richtext","val":{"ops":[{"insert":"Our Item 6","attributes":{"color":"var(--TC1)","bold":true}},{"insert":"\n","attributes":{"align":"center","size":"large"}}]}},"rType":"richtext","hali":"","vali":"middle","paddV1":10},"back":{"selectedKey":"fill","fill":{"opac":0.5,"rgb":"var(--TC2)"},"img":{"filt":{"opac":100,"gray":100,"blur":0,"tint":{"rgb":"#fff","opac":0.9}},"pos":{"type":"crop","fit":{"bg":{"color":{"rgb":"#FFF","opac":100}},"vali":"center","hali":"center"},"crop":{"poi":{"x":552,"y":360}}},"measures":{"size":{"width":1080,"height":720}}},"rType":"richtext","vali":"top","txt":{"rType":"richtext","val":{"ops":[{"insert":"We want to know why your idea makes sense, why it's  going to be a success, why a user would be interested on it. Once at this point, our strategy experts will challenge the limits and create intuitive, simple and beautiful designs.","attributes":{"color":"var(--TC3)"}},{"insert":"\n","attributes":{"size":"normal"}}]}},"paddV1":15,"hali":""}}},"LN9k7aJaFH":{"id":"LN9k7aJaFH","type":"interactive","subtype":"interactiveImage","setup":{"img":{"filt":{"opac":100,"gray":0,"blur":0,"tint":{"rgb":"#FFF","opac":0}},"pos":{"type":"fit","fit":{"bg":{"color":{"rgb":"#FFF","opac":100}},"vali":"center","hali":"center"},"crop":{"bg":{"color":{"rgb":"#FFF","opac":0}},"poi":{"x":216,"y":169.5}},"mask":{"shape":1}},"measures":{"size":{"width":513,"height":340}},"orig":{"rType":"asset","rSubType":"image","fileName":"d1a95df8-7a1b-49b2-9e46-7fe64455265a.jpg","fileSize":26169,"val":"mc-9446784c3306c7459eeca99374cf6df2.jpg","aid":"_lWifwHpg"}}}},"4WfwF9MuMV":{"id":"4WfwF9MuMV","type":"interactive","subtype":"interactivePodCast","setup":{"bg":{"selectedKey":"image","fill":{"opac":1,"rgb":"#FFF"},"img":{"filt":{"opac":100,"gray":0,"blur":0,"tint":{"rgb":"#FFF","opac":0}},"pos":{"type":"crop","fit":{"bg":{"color":{"rgb":"#FFF","opac":100}},"vali":"center","hali":"center"},"crop":{"bg":{"color":{"rgb":"#FFF","opac":0}},"poi":{"x":753,"y":962}},"mask":{"shape":1}},"measures":{"size":{"width":1414,"height":2000}},"orig":{"rType":"asset","rSubType":"image","fileName":"A (4).png","fileSize":30506,"aid":"pd1-6dDTUx","val":"mc-5241d1e383f85818ec4a0d202c455c48.png"}}},"audio":{"orig":{"rType":"asset","rSubType":"audio","fileName":"d.m4a","fileSize":147436,"val":"mc-4e370a678823593f68d2a65fc80aabfd.m4a","aid":"Y04twsVF5"}}}}},"v":"1"}