[{"rType":"asset","rSubType":"image","fileName":"park-4964671__340.jpg","fileSize":46538,"aid":"Lw4NiSE9KH","val":"mc-4b6cbb5a3088b6fe80eb39447432062a.jpg","size":46538},{"rType":"asset","rSubType":"image","fileName":"TRANSPORTE (4).png","fileSize":1099958,"val":"mc-91475c49b24b7fc578d08bb49f602604.png","aid":"w0ISonodEGN","size":1099958},{"rType":"asset","rSubType":"audio","fileName":"jet ski.m4a","fileSize":72220,"val":"mc-cf6af7e7820f673a53297155441f34e5.m4a","aid":"KOGkTlhKZ8T","size":72220},{"rType":"asset","rSubType":"image","fileName":"trans_17.png","fileSize":51244,"val":"mc-468cda9e7c5099f0a51f1f670a855940.png","aid":"Esu8dwB9v","size":51244},{"rType":"asset","rSubType":"image","fileName":"TRANSPORTE (16).png","fileSize":918145,"val":"mc-21dc4e8035e0257cfdf0dec6f15d3bb2.png","aid":"Jvoiwpa5B","size":918145},{"rType":"asset","rSubType":"audio","fileName":"airplain.m4a","fileSize":66713,"val":"mc-992a495f7cf2ab9bbad97ff5be09cc66.m4a","aid":"yUHNFF3x-","size":66713},{"rType":"asset","rSubType":"image","fileName":"TRANSPORTE (14).png","fileSize":803448,"val":"mc-36c8c0c503aaa2c27a2a3afb2e7348fd.png","aid":"Bj_hrWpXw","size":803448},{"rType":"asset","rSubType":"audio","fileName":"helicopter.m4a","fileSize":59545,"val":"mc-c44809764907c9843d39f47c0807ac19.m4a","aid":"1d0lVkWlv","size":59545},{"rType":"asset","rSubType":"image","fileName":"TRANSPORTE (13).png","fileSize":686728,"val":"mc-40764d5b0377c044cb992727e358f778.png","aid":"6B5CcEt3k","size":686728},{"rType":"asset","rSubType":"audio","fileName":"hot air ballom.m4a","fileSize":83441,"val":"mc-8d462760cc5a77e0f04e99f71e1fc250.m4a","aid":"D4Xj4klLD","size":83441},{"rType":"asset","rSubType":"image","fileName":"park-4964671__340.jpg","fileSize":46538,"val":"mc-4b6cbb5a3088b6fe80eb39447432062a.jpg","aid":"u0m5SMR_OZ","size":46538},{"rType":"asset","rSubType":"image","fileName":"park-4964671__340.jpg","fileSize":46538,"aid":"HBxY0xTF71","val":"mc-4b6cbb5a3088b6fe80eb39447432062a.jpg","size":46538},{"rType":"asset","rSubType":"image","fileName":"trans_19.png","fileSize":144839,"val":"mc-2277b7b998f41b9338fed546c3d89c57.png","aid":"GbwPH5p0G","size":144839},{"rType":"asset","rSubType":"image","fileName":"unsplash.jpg","fileSize":0,"val":"mc-2bdf984123efbaf1c6a58561c28ae404.jpg","aid":"UtW97Uc7Ci","size":1095400},{"rType":"asset","rSubType":"image","fileName":"park-4964671__340.jpg","fileSize":46538,"aid":"37R0xvQcQ2l","val":"mc-4b6cbb5a3088b6fe80eb39447432062a.jpg","size":46538},{"rType":"asset","rSubType":"image","fileName":"trans_16.png","fileSize":52462,"val":"mc-1e296e4447558c2c9a9faf5b481b0be9.png","aid":"Sn-b8nkL7","size":52462},{"rType":"asset","rSubType":"image","fileName":"TRANSPORTE (15).png","fileSize":390242,"val":"mc-ef3d9eb031cb8d85c223e143af6f5e84.png","aid":"E00p99BAC","size":390242},{"rType":"asset","rSubType":"audio","fileName":"plain.m4a","fileSize":80677,"val":"mc-4189652f2dcbcf64d496b0998f05881c.m4a","aid":"QUzilYrvJ","size":80677},{"rType":"asset","rSubType":"image","fileName":"trans_20.png","fileSize":184108,"val":"mc-95976cf6982129bf89e0ed8a71407069.png","aid":"JgI4-H0oS","size":184108},{"rType":"asset","rSubType":"image","fileName":"trans_18.png","fileSize":50783,"val":"mc-d36d57afc03876310f4c57477dd784f3.png","aid":"OOcBt7NJ0","size":50783},{"rType":"asset","rSubType":"image","fileName":"trans_6.png","fileSize":135772,"val":"mc-852106a6e7ea76465acad2300dd3e20e.png","aid":"pQ02PjYAcy","size":135772},{"rType":"asset","rSubType":"image","fileName":"TRANSPORTE (17).png","fileSize":1217086,"val":"mc-12b60b1be7bea81973631844cf4d53c3.png","aid":"m-0le7NO8","size":1217086},{"rType":"asset","rSubType":"audio","fileName":"cableway.m4a","fileSize":75571,"val":"mc-ed89bab23ff18a8ecd16a4cbd961ac29.m4a","aid":"WPtFWx5ei","size":75571}]