{"i":{"fhNm8E5J3":{"id":"fhNm8E5J3","type":"slide","setup":{"bg":{"selectedKey":"image","fill":{"opac":1,"rgb":"var(--TC3)"},"img":{"filt":{"opac":100,"gray":0,"blur":0,"tint":{"rgb":"#FFF","opac":0}},"pos":{"type":"crop","fit":{"bg":{"color":{"rgb":"#FFF","opac":100}},"vali":"center","hali":"center"},"crop":{"bg":{"color":{"rgb":"#FFF","opac":0}},"poi":{"x":279,"y":169.5}},"mask":{"shape":1}},"measures":{"size":{"width":680,"height":340}},"orig":{"rType":"asset","rSubType":"image","fileName":"park-4964671__340.jpg","fileSize":46538,"aid":"37R0xvQcQ2l","val":"mc-4b6cbb5a3088b6fe80eb39447432062a.jpg"}}},"transparentBg":{"selectedKey":false},"bord":{"size":4,"rad":7}}},"7_eJUJNEz":{"id":"7_eJUJNEz","type":"interactive","subtype":"interactivePodCast","setup":{"bg":{"selectedKey":"image","fill":{"opac":1,"rgb":"#FFF"},"img":{"filt":{"opac":100,"gray":0,"blur":0,"tint":{"rgb":"#FFF","opac":0}},"pos":{"type":"crop","fit":{"bg":{"color":{"rgb":"#FFF","opac":100}},"vali":"center","hali":"center"},"crop":{"bg":{"color":{"rgb":"#FFF","opac":0}},"poi":{"x":1122.5,"y":1600.5}},"mask":{"shape":1}},"measures":{"size":{"width":2245,"height":3179}},"orig":{"rType":"asset","rSubType":"image","fileName":"TRANSPORTE (4).png","fileSize":1099958,"val":"mc-91475c49b24b7fc578d08bb49f602604.png","aid":"w0ISonodEGN"}}},"audio":{"orig":{"rType":"asset","rSubType":"audio","fileName":"jet ski.m4a","fileSize":72220,"val":"mc-cf6af7e7820f673a53297155441f34e5.m4a","aid":"KOGkTlhKZ8T"}}}},"VPrDx2-2Ul":{"id":"VPrDx2-2Ul","type":"interactive","subtype":"interactiveRichText","setup":{"frmeTp":{"selectedKey":"noneFrame"},"bg":{"fill":{"opac":0.2,"rgb":"#FFF"}},"txt":{"val":{"ops":[{"insert":"MEANS OF AIR TRANSPORT","attributes":{"color":"var(--TC14)","background":"var(--TC7)","bold":true}},{"insert":"\n","attributes":{"align":"center","size":"huge"}}]},"rType":"richtext"},"vali":"middle","hali":""}},"imDS0rNuB":{"id":"imDS0rNuB","type":"interactive","subtype":"interactivePodCast","setup":{"bg":{"selectedKey":"image","fill":{"opac":1,"rgb":"#FFF"},"img":{"filt":{"opac":100,"gray":0,"blur":0,"tint":{"rgb":"#FFF","opac":0}},"pos":{"type":"fit","fit":{"bg":{"color":{"rgb":"#FFF","opac":100}},"vali":"center","hali":"center"},"crop":{"bg":{"color":{"rgb":"#FFF","opac":0}},"poi":{"x":1122.5,"y":1462.5}},"mask":{"shape":1}},"measures":{"size":{"width":2245,"height":3179}},"orig":{"rType":"asset","rSubType":"image","fileName":"TRANSPORTE (16).png","fileSize":918145,"val":"mc-21dc4e8035e0257cfdf0dec6f15d3bb2.png","aid":"Jvoiwpa5B"}}},"audio":{"orig":{"rType":"asset","rSubType":"audio","fileName":"airplain.m4a","fileSize":66713,"val":"mc-992a495f7cf2ab9bbad97ff5be09cc66.m4a","aid":"yUHNFF3x-"}}}},"6_v1ZVwor":{"id":"6_v1ZVwor","type":"interactive","subtype":"interactivePodCast","setup":{"bg":{"selectedKey":"image","fill":{"opac":1,"rgb":"#FFF"},"img":{"filt":{"opac":100,"gray":0,"blur":0,"tint":{"rgb":"#FFF","opac":0}},"pos":{"type":"fit","fit":{"bg":{"color":{"rgb":"#FFF","opac":100}},"vali":"center","hali":"center"},"crop":{"bg":{"color":{"rgb":"#FFF","opac":0}},"poi":{"x":1122.5,"y":1393.5}},"mask":{"shape":1}},"measures":{"size":{"width":2245,"height":3179}},"orig":{"rType":"asset","rSubType":"image","fileName":"TRANSPORTE (17).png","fileSize":1217086,"val":"mc-12b60b1be7bea81973631844cf4d53c3.png","aid":"m-0le7NO8"}}},"audio":{"orig":{"rType":"asset","rSubType":"audio","fileName":"cableway.m4a","fileSize":75571,"val":"mc-ed89bab23ff18a8ecd16a4cbd961ac29.m4a","aid":"WPtFWx5ei"}}}}},"v":"1"}