{"i":{"uFlryA0bQ":{"id":"uFlryA0bQ","type":"slide","setup":{"bg":{"selectedKey":"image","fill":{"opac":1,"rgb":"var(--TC3)"},"img":{"filt":{"opac":100,"gray":0,"blur":0,"tint":{"rgb":"#FFF","opac":0}},"pos":{"type":"crop","fit":{"bg":{"color":{"rgb":"#FFF","opac":100}},"vali":"center","hali":"center"},"crop":{"bg":{"color":{"rgb":"#FFF","opac":0}},"poi":{"x":279,"y":169.5}},"mask":{"shape":1}},"measures":{"size":{"width":680,"height":340}},"orig":{"rType":"asset","rSubType":"image","fileName":"park-4964671__340.jpg","fileSize":46538,"aid":"Lw4NiSE9KH","val":"mc-4b6cbb5a3088b6fe80eb39447432062a.jpg"}}},"transparentBg":{"selectedKey":false},"bord":{"size":0,"rad":0}}},"bayTBh-SL":{"id":"bayTBh-SL","type":"interactive","subtype":"interactivePodCast","setup":{"bg":{"selectedKey":"image","fill":{"opac":1,"rgb":"#FFF"},"img":{"filt":{"opac":100,"gray":0,"blur":0,"tint":{"rgb":"#FFF","opac":0}},"pos":{"type":"crop","fit":{"bg":{"color":{"rgb":"#FFF","opac":100}},"vali":"center","hali":"center"},"crop":{"bg":{"color":{"rgb":"#FFF","opac":0}},"poi":{"x":1086,"y":1602}},"mask":{"shape":1}},"measures":{"size":{"width":2245,"height":3179}},"orig":{"rType":"asset","rSubType":"image","fileName":"TRANSPORTE (14).png","fileSize":803448,"val":"mc-36c8c0c503aaa2c27a2a3afb2e7348fd.png","aid":"Bj_hrWpXw"}}},"audio":{"orig":{"rType":"asset","rSubType":"audio","fileName":"helicopter.m4a","fileSize":59545,"val":"mc-c44809764907c9843d39f47c0807ac19.m4a","aid":"1d0lVkWlv"}}}},"qF0zAQjze":{"id":"qF0zAQjze","type":"interactive","subtype":"interactivePodCast","setup":{"bg":{"selectedKey":"image","fill":{"opac":1,"rgb":"#FFF"},"img":{"filt":{"opac":100,"gray":0,"blur":0,"tint":{"rgb":"#FFF","opac":0}},"pos":{"type":"crop","fit":{"bg":{"color":{"rgb":"#FFF","opac":100}},"vali":"center","hali":"center"},"crop":{"bg":{"color":{"rgb":"#FFF","opac":0}},"poi":{"x":1172,"y":1675}},"mask":{"shape":1}},"measures":{"size":{"width":2245,"height":3179}},"orig":{"rType":"asset","rSubType":"image","fileName":"TRANSPORTE (13).png","fileSize":686728,"val":"mc-40764d5b0377c044cb992727e358f778.png","aid":"6B5CcEt3k"}}},"audio":{"orig":{"rType":"asset","rSubType":"audio","fileName":"hot air ballom.m4a","fileSize":83441,"val":"mc-8d462760cc5a77e0f04e99f71e1fc250.m4a","aid":"D4Xj4klLD"}}}},"VgpybHKP3c":{"id":"VgpybHKP3c","type":"interactive","subtype":"interactiveRichText","setup":{"frmeTp":{"selectedKey":"noneFrame"},"bg":{"fill":{"opac":0.2,"rgb":"#FFF"}},"txt":{"val":{"ops":[{"insert":"MEANS OF AIR TRANSPORT","attributes":{"background":"var(--TC7)","color":"var(--TC14)","bold":true}},{"insert":"\n","attributes":{"size":"huge","align":"center"}}]},"rType":"richtext"},"vali":"middle","hali":""}},"qntGaySAK":{"id":"qntGaySAK","type":"interactive","subtype":"interactivePodCast","setup":{"bg":{"selectedKey":"image","fill":{"opac":1,"rgb":"#FFF"},"img":{"filt":{"opac":100,"gray":0,"blur":0,"tint":{"rgb":"#FFF","opac":0}},"pos":{"type":"crop","fit":{"bg":{"color":{"rgb":"#FFF","opac":100}},"vali":"center","hali":"center"},"crop":{"bg":{"color":{"rgb":"#FFF","opac":0}},"poi":{"x":1122.5,"y":1462.5}},"mask":{"shape":1}},"measures":{"size":{"width":2245,"height":3179}},"orig":{"rType":"asset","rSubType":"image","fileName":"TRANSPORTE (15).png","fileSize":390242,"val":"mc-ef3d9eb031cb8d85c223e143af6f5e84.png","aid":"E00p99BAC"}}},"audio":{"orig":{"rType":"asset","rSubType":"audio","fileName":"plain.m4a","fileSize":80677,"val":"mc-4189652f2dcbcf64d496b0998f05881c.m4a","aid":"QUzilYrvJ"}}}}},"v":"1"}