{"i":{"EnqCTwRerk":{"id":"EnqCTwRerk","type":"slide","setup":{"transparentBg":{"selectedKey":false},"bord":{"size":0,"rad":0},"bg":{"selectedKey":"image","fill":{"opac":1,"rgb":"var(--TC3)"},"img":{"filt":{"opac":100,"gray":0,"blur":0,"tint":{"rgb":"#FFF","opac":0}},"pos":{"type":"crop","fit":{"bg":{"color":{"rgb":"#FFF","opac":100}},"vali":"center","hali":"center"},"crop":{"bg":{"color":{"rgb":"#FFF","opac":0}},"poi":{"x":279,"y":169.5}},"mask":{"shape":1}},"measures":{"size":{"width":680,"height":340}},"orig":{"rType":"asset","rSubType":"image","fileName":"park-4964671__340.jpg","fileSize":46538,"val":"mc-4b6cbb5a3088b6fe80eb39447432062a.jpg","aid":"u0m5SMR_OZ"}}}}},"kXA-0Fuyw":{"id":"kXA-0Fuyw","type":"interactive","subtype":"interactiveCard","setup":{"animation":{"selectedKey":"rotateH"},"front":{"selectedKey":"image","fill":{"opac":1,"rgb":"#FFF"},"img":{"filt":{"opac":100,"gray":0,"blur":0,"tint":{"rgb":"#FFF","opac":0}},"pos":{"type":"fit","fit":{"bg":{"color":{"rgb":"#FFF","opac":100}},"vali":"center","hali":"center"},"crop":{"bg":{"color":{"rgb":"#FFF","opac":0}},"poi":{"x":151.5,"y":96}},"mask":{"shape":1}},"measures":{"size":{"width":277,"height":192}},"orig":{"rType":"asset","rSubType":"image","fileName":"trans_17.png","fileSize":51244,"val":"mc-468cda9e7c5099f0a51f1f670a855940.png","aid":"Esu8dwB9v"}},"txt":{"val":{"ops":[{"insert":"HELICÓPTERO","attributes":{"bold":true,"color":"var(--TC7)"}},{"insert":"\n","attributes":{"size":"large","align":"center"}}]},"rType":"richtext"},"hali":""},"back":{"selectedKey":"fill","fill":{"opac":1,"rgb":"#7085fb"},"txt":{"val":{"ops":[{"insert":"HELICOPTER","attributes":{"bold":true,"color":"#000000","background":"transparent"}},{"insert":" ","attributes":{"color":"#000000","background":"transparent"}},{"insert":"\n","attributes":{"size":"huge","align":"center"}}]},"rType":"richtext"},"hali":"","vali":"middle"}}},"Uuig5xDCK":{"id":"Uuig5xDCK","type":"interactive","subtype":"interactiveRichText","setup":{"frmeTp":{"selectedKey":"noneFrame"},"bg":{"fill":{"opac":0.2,"rgb":"#FFF"}},"txt":{"val":{"ops":[{"insert":"MEANS OF AIR TRANSPORT","attributes":{"background":"var(--TC7)","color":"var(--TC14)","bold":true}},{"insert":"\n","attributes":{"align":"center","size":"huge"}}]},"rType":"richtext"},"vali":"middle","hali":""}},"ICZ7nf9-W":{"id":"ICZ7nf9-W","type":"interactive","subtype":"interactiveCard","setup":{"animation":{"selectedKey":"rotateH"},"front":{"selectedKey":"image","fill":{"opac":1,"rgb":"#FFF"},"img":{"filt":{"opac":100,"gray":0,"blur":0,"tint":{"rgb":"#FFF","opac":0}},"pos":{"type":"fit","fit":{"bg":{"color":{"rgb":"#FFF","opac":100}},"vali":"center","hali":"center"},"crop":{"bg":{"color":{"rgb":"#FFF","opac":0}},"poi":{"x":153,"y":132}},"mask":{"shape":1}},"measures":{"size":{"width":280,"height":265}},"orig":{"rType":"asset","rSubType":"image","fileName":"trans_16.png","fileSize":52462,"val":"mc-1e296e4447558c2c9a9faf5b481b0be9.png","aid":"Sn-b8nkL7"}},"txt":{"val":{"ops":[{"insert":"GLOBO AEROSTÁTICO","attributes":{"bold":true,"color":"var(--TC7)"}},{"insert":"\n","attributes":{"size":"large","align":"center"}}]},"rType":"richtext"},"hali":"","vali":"top"},"back":{"selectedKey":"fill","fill":{"opac":1,"rgb":"#7085fb"},"txt":{"val":{"ops":[{"insert":" ","attributes":{"color":"#000000","background":"transparent"}},{"insert":"HOT AIR BALLOON ","attributes":{"bold":true,"color":"#000000","background":"transparent"}},{"insert":"  ","attributes":{"color":"#000000","background":"transparent"}},{"insert":"\n","attributes":{"size":"huge","align":"center"}}]},"rType":"richtext"},"hali":"","vali":"middle"}}},"SaxJCQnwN":{"id":"SaxJCQnwN","type":"interactive","subtype":"interactiveCard","setup":{"animation":{"selectedKey":"rotateH"},"front":{"selectedKey":"image","fill":{"opac":1,"rgb":"#FFF"},"img":{"filt":{"opac":100,"gray":0,"blur":0,"tint":{"rgb":"#FFF","opac":0}},"pos":{"type":"fit","fit":{"bg":{"color":{"rgb":"#FFF","opac":100}},"vali":"center","hali":"center"},"crop":{"bg":{"color":{"rgb":"#FFF","opac":0}},"poi":{"x":243,"y":117}},"mask":{"shape":1}},"measures":{"size":{"width":586,"height":234}},"orig":{"rType":"asset","rSubType":"image","fileName":"trans_18.png","fileSize":50783,"val":"mc-d36d57afc03876310f4c57477dd784f3.png","aid":"OOcBt7NJ0"}},"txt":{"val":{"ops":[{"insert":"AVIÓN","attributes":{"bold":true,"color":"var(--TC7)"}},{"insert":"\n","attributes":{"size":"large","align":"center"}}]},"rType":"richtext"},"hali":""},"back":{"selectedKey":"fill","fill":{"opac":1,"rgb":"#7085fb"},"txt":{"val":{"ops":[{"insert":"PLANE","attributes":{"color":"var(--TC2)","bold":true}},{"insert":"\n","attributes":{"align":"center","size":"huge"}}]},"rType":"richtext"},"hali":"","vali":"middle"}}}},"v":"1"}