{"i":{"Uw9wGiyy0":{"id":"Uw9wGiyy0","type":"slide","setup":{"transparentBg":{"selectedKey":false},"bord":{"size":5,"rad":7},"bg":{"selectedKey":"image","fill":{"opac":1,"rgb":"var(--TC3)"},"img":{"filt":{"opac":100,"gray":0,"blur":0,"tint":{"rgb":"#FFF","opac":0}},"pos":{"type":"crop","fit":{"bg":{"color":{"rgb":"#FFF","opac":100}},"vali":"center","hali":"center"},"crop":{"bg":{"color":{"rgb":"#FFF","opac":0}},"poi":{"x":279,"y":169.5}},"mask":{"shape":1}},"measures":{"size":{"width":680,"height":340}},"orig":{"rType":"asset","rSubType":"image","fileName":"park-4964671__340.jpg","fileSize":46538,"aid":"HBxY0xTF71","val":"mc-4b6cbb5a3088b6fe80eb39447432062a.jpg"}}}}},"47x4HjIdTb":{"id":"47x4HjIdTb","type":"interactive","subtype":"interactiveRichText","setup":{"frmeTp":{"selectedKey":"noneFrame"},"bg":{"fill":{"opac":0.2,"rgb":"#FFF"}},"txt":{"val":{"ops":[{"insert":"MEANS OF AIR TRANSPORT","attributes":{"background":"var(--TC7)","color":"var(--TC14)","bold":true}},{"insert":"\n","attributes":{"align":"center","size":"huge"}}]},"rType":"richtext"},"vali":"middle","hali":""}},"SALMy0Ww1z":{"id":"SALMy0Ww1z","type":"interactive","subtype":"interactiveCard","setup":{"animation":{"selectedKey":"rotateH"},"front":{"selectedKey":"image","fill":{"opac":1,"rgb":"#FFF"},"img":{"filt":{"opac":100,"gray":0,"blur":0,"tint":{"rgb":"#FFF","opac":0}},"pos":{"type":"fit","fit":{"bg":{"color":{"rgb":"#FFF","opac":100}},"vali":"center","hali":"center"},"crop":{"bg":{"color":{"rgb":"#FFF","opac":0}},"poi":{"x":195,"y":147}},"mask":{"shape":1}},"measures":{"size":{"width":523,"height":295}},"orig":{"rType":"asset","rSubType":"image","fileName":"trans_19.png","fileSize":144839,"val":"mc-2277b7b998f41b9338fed546c3d89c57.png","aid":"GbwPH5p0G"}},"txt":{"val":{"ops":[{"insert":"AEROPLANO","attributes":{"color":"var(--TC7)","bold":true}},{"insert":"\n","attributes":{"align":"center","size":"large"}}]},"rType":"richtext"},"hali":""},"back":{"selectedKey":"fill","fill":{"opac":1,"rgb":"#d55eea"},"txt":{"val":{"ops":[{"insert":"AIRPLANE","attributes":{"bold":true,"color":"#000000","background":"transparent"}},{"insert":"\n","attributes":{"align":"center","size":"huge"}}]},"rType":"richtext"},"vali":"middle","hali":""}}},"Tr3lbmVuWM":{"id":"Tr3lbmVuWM","type":"interactive","subtype":"interactiveCard","setup":{"animation":{"selectedKey":"rotateH"},"front":{"selectedKey":"image","fill":{"opac":1,"rgb":"#FFF"},"img":{"filt":{"opac":100,"gray":0,"blur":0,"tint":{"rgb":"#FFF","opac":0}},"pos":{"type":"fit","fit":{"bg":{"color":{"rgb":"#FFF","opac":100}},"vali":"center","hali":"center"},"crop":{"bg":{"color":{"rgb":"#FFF","opac":0}},"poi":{"x":256.5,"y":214.5}},"mask":{"shape":1}},"measures":{"size":{"width":429,"height":430}},"orig":{"rType":"asset","rSubType":"image","fileName":"trans_20.png","fileSize":184108,"val":"mc-95976cf6982129bf89e0ed8a71407069.png","aid":"JgI4-H0oS"}},"txt":{"val":{"ops":[{"insert":"TELEFÉRICO","attributes":{"bold":true,"color":"var(--TC7)"}},{"insert":"\n","attributes":{"size":"large","align":"center"}}]},"rType":"richtext"},"hali":""},"back":{"selectedKey":"fill","fill":{"opac":1,"rgb":"#d55eea"},"txt":{"val":{"ops":[{"insert":"CABLEWAY","attributes":{"bold":true,"color":"#000000","background":"transparent"}},{"insert":"\n","attributes":{"align":"center","size":"huge"}}]},"rType":"richtext"},"hali":"","vali":"middle"}}},"IJURoVOS8G":{"id":"IJURoVOS8G","type":"interactive","subtype":"interactiveCard","setup":{"animation":{"selectedKey":"rotateH"},"front":{"selectedKey":"image","fill":{"opac":1,"rgb":"#FFF"},"img":{"filt":{"opac":100,"gray":0,"blur":0,"tint":{"rgb":"#FFF","opac":0}},"pos":{"type":"fit","fit":{"bg":{"color":{"rgb":"#FFF","opac":100}},"vali":"center","hali":"center"},"crop":{"bg":{"color":{"rgb":"#FFF","opac":0}},"poi":{"x":306,"y":96}},"mask":{"shape":1}},"measures":{"size":{"width":497,"height":192}},"orig":{"rType":"asset","rSubType":"image","fileName":"trans_6.png","fileSize":135772,"val":"mc-852106a6e7ea76465acad2300dd3e20e.png","aid":"pQ02PjYAcy"}},"txt":{"val":{"ops":[{"insert":"MOTO ACUÁTICA","attributes":{"color":"#304df6","bold":true}},{"insert":"\n","attributes":{"size":"large","align":"center"}}]},"rType":"richtext"},"hali":""},"back":{"selectedKey":"fill","fill":{"opac":1,"rgb":"#7085fb"},"txt":{"val":{"ops":[{"insert":"JET SKI","attributes":{"bold":true,"background":"transparent","color":"#000000"}},{"insert":"\n","attributes":{"align":"center","size":"huge"}}]},"rType":"richtext"},"hali":"","vali":"middle"}}}},"v":"1"}