[{"rType":"asset","rSubType":"image","fileName":"figuras  (10).png","fileSize":95197,"val":"mc-e4cae60cd7dde1e89be7867e6cb17b59.png","aid":"FAykcdk0V","size":95197},{"rType":"asset","rSubType":"audio","fileName":"22.6rectangulo.mp3","fileSize":41145,"val":"mc-3f3aac37d26ed2c9e27aca7a2519cffc.mp3","aid":"Is328F7uU","size":41145},{"rType":"asset","rSubType":"image","fileName":"figuras  (3).png","fileSize":97817,"val":"mc-089768699cfdae862681a94ce8482040.png","aid":"xleePWPcp","size":97817},{"rType":"asset","rSubType":"audio","fileName":"22.4rombo.mp3","fileSize":43689,"val":"mc-759b6bdc4dd9893d24bb715c2ef8b9f2.mp3","aid":"bc9iirW1u","size":43689},{"rType":"asset","rSubType":"image","fileName":"figuras  (9).png","fileSize":96095,"val":"mc-497fd960cc98838c7a7c32f45b0fd5f1.png","aid":"r1Nccc511","size":96095},{"rType":"asset","rSubType":"image","fileName":"figuras  (1).png","fileSize":106858,"val":"mc-83bb6a6274edf9207d19fb233900b272.png","aid":"oBURXqK19","size":106858},{"rType":"asset","rSubType":"audio","fileName":"22.2pentagono.mp3","fileSize":39465,"val":"mc-f0b11118655f9387a995d370bf16b7e6.mp3","aid":"aLk1qWsVa","size":39465},{"rType":"asset","rSubType":"image","fileName":"figuras  (4).png","fileSize":107293,"val":"mc-6889f540b1eee55fd6cb6761d463eca2.png","aid":"E3rCmSOG_","size":107293},{"rType":"asset","rSubType":"audio","fileName":"22.5circulo.mp3","fileSize":43161,"val":"mc-1f7fff3d620efeecc41013e04355402c.mp3","aid":"9wvUDv-Xj","size":43161},{"rType":"asset","rSubType":"image","fileName":"portada iseazy (2).png","fileSize":102277,"val":"mc-e09d6750f4d08927f14e3ae5e73eaf48.png","aid":"o_Eu21F16","size":102277},{"rType":"asset","rSubType":"image","fileName":"unsplash.jpg","fileSize":0,"val":"mc-2bdf984123efbaf1c6a58561c28ae404.jpg","aid":"XTuTZsrxnk","size":1095400},{"rType":"asset","rSubType":"image","fileName":"figuras  (7).png","fileSize":151871,"val":"mc-b95697f355c5f5be41e89567e5865be1.png","aid":"4gC1Z4-tT","size":151871},{"rType":"asset","rSubType":"audio","fileName":"22.10esfera.mp3","fileSize":41337,"val":"mc-70ac3076e057fda7b4f64d79d2e90bc0.mp3","aid":"tN69xCwUs","size":41337},{"rType":"asset","rSubType":"image","fileName":"figuras  (6).png","fileSize":87751,"val":"mc-a87829fa31515f77ed699b417f58c335.png","aid":"UcEoEK1r4","size":87751},{"rType":"asset","rSubType":"audio","fileName":"22.8cilindro.mp3","fileSize":38649,"val":"mc-c1dda8e875570b337500a110897828ec.mp3","aid":"yXVeu-Ma8","size":38649},{"rType":"asset","rSubType":"image","fileName":"figuras.png","fileSize":99269,"val":"mc-93c60cb33aeec5eaf9e2013bf1f4ffa4.png","aid":"vWowa4dgo","size":99269},{"rType":"asset","rSubType":"audio","fileName":"22.7piramide.mp3","fileSize":32000,"val":"mc-ea976b5ea9361a9b850f40b3e26868d8.mp3","aid":"xvGI94aQp","size":32000},{"rType":"asset","rSubType":"image","fileName":"figuras .png","fileSize":91604,"val":"mc-7bb3a4a3ab5f664560a346c2711f2958.png","aid":"k_-HKY4fu","size":91604},{"rType":"asset","rSubType":"audio","fileName":"22.1Triangulo.mp3","fileSize":34353,"val":"mc-8851e05a783078db8e3a6903656731a3.mp3","aid":"Uypsc2Gw-","size":34353},{"rType":"asset","rSubType":"image","fileName":"figuras  (8).png","fileSize":116539,"val":"mc-189a13e8c5a0732da555c9ddc23cf4ff.png","aid":"21i4o95qa","size":116539},{"rType":"asset","rSubType":"audio","fileName":"22.9cubo.mp3","fileSize":24921,"val":"mc-f7ce853b40743439ae4643d198cf3f15.mp3","aid":"hxYaXD3VM","size":24921},{"rType":"asset","rSubType":"image","fileName":"figuras  (9).png","fileSize":96095,"val":"mc-497fd960cc98838c7a7c32f45b0fd5f1.png","aid":"Odys32tw9","size":96095},{"rType":"asset","rSubType":"audio","fileName":"22.11cono.mp3","fileSize":25737,"val":"mc-a2b195f3c33555f2a9a35555cd20d18a.mp3","aid":"J3REvZXVY","size":25737},{"rType":"asset","rSubType":"image","fileName":"figuras  (2).png","fileSize":77322,"val":"mc-3e209fcced958b68512d9922d1e1fd1b.png","aid":"o0DdOUIPK","size":77322},{"rType":"asset","rSubType":"audio","fileName":"22.3cuadrado.mp3","fileSize":49017,"val":"mc-5cf5e3f8410d86eb3be56bcce7dfe3b2.mp3","aid":"vl_YH-GqY","size":49017}]