{"i":{"oopDE4n7E":{"id":"oopDE4n7E","type":"slide","setup":{"bord":{"size":10,"rad":10},"bg":{"selectedKey":"fill","fill":{"opac":1,"rgb":"#ff0000"}},"transparentBg":{"selectedKey":false}}},"gzrRmpJLIw":{"id":"gzrRmpJLIw","type":"interactive","subtype":"interactivePodCast","setup":{"bg":{"selectedKey":"image","fill":{"opac":1,"rgb":"#FFF"},"img":{"filt":{"opac":100,"gray":0,"blur":0,"tint":{"rgb":"#FFF","opac":0}},"pos":{"type":"fit","fit":{"bg":{"color":{"rgb":"#FFF","opac":100}},"vali":"center","hali":"center"},"crop":{"bg":{"color":{"rgb":"#FFF","opac":0}},"poi":{"x":707,"y":921.5}},"mask":{"shape":1}},"measures":{"size":{"width":1414,"height":2000}},"orig":{"rType":"asset","rSubType":"image","fileName":"figuras  (3).png","fileSize":97817,"val":"mc-089768699cfdae862681a94ce8482040.png","aid":"xleePWPcp"}}},"audio":{"orig":{"rType":"asset","rSubType":"audio","fileName":"22.4rombo.mp3","fileSize":43689,"val":"mc-759b6bdc4dd9893d24bb715c2ef8b9f2.mp3","aid":"bc9iirW1u"}}}},"emrEcNim9J":{"id":"emrEcNim9J","type":"interactive","subtype":"interactiveRichText","setup":{"frmeTp":{"selectedKey":"noneFrame"},"bg":{"fill":{"opac":0,"rgb":"#ff0000"}},"hali":"","txt":{"val":{"ops":[{"attributes":{"align":"center","size":"giant"},"insert":"\n"},{"insert":"GEOMETRIC FIGURES","attributes":{"script":"super","bold":true,"color":"black"}},{"insert":"\n","attributes":{"size":"giant","align":"center"}}]},"rType":"richtext"},"vali":"middle"}},"5Ft6jm1II9":{"id":"5Ft6jm1II9","type":"interactive","subtype":"interactivePodCast","setup":{"bg":{"selectedKey":"image","fill":{"opac":1,"rgb":"#FFF"},"img":{"filt":{"opac":100,"gray":0,"blur":0,"tint":{"rgb":"#FFF","opac":0}},"pos":{"type":"fit","fit":{"bg":{"color":{"rgb":"#FFF","opac":100}},"vali":"center","hali":"center"},"crop":{"bg":{"color":{"rgb":"#FFF","opac":0}},"poi":{"x":707,"y":1486.5}},"mask":{"shape":1}},"measures":{"size":{"width":1414,"height":2000}},"orig":{"rType":"asset","rSubType":"image","fileName":"figuras  (2).png","fileSize":77322,"val":"mc-3e209fcced958b68512d9922d1e1fd1b.png","aid":"o0DdOUIPK"}}},"audio":{"orig":{"rType":"asset","rSubType":"audio","fileName":"22.3cuadrado.mp3","fileSize":49017,"val":"mc-5cf5e3f8410d86eb3be56bcce7dfe3b2.mp3","aid":"vl_YH-GqY"}}}}},"v":"1"}