{"i":{"tknyiboIN":{"id":"tknyiboIN","type":"slide","setup":{"bg":{"selectedKey":"fill","fill":{"opac":1,"rgb":"#00ff00"}},"transparentBg":{"selectedKey":false},"bord":{"size":10,"rad":10}}},"iNHGgtwqs":{"id":"iNHGgtwqs","type":"interactive","subtype":"interactiveRichText","setup":{"frmeTp":{"selectedKey":"noneFrame"},"bg":{"fill":{"opac":0,"rgb":"#00ff00"}},"hali":"","txt":{"val":{"ops":[{"attributes":{"align":"center","size":"giant"},"insert":"\n"},{"insert":"GEOMETRIC FIGURES","attributes":{"script":"super","bold":true,"color":"black"}},{"insert":"\n","attributes":{"size":"giant","align":"center"}}]},"rType":"richtext"},"vali":"middle"}},"Jo6G3VE6v":{"id":"Jo6G3VE6v","type":"interactive","subtype":"interactivePodCast","setup":{"bg":{"selectedKey":"image","fill":{"opac":1,"rgb":"#FFF"},"img":{"filt":{"opac":100,"gray":0,"blur":0,"tint":{"rgb":"#FFF","opac":0}},"pos":{"type":"fit","fit":{"bg":{"color":{"rgb":"#FFF","opac":100}},"vali":"center","hali":"center"},"crop":{"bg":{"color":{"rgb":"#FFF","opac":0}},"poi":{"x":707,"y":1486.5}},"mask":{"shape":1}},"measures":{"size":{"width":1414,"height":2000}},"orig":{"rType":"asset","rSubType":"image","fileName":"figuras  (1).png","fileSize":106858,"val":"mc-83bb6a6274edf9207d19fb233900b272.png","aid":"oBURXqK19"}}},"audio":{"orig":{"rType":"asset","rSubType":"audio","fileName":"22.2pentagono.mp3","fileSize":39465,"val":"mc-f0b11118655f9387a995d370bf16b7e6.mp3","aid":"aLk1qWsVa"}}}},"s_ndlXbjN":{"id":"s_ndlXbjN","type":"interactive","subtype":"interactivePodCast","setup":{"bg":{"selectedKey":"image","fill":{"opac":1,"rgb":"#FFF"},"img":{"filt":{"opac":100,"gray":0,"blur":0,"tint":{"rgb":"#FFF","opac":0}},"pos":{"type":"fit","fit":{"bg":{"color":{"rgb":"#FFF","opac":100}},"vali":"center","hali":"center"},"crop":{"bg":{"color":{"rgb":"#FFF","opac":0}},"poi":{"x":707,"y":1356.5}},"mask":{"shape":1}},"measures":{"size":{"width":1414,"height":2000}},"orig":{"rType":"asset","rSubType":"image","fileName":"figuras .png","fileSize":91604,"val":"mc-7bb3a4a3ab5f664560a346c2711f2958.png","aid":"k_-HKY4fu"}}},"audio":{"orig":{"rType":"asset","rSubType":"audio","fileName":"22.1Triangulo.mp3","fileSize":34353,"val":"mc-8851e05a783078db8e3a6903656731a3.mp3","aid":"Uypsc2Gw-"}}}}},"v":"1"}