{"i":{"N8NldvHwc":{"id":"N8NldvHwc","type":"slide","setup":{"bord":{"size":10,"rad":10},"bg":{"selectedKey":"fill","fill":{"opac":1,"rgb":"#ff00ff"}},"transparentBg":{"selectedKey":false}}},"D2mTo06kS":{"id":"D2mTo06kS","type":"interactive","subtype":"interactivePodCast","setup":{"bg":{"selectedKey":"image","fill":{"opac":1,"rgb":"#FFF"},"img":{"filt":{"opac":100,"gray":0,"blur":0,"tint":{"rgb":"#FFF","opac":0}},"pos":{"type":"fit","fit":{"bg":{"color":{"rgb":"#FFF","opac":100}},"vali":"center","hali":"center"},"crop":{"bg":{"color":{"rgb":"#FFF","opac":0}},"poi":{"x":707,"y":1486.5}},"mask":{"shape":1}},"measures":{"size":{"width":1414,"height":2000}},"orig":{"rType":"asset","rSubType":"image","fileName":"figuras  (9).png","fileSize":96095,"val":"mc-497fd960cc98838c7a7c32f45b0fd5f1.png","aid":"r1Nccc511"}}}}},"i7eveoIT6q":{"id":"i7eveoIT6q","type":"interactive","subtype":"interactiveRichText","setup":{"frmeTp":{"selectedKey":"noneFrame"},"bg":{"fill":{"opac":0,"rgb":"#fe860d"}},"hali":"","txt":{"val":{"ops":[{"attributes":{"align":"center","size":"giant"},"insert":"\n"},{"insert":"GEOMETRIC FIGURES","attributes":{"script":"super","bold":true,"color":"black"}},{"insert":"\n","attributes":{"size":"giant","align":"center"}}]},"rType":"richtext"},"vali":"middle"}},"4BzIN6gWVt":{"id":"4BzIN6gWVt","type":"interactive","subtype":"interactivePodCast","setup":{"bg":{"selectedKey":"image","fill":{"opac":1,"rgb":"#FFF"},"img":{"filt":{"opac":100,"gray":0,"blur":0,"tint":{"rgb":"#FFF","opac":0}},"pos":{"type":"fit","fit":{"bg":{"color":{"rgb":"#FFF","opac":100}},"vali":"center","hali":"center"},"crop":{"bg":{"color":{"rgb":"#FFF","opac":0}},"poi":{"x":707,"y":616.5}},"mask":{"shape":1}},"measures":{"size":{"width":1414,"height":2000}},"orig":{"rType":"asset","rSubType":"image","fileName":"figuras  (7).png","fileSize":151871,"val":"mc-b95697f355c5f5be41e89567e5865be1.png","aid":"4gC1Z4-tT"}}},"audio":{"orig":{"rType":"asset","rSubType":"audio","fileName":"22.10esfera.mp3","fileSize":41337,"val":"mc-70ac3076e057fda7b4f64d79d2e90bc0.mp3","aid":"tN69xCwUs"}}}},"fy1VdiMhbB":{"id":"fy1VdiMhbB","type":"interactive","subtype":"interactivePodCast","setup":{"bg":{"selectedKey":"image","fill":{"opac":1,"rgb":"#FFF"},"img":{"filt":{"opac":100,"gray":0,"blur":0,"tint":{"rgb":"#FFF","opac":0}},"pos":{"type":"fit","fit":{"bg":{"color":{"rgb":"#FFF","opac":100}},"vali":"center","hali":"center"},"crop":{"bg":{"color":{"rgb":"#FFF","opac":0}},"poi":{"x":707,"y":1008.5}},"mask":{"shape":1}},"measures":{"size":{"width":1414,"height":2000}},"orig":{"rType":"asset","rSubType":"image","fileName":"figuras  (8).png","fileSize":116539,"val":"mc-189a13e8c5a0732da555c9ddc23cf4ff.png","aid":"21i4o95qa"}}},"audio":{"orig":{"rType":"asset","rSubType":"audio","fileName":"22.9cubo.mp3","fileSize":24921,"val":"mc-f7ce853b40743439ae4643d198cf3f15.mp3","aid":"hxYaXD3VM"}}}}},"v":"1"}