{"i":{"AJVGCf0ci":{"id":"AJVGCf0ci","type":"slide","setup":{"bord":{"size":10,"rad":10},"bg":{"selectedKey":"fill","fill":{"opac":1,"rgb":"#fe860d"}},"transparentBg":{"selectedKey":false}}},"NQMTqza_Rf":{"id":"NQMTqza_Rf","type":"interactive","subtype":"interactiveRichText","setup":{"frmeTp":{"selectedKey":"noneFrame"},"bg":{"fill":{"opac":0,"rgb":"#00ff00"}},"hali":"","txt":{"val":{"ops":[{"attributes":{"align":"center","size":"giant"},"insert":"\n"},{"insert":"GEOMETRIC FIGURES","attributes":{"script":"super","bold":true,"color":"black"}},{"insert":"\n","attributes":{"size":"giant","align":"center"}}]},"rType":"richtext"},"vali":"middle"}},"pGr4agVBUa":{"id":"pGr4agVBUa","type":"interactive","subtype":"interactivePodCast","setup":{"bg":{"selectedKey":"image","fill":{"opac":1,"rgb":"#FFF"},"img":{"filt":{"opac":100,"gray":0,"blur":0,"tint":{"rgb":"#FFF","opac":0}},"pos":{"type":"fit","fit":{"bg":{"color":{"rgb":"#FFF","opac":100}},"vali":"center","hali":"center"},"crop":{"bg":{"color":{"rgb":"#FFF","opac":0}},"poi":{"x":707,"y":1486.5}},"mask":{"shape":1}},"measures":{"size":{"width":1414,"height":2000}},"orig":{"rType":"asset","rSubType":"image","fileName":"figuras  (6).png","fileSize":87751,"val":"mc-a87829fa31515f77ed699b417f58c335.png","aid":"UcEoEK1r4"}}},"audio":{"orig":{"rType":"asset","rSubType":"audio","fileName":"22.8cilindro.mp3","fileSize":38649,"val":"mc-c1dda8e875570b337500a110897828ec.mp3","aid":"yXVeu-Ma8"}}}},"R5G4SVVK6e":{"id":"R5G4SVVK6e","type":"interactive","subtype":"interactivePodCast","setup":{"bg":{"selectedKey":"image","fill":{"opac":1,"rgb":"#FFF"},"img":{"filt":{"opac":100,"gray":0,"blur":0,"tint":{"rgb":"#FFF","opac":0}},"pos":{"type":"fit","fit":{"bg":{"color":{"rgb":"#FFF","opac":100}},"vali":"center","hali":"center"},"crop":{"bg":{"color":{"rgb":"#FFF","opac":0}},"poi":{"x":707,"y":1486.5}},"mask":{"shape":1}},"measures":{"size":{"width":1414,"height":2000}},"orig":{"rType":"asset","rSubType":"image","fileName":"figuras.png","fileSize":99269,"val":"mc-93c60cb33aeec5eaf9e2013bf1f4ffa4.png","aid":"vWowa4dgo"}}},"audio":{"orig":{"rType":"asset","rSubType":"audio","fileName":"22.7piramide.mp3","fileSize":32000,"val":"mc-ea976b5ea9361a9b850f40b3e26868d8.mp3","aid":"xvGI94aQp"}}}},"OvXn6829_":{"id":"OvXn6829_","type":"interactive","subtype":"interactivePodCast","setup":{"bg":{"selectedKey":"image","fill":{"opac":1,"rgb":"#FFF"},"img":{"filt":{"opac":100,"gray":0,"blur":0,"tint":{"rgb":"#FFF","opac":0}},"pos":{"type":"fit","fit":{"bg":{"color":{"rgb":"#FFF","opac":100}},"vali":"center","hali":"center"},"crop":{"bg":{"color":{"rgb":"#FFF","opac":0}},"poi":{"x":707,"y":1486.5}},"mask":{"shape":1}},"measures":{"size":{"width":1414,"height":2000}},"orig":{"rType":"asset","rSubType":"image","fileName":"figuras  (9).png","fileSize":96095,"val":"mc-497fd960cc98838c7a7c32f45b0fd5f1.png","aid":"Odys32tw9"}}},"audio":{"orig":{"rType":"asset","rSubType":"audio","fileName":"22.11cono.mp3","fileSize":25737,"val":"mc-a2b195f3c33555f2a9a35555cd20d18a.mp3","aid":"J3REvZXVY"}}}}},"v":"1"}