{"i":{"Kea7uu-hx":{"id":"Kea7uu-hx","type":"slide","setup":{"bord":{"size":10,"rad":10},"bg":{"selectedKey":"fill","fill":{"opac":1,"rgb":"#ffff00"}},"transparentBg":{"selectedKey":false}}},"PtvqY-6nWo":{"id":"PtvqY-6nWo","type":"interactive","subtype":"interactivePodCast","setup":{"bg":{"selectedKey":"image","fill":{"opac":1,"rgb":"#FFF"},"img":{"filt":{"opac":100,"gray":0,"blur":0,"tint":{"rgb":"#FFF","opac":0}},"pos":{"type":"fit","fit":{"bg":{"color":{"rgb":"#FFF","opac":100}},"vali":"center","hali":"center"},"crop":{"bg":{"color":{"rgb":"#FFF","opac":0}},"poi":{"x":707,"y":964.5}},"mask":{"shape":1}},"measures":{"size":{"width":1414,"height":2000}},"orig":{"rType":"asset","rSubType":"image","fileName":"figuras  (10).png","fileSize":95197,"val":"mc-e4cae60cd7dde1e89be7867e6cb17b59.png","aid":"FAykcdk0V"}}},"audio":{"orig":{"rType":"asset","rSubType":"audio","fileName":"22.6rectangulo.mp3","fileSize":41145,"val":"mc-3f3aac37d26ed2c9e27aca7a2519cffc.mp3","aid":"Is328F7uU"}}}},"B0ZrrXPPDG":{"id":"B0ZrrXPPDG","type":"interactive","subtype":"interactivePodCast","setup":{"bg":{"selectedKey":"image","fill":{"opac":1,"rgb":"#FFF"},"img":{"filt":{"opac":100,"gray":0,"blur":0,"tint":{"rgb":"#FFF","opac":0}},"pos":{"type":"fit","fit":{"bg":{"color":{"rgb":"#FFF","opac":100}},"vali":"center","hali":"center"},"crop":{"bg":{"color":{"rgb":"#FFF","opac":0}},"poi":{"x":707,"y":964.5}},"mask":{"shape":1}},"measures":{"size":{"width":1414,"height":2000}},"orig":{"rType":"asset","rSubType":"image","fileName":"figuras  (4).png","fileSize":107293,"val":"mc-6889f540b1eee55fd6cb6761d463eca2.png","aid":"E3rCmSOG_"}}},"audio":{"orig":{"rType":"asset","rSubType":"audio","fileName":"22.5circulo.mp3","fileSize":43161,"val":"mc-1f7fff3d620efeecc41013e04355402c.mp3","aid":"9wvUDv-Xj"}}}},"OFpRYh3YHn":{"id":"OFpRYh3YHn","type":"interactive","subtype":"interactiveRichText","setup":{"frmeTp":{"selectedKey":"noneFrame"},"bg":{"fill":{"opac":0,"rgb":"#ffff00"}},"hali":"","txt":{"val":{"ops":[{"attributes":{"align":"center","size":"giant"},"insert":"\n"},{"insert":"GEOMETRIC FIGURES","attributes":{"script":"super","bold":true,"color":"black"}},{"insert":"\n","attributes":{"size":"giant","align":"center"}}]},"rType":"richtext"},"vali":"middle"}}},"v":"1"}