[{"rType":"asset","rSubType":"image","fileName":"diseno-lapiz-escribiendo_1095-187.jpg","fileSize":21914,"val":"mc-e08291e2a324504a62f6f087900cbb74.jpg","aid":"YFARmvetr","size":21914},{"rType":"asset","rSubType":"image","fileName":"p.jpg","fileSize":133884,"val":"mc-1ad152c3f7ddaad31341b9454b4998c2.jpg","aid":"0o2y8egH6","size":133884},{"rType":"asset","rSubType":"image","fileName":"MHBQ2.jpg","fileSize":204652,"val":"mc-3a97a30f21baab20eda38d5ec394dcaf.jpg","aid":"ni2unGM8C","size":204652},{"rType":"asset","rSubType":"image","fileName":"d1a95df8-7a1b-49b2-9e46-7fe64455265a.jpg","fileSize":26169,"val":"mc-9446784c3306c7459eeca99374cf6df2.jpg","aid":"wiP5BWzd0","size":26169},{"rType":"asset","rSubType":"image","fileName":"cel.jpg","fileSize":56418,"val":"mc-9a3f91579c350c0a29fcea8de96e9698.jpg","aid":"KiXpyM9Gy","size":56418},{"rType":"asset","rSubType":"image","fileName":"f38b72f1-0afa-4eb0-a9f2-104ca6181e50.jpg","fileSize":36143,"val":"mc-2d8b7c882c965e2d05d899eea0d3cc4a.jpg","aid":"D0FmrO9Ay","size":36143},{"rType":"asset","rSubType":"image","fileName":"01429c3c-b6e3-4a11-9404-e602a7e924db.jpg","fileSize":8586,"val":"mc-631b696ebf75e7b8186abe4d8503bb08.jpg","aid":"yOtMjieq4","size":8586},{"rType":"asset","rSubType":"image","fileName":"2c41e8d4-cce2-43c7-a664-be0a226a3b17.jpg","fileSize":19754,"val":"mc-31ca3e4fadaf631847c0fbc188737f70.jpg","aid":"ZWT00BReo","size":19754},{"rType":"asset","rSubType":"image","fileName":"f5e4538a-468b-4fab-8e87-e6b0bdffeae0.jpg","fileSize":6022,"val":"mc-740da65bc9029ee58c32968b26671588.jpg","aid":"RixJoMQOM","size":6022},{"rType":"asset","rSubType":"image","fileName":"carne.jpg","fileSize":307176,"val":"mc-b4908ec4abe963928d383feb518774c1.jpg","aid":"9sdDEDcr3","size":307176},{"rType":"asset","rSubType":"image","fileName":"unsplash.jpg","fileSize":0,"val":"mc-fef853b1973cd84967676d07de4c2d05.jpg","aid":"SCZFafYbL6","size":128849},{"rType":"asset","rSubType":"image","fileName":"unsplash.jpg","fileSize":0,"val":"mc-2bdf984123efbaf1c6a58561c28ae404.jpg","aid":"JoSl7IQY_m","size":1095400},{"rType":"asset","rSubType":"image","fileName":"66e121ec-f096-4312-9224-0b9eb0efa909.jpg","fileSize":28776,"val":"mc-5753c52e2d74a4e3a7d1c790b3256c10.jpg","aid":"4N7Nwm7ji","size":28776},{"rType":"asset","rSubType":"image","fileName":"460c4a95-fdbc-4e9f-aac8-e27fe91a03e8.jpg","fileSize":10157,"val":"mc-a9336dca9ce6bc3f31b315104d3b6ded.jpg","aid":"tiwZ5xFyL","size":10157},{"rType":"asset","rSubType":"image","fileName":"g.jpg","fileSize":23653,"val":"mc-59b9984c5921dee26293c69247358df3.jpg","aid":"YADQkoGE1","size":23653},{"rType":"asset","rSubType":"image","fileName":"168b6045-63d3-4838-a2ce-1d7a1eae495c.jpg","fileSize":20673,"val":"mc-0a816300d262bbf9c5136731a08c8cb6.jpg","aid":"D98Bb908Q","size":20673},{"rType":"asset","rSubType":"image","fileName":"EF1819-1.jpg","fileSize":34027,"val":"mc-39a28ab082419c4bb9449247ee56747b.jpg","aid":"5HmhuH8tl","size":34027},{"rType":"asset","rSubType":"image","fileName":"09c7c326-a325-4733-aef7-d96d222e3c48.jpg","fileSize":40873,"val":"mc-c506647091d0330851153efc34ac9690.jpg","aid":"jxyxLKXwI","size":40873},{"rType":"asset","rSubType":"image","fileName":"4UZM2_AS01.jpg","fileSize":55721,"val":"mc-9003b2082c25c5d2ae9fd7f526db39c7.jpg","aid":"baevyZ_yK","size":55721},{"rType":"asset","rSubType":"image","fileName":"pol.jpg","fileSize":132342,"val":"mc-d4ddc39dd5f7f763eb2c4c78c42c826f.jpg","aid":"pvboWh0_3","size":132342}]