{"i":{"sMKcjCYj0":{"id":"sMKcjCYj0","type":"slide","setup":{"bord":{"size":0,"rad":0},"bg":{"selectedKey":"gradient","fill":{"opac":1,"rgb":"var(--TC3)"},"img":{"filt":{"opac":100,"gray":0,"blur":0,"tint":{"rgb":"var(--TC1)","opac":0.05,"blendMode":"normal"}},"pos":{"type":"crop","fit":{"bg":{"color":{"rgb":"#FFF","opac":100}},"vali":"center","hali":"center"},"crop":{"poi":{"x":582,"y":462}}},"measures":{"size":{"width":1080,"height":717}}},"gradient":{"angle":0,"opac":0.1,"stops":[{"color":"#00ffff","pos":0},{"color":"#004a32","pos":100}]}},"transparentBg":{"selectedKey":false}}},"4_RhT6Z1cQ":{"id":"4_RhT6Z1cQ","type":"interactive","subtype":"interactiveImage","setup":{"img":{"filt":{"opac":100,"gray":0,"blur":0,"tint":{"rgb":"#FFF","opac":0}},"pos":{"type":"crop","fit":{"bg":{"color":{"rgb":"#FFF","opac":100}},"vali":"center","hali":"center"},"crop":{"bg":{"color":{"rgb":"#FFF","opac":0}},"poi":{"x":297,"y":168}},"mask":{"shape":1}},"measures":{"size":{"width":511,"height":340}},"orig":{"rType":"asset","rSubType":"image","fileName":"2c41e8d4-cce2-43c7-a664-be0a226a3b17.jpg","fileSize":19754,"val":"mc-31ca3e4fadaf631847c0fbc188737f70.jpg","aid":"ZWT00BReo"}}}},"bh80Yx6IOw":{"id":"bh80Yx6IOw","type":"interactive","subtype":"interactiveLinkedImages","setup":{"imgs":{"i":{"BJYTwSSKM":{"type":"image","id":"BJYTwSSKM","style":{"selectedKey":"textOverlapping"},"txtBg":{"fill":{"opac":0.9,"rgb":"var(--TC3)"}},"bg":{"selectedKey":"image","fill":{"opac":0,"rgb":"#FFF"},"img":{"filt":{"opac":100,"gray":0,"blur":0,"tint":{"rgb":"#FFF","opac":0}},"pos":{"type":"crop","fit":{"bg":{"color":{"rgb":"#FFF","opac":100}},"vali":"center","hali":"center"},"crop":{"bg":{"color":{"rgb":"#FFF","opac":0}},"poi":{"orig":{"x":50,"y":50},"cust":{"x":50,"y":50}}},"mask":{"shape":1}}}},"name":{"rType":"text","val":"KEY_QUESTION"},"desc":{"rType":"richtext","val":{"ops":[{"insert":"¿Cuál es la respuesta correcta?","attributes":{"color":"var(--TC2)"}},{"insert":"\n\n","attributes":{"size":"large"}},{"insert":"\n\n","attributes":{"size":"medium"}},{"insert":"KEY"},{"insert":"\n\n\n\n","attributes":{"size":"medium"}},{"insert":"ZEBRA"},{"insert":"\n\n\n\n","attributes":{"size":"medium"}},{"insert":"CHICKEN"},{"insert":"\n\n\n","attributes":{"size":"medium"}}]},"hali":"left","padd":65,"paddV1":60,"vali":"top"},"e":{"i":{"Hkf8uHSYG":{"type":"element","id":"Hkf8uHSYG","link":{"val":"S13edSBFz","selectedKey":"image"},"animation":{"selectedKey":"fade"},"pos":{"x":81,"y":422},"icon":{"selectedKey":3},"size":{"selectedKey":"m"},"iconColor":{"opac":1,"rgb":"var(--TC4)"}},"BJeOuHHKG":{"type":"element","id":"BJeOuHHKG","link":{"val":"r15Z_rSYf","selectedKey":"image"},"animation":{"selectedKey":"fade"},"pos":{"x":81,"y":777},"icon":{"selectedKey":3},"size":{"selectedKey":"m"},"iconColor":{"opac":1,"rgb":"var(--TC4)"}},"r1TKuSHtz":{"type":"element","id":"r1TKuSHtz","link":{"val":"r15Z_rSYf","selectedKey":"image"},"animation":{"selectedKey":"left"},"pos":{"x":77,"y":596},"icon":{"selectedKey":3},"size":{"selectedKey":"m"},"iconColor":{"opac":1,"rgb":"var(--TC4)"}}},"p":["Hkf8uHSYG","r1TKuSHtz","BJeOuHHKG"]}},"S13edSBFz":{"type":"image","id":"S13edSBFz","style":{"selectedKey":"textOverlapping"},"txtBg":{"fill":{"opac":0.9,"rgb":"var(--TC5)"}},"bg":{"selectedKey":"image"},"name":{"rType":"text","val":"RESPUESTA_2_BIEN\n"},"desc":{"rType":"richtext","val":{"ops":[{"attributes":{"color":"#ffffff"},"insert":"That’s right! "},{"attributes":{"size":"huge","align":"center"},"insert":"\n"},{"insert":"  "},{"attributes":{"size":"large"},"insert":"\n"}]},"padd":53,"hali":""},"e":{"i":{"Bk4TOSHKf":{"type":"element","id":"Bk4TOSHKf","link":{"val":"BJYTwSSKM","selectedKey":"image"},"animation":{"selectedKey":"fade"},"pos":{"x":488,"y":645},"icon":{"selectedKey":10},"size":{"selectedKey":"m"},"iconColor":{"opac":1,"rgb":"var(--TC14)"}}},"p":["Bk4TOSHKf"]}},"r15Z_rSYf":{"type":"image","id":"r15Z_rSYf","style":{"selectedKey":"textOverlapping"},"txtBg":{"fill":{"opac":0.8,"rgb":"var(--TC6)"}},"bg":{"selectedKey":"image"},"name":{"rType":"text","val":"RESPUESTS_2_MAL"},"desc":{"rType":"richtext","val":{"ops":[{"attributes":{"size":"huge"},"insert":"\n\n\n\n"},{"insert":"Sorry, wrong answer. ","attributes":{"color":"#ffffff"}},{"insert":"\n\n","attributes":{"size":"huge"}}]},"vali":"top"},"e":{"i":{"BkoZFSrFG":{"type":"element","id":"BkoZFSrFG","link":{"val":"BJYTwSSKM","selectedKey":"image"},"animation":{"selectedKey":"fade"},"pos":{"x":488,"y":684},"icon":{"selectedKey":8},"size":{"selectedKey":"l"},"iconColor":{"opac":1,"rgb":"var(--TC14)"}}},"p":["BkoZFSrFG"]}},"H1FMdHBFG":{"name":{"rType":"text","val":"Scene 0"},"bg":{"selectedKey":"fill"}}},"p":["BJYTwSSKM","S13edSBFz","r15Z_rSYf"]}}}},"v":"1"}