<?xml version="1.0" encoding="UTF-8"?>
<!-- Generated by JClic - https://projectestac.github.io/jclic -->
<manifest identifier="JClic-896231" version="1.0" xmlns="http://www.imsproject.org/xsd/imscp_rootv1p1p2" xmlns:adlcp="http://www.adlnet.org/xsd/adlcp_rootv1p2" xmlns:xsi="http://www.w3.org/2001/XMLSchema-instance" xsi:schemaLocation= "http://www.imsproject.org/xsd/imscp_rootv1p1p2 imscp_rootv1p1p2.xsd http://www.imsglobal.org/xsd/imsmd_rootv1p2p1 imsmd_rootv1p2p1.xsd http://www.adlnet.org/xsd/adlcp_rootv1p2 adlcp_rootv1p2.xsd">
 <metadata> 
  <schema>ADL SCORM</schema>
  <schemaversion>1.2</schemaversion>
 </metadata> 
 <organizations default="JClic">  
  <organization identifier="JClic">  
   <title>la naturaleza</title>
   <item identifier="ITEM_JClic-896231" identifierref="RES_JClic-896231">
    <title>la naturaleza</title>
   </item>
  </organization>
 </organizations>
 <resources>
  <resource identifier="RES_JClic-896231" type="webcontent" href="/index.html" adlcp:scormtype="sco"> 
   <file href="beach.mp3"/>
   <file href="dissert.mp3"/>
   <file href="favicon.ico"/>
   <file href="flower.mp3"/>
   <file href="icon-192.png"/>
   <file href="icon-72.png"/>
   <file href="image__70_-resized1.jpg"/>
   <file href="image__71_-resized1.jpg"/>
   <file href="image__72_-resized1.jpg"/>
   <file href="image__73_-resized1.jpg"/>
   <file href="image__74_-resized1.jpg"/>
   <file href="image__75_-resized1.jpg"/>
   <file href="image__94_-resized1.jpg"/>
   <file href="imsmanifest.xml"/>
   <file href="index.html"/>
   <file href="la_naturaleza.jclic"/>
   <file href="la_naturaleza.jclic.js"/>
   <file href="letrero_de_informacion-resized.jpg"/>
   <file href="lown.mp3"/>
   <file href="mountain.mp3"/>
   <file href="natural-resized1.jpg"/>
   <file href="natural__1_-resized1.jpg"/>
   <file href="natural__2_-resized1.jpg"/>
   <file href="natural__3_-resized1.jpg"/>
   <file href="natural__4_-resized1.jpg"/>
   <file href="natural__5_-resized1.jpg"/>
   <file href="natural__6_-resized1.jpg"/>
   <file href="paisaje-parque-natural-fondo-vacio_1308-44780.jpg"/>
   <file href="project-cover.jpg"/>
   <file href="project-thumb.jpg"/>
   <file href="project.json"/>
   <file href="river.mp3"/>
   <file href="tree.mp3"/>
  </resource>
 </resources>
</manifest>