[{"rType":"asset","rSubType":"image","fileName":"spring (3).png","fileSize":716111,"val":"mc-a5c804661948574746bcaa030404bb40.png","aid":"XBQjoTM_4","size":716111},{"rType":"asset","rSubType":"audio","fileName":"winter.m4a","fileSize":51353,"val":"mc-77a4d7fc272d150a16c1092ef5f02ecf.m4a","aid":"cCx6HIRIk","size":51353},{"rType":"asset","rSubType":"image","fileName":"paisaje-marino-verano_23-2147512163.jpg","fileSize":53306,"val":"mc-a676b8af3ae38b9ddaac01e90a4be2e9.jpg","aid":"TSHnXRevR","size":53306},{"rType":"asset","rSubType":"image","fileName":"in2.jpg","fileSize":16787,"val":"mc-d4e8ce3d02acd0db3987d7892d81bd94.jpg","aid":"UoCcmnWb8","size":16787},{"rType":"asset","rSubType":"image","fileName":"spring.png","fileSize":841161,"val":"mc-e45be43860986609645ac1f0debfaf0d.png","aid":"DuCrhjIWY","size":841161},{"rType":"asset","rSubType":"audio","fileName":"autumn.m4a","fileSize":53401,"val":"mc-aac6c9d9cda70d1bd0a3b76d282b712c.m4a","aid":"2fHjyUBzc","size":53401},{"rType":"asset","rSubType":"image","fileName":"unsplash.jpg","fileSize":0,"val":"mc-fef853b1973cd84967676d07de4c2d05.jpg","aid":"ylUzKOOixg","size":128849},{"rType":"asset","rSubType":"image","fileName":"unsplash.jpg","fileSize":0,"val":"mc-2bdf984123efbaf1c6a58561c28ae404.jpg","aid":"6ynLS3nr5F","size":1095400},{"rType":"asset","rSubType":"image","fileName":"spring (1).png","fileSize":1150914,"val":"mc-e0fdc4e4ca197f7c47d1dd01dde7a833.png","aid":"iYDJJB9ud","size":1150914},{"rType":"asset","rSubType":"audio","fileName":"spring.m4a","fileSize":60569,"val":"mc-a97114859e65c0963e89359e09c4607c.m4a","aid":"r0_tsguZs","size":60569},{"rType":"asset","rSubType":"image","fileName":"spring (2).png","fileSize":610454,"val":"mc-d976059258cd42a18ad148ffbf88700c.png","aid":"xqkGWf7Px","size":610454},{"rType":"asset","rSubType":"audio","fileName":"summer.m4a","fileSize":82921,"val":"mc-737baf0f8c617d1a8125b847041078c9.m4a","aid":"wt7B4e0VQ","size":82921},{"rType":"asset","rSubType":"image","fileName":"otoño2.jpg","fileSize":43001,"val":"mc-57e5b189ef9ca09e500d1e689e470c76.jpg","aid":"y3HK5g8Mx","size":43001},{"rType":"asset","rSubType":"image","fileName":"primavera2.jpg","fileSize":16553,"val":"mc-f38e4dc03d0352afa70cc2cf4d6367fd.jpg","aid":"hzmdSG7q6","size":16553}]