[{"rType":"asset","rSubType":"image","fileName":"#f0932b (30).png","fileSize":47641,"val":"mc-064d741d2ebea19ace218bc948f6431f.png","aid":"oIc8uprxd","size":47641},{"rType":"asset","rSubType":"audio","fileName":"twenty1.m4a","fileSize":133336,"val":"mc-0714e165604e4b401891ff26ca6371ee.m4a","aid":"NqNXEb0wn","size":133336},{"rType":"asset","rSubType":"image","fileName":"#f0932b (12).png","fileSize":44136,"val":"mc-bb6617294751df4799a571cb37311ba9.png","aid":"NgrBSQzTA","size":44136},{"rType":"asset","rSubType":"audio","fileName":"Two.m4a","fileSize":177090,"val":"mc-b84e06ab978042f6dfe73a472dc6f66e.m4a","aid":"kONOx18Jq","size":177090},{"rType":"asset","rSubType":"image","fileName":"#f0932b (25).png","fileSize":35974,"val":"mc-c2304c791923554d24d28ae323dfda04.png","aid":"h4djXY0na","size":35974},{"rType":"asset","rSubType":"audio","fileName":"fifteen.m4a","fileSize":130504,"val":"mc-6c918d896c23d2908b46191088ea31ce.m4a","aid":"aALkt-F-Z","size":130504},{"rType":"asset","rSubType":"image","fileName":"unsplash.jpg","fileSize":0,"val":"mc-a9896aa68727d5dc702921dbfdc0f68c.jpg","aid":"SSqLuqTf4y","size":134638},{"rType":"asset","rSubType":"image","fileName":"#f0932b (34).png","fileSize":50494,"val":"mc-22d5fcddde33f9d049392d090859b8d0.png","aid":"MWdSULIsD","size":50494},{"rType":"asset","rSubType":"audio","fileName":"Twenty4.m4a","fileSize":138393,"val":"mc-951603e62f9e600f461b61d7cb1f84ac.m4a","aid":"3wxCzhdml","size":138393},{"rType":"asset","rSubType":"image","fileName":"unsplash.jpg","fileSize":0,"val":"mc-a9896aa68727d5dc702921dbfdc0f68c.jpg","aid":"l9zncokny1","size":134638},{"rType":"asset","rSubType":"image","fileName":"#f0932b (32).png","fileSize":51517,"val":"mc-166e149729c622857055e4b36914b7de.png","aid":"cMDtmZZ5_","size":51517},{"rType":"asset","rSubType":"audio","fileName":"Twenty2.m4a","fileSize":136567,"val":"mc-6811353b5e78e4499cba71f5fcea13a6.m4a","aid":"Cl6Xpue1d","size":136567},{"rType":"asset","rSubType":"image","fileName":"#f0932b (35).png","fileSize":52394,"val":"mc-a11f2815b42a5892da6877fb8b0c6d1b.png","aid":"I4HbqkV4Z","size":52394},{"rType":"asset","rSubType":"audio","fileName":"Twenty5.m4a","fileSize":159897,"val":"mc-dd23de7425ce1477a12399e26cfeafb0.m4a","aid":"1dz16JIt6","size":159897},{"rType":"asset","rSubType":"image","fileName":"#f0932b (18).png","fileSize":42365,"val":"mc-8bcbda0773de3d28dacb0a52fbe5fbb9.png","aid":"x4xEfqOXY","size":42365},{"rType":"asset","rSubType":"audio","fileName":"eight.m4a","fileSize":140819,"val":"mc-8e72e16fffa63f9443e7c9c10b873424.m4a","aid":"AUU5fX21p","size":140819},{"rType":"asset","rSubType":"image","fileName":"#f0932b (33).png","fileSize":54082,"val":"mc-c18e2f32c1bb6d20809263ee1de1dc80.png","aid":"i0cUeXaie","size":54082},{"rType":"asset","rSubType":"audio","fileName":"Twenty3.m4a","fileSize":144288,"val":"mc-dcf1699f6364aa146991027be1046ec3.m4a","aid":"FX7dJMKnW","size":144288},{"rType":"asset","rSubType":"image","fileName":"#f0932b (19).png","fileSize":43738,"val":"mc-fc4cb9d4db975ae88dd548a91da98cd8.png","aid":"SxYMSwodR","size":43738},{"rType":"asset","rSubType":"audio","fileName":"nine.m4a","fileSize":145561,"val":"mc-59f236a8095d77613efa5a06b1a1b951.m4a","aid":"7ok1HTod7","size":145561},{"rType":"asset","rSubType":"image","fileName":"unsplash.jpg","fileSize":0,"val":"mc-a9896aa68727d5dc702921dbfdc0f68c.jpg","aid":"2vpvUpk0xo","size":134638},{"rType":"asset","rSubType":"image","fileName":"unsplash.jpg","fileSize":0,"val":"mc-a9896aa68727d5dc702921dbfdc0f68c.jpg","aid":"tm5CURu_mQ","size":134638},{"rType":"asset","rSubType":"image","fileName":"unsplash.jpg","fileSize":0,"val":"mc-a9896aa68727d5dc702921dbfdc0f68c.jpg","aid":"Uz0zhjOP0t","size":134638},{"rType":"asset","rSubType":"image","fileName":"#f0932b (17).png","fileSize":36719,"val":"mc-f89dc19eae0dc4d011b5e49808cc4d7b.png","aid":"zXoXgNr-n","size":36719},{"rType":"asset","rSubType":"audio","fileName":"seven.m4a","fileSize":161945,"val":"mc-23fb0edbde30cfe2f834ed917424fa44.m4a","aid":"5GvLCSagA","size":161945},{"rType":"asset","rSubType":"image","fileName":"#f0932b (39).png","fileSize":63864,"val":"mc-5877f536c09dc98949aaac7f644b327f.png","aid":"uZ4b-PRRn","size":63864},{"rType":"asset","rSubType":"audio","fileName":"Twenty9.m4a","fileSize":132249,"val":"mc-62d3cb3b1a2b85804a5624f9917da967.m4a","aid":"XeXIwEbSi","size":132249},{"rType":"asset","rSubType":"image","fileName":"unsplash.jpg","fileSize":0,"val":"mc-a9896aa68727d5dc702921dbfdc0f68c.jpg","aid":"pBjARBBcLD","size":134638},{"rType":"asset","rSubType":"image","fileName":"unsplash.jpg","fileSize":0,"val":"mc-a9896aa68727d5dc702921dbfdc0f68c.jpg","aid":"oPjVy16gny","size":134638},{"rType":"asset","rSubType":"image","fileName":"unsplash.jpg","fileSize":0,"val":"mc-a9896aa68727d5dc702921dbfdc0f68c.jpg","aid":"te53kmGxCd","size":134638},{"rType":"asset","rSubType":"image","fileName":"#f0932b (24).png","fileSize":40697,"val":"mc-413f69c6ed37974ca24da2964f6c9c9e.png","aid":"HhEGA8AfT","size":40697},{"rType":"asset","rSubType":"audio","fileName":"fourteen.m4a","fileSize":151705,"val":"mc-a9b365a554df02da8a5d7db96b5df6e8.m4a","aid":"Ec9wweAly","size":151705},{"rType":"asset","rSubType":"image","fileName":"#f0932b (20).png","fileSize":39735,"val":"mc-2ad3ef2c1c2637ca93a96347ecd08d05.png","aid":"WkMHnl-ge","size":39735},{"rType":"asset","rSubType":"audio","fileName":"Ten.m4a","fileSize":134297,"val":"mc-85a043ae6eb47cedbd4baba69195872b.m4a","aid":"sZI5vbT5H","size":134297},{"rType":"asset","rSubType":"image","fileName":"unsplash.jpg","fileSize":0,"val":"mc-fef853b1973cd84967676d07de4c2d05.jpg","aid":"YQy763N95t","size":128849},{"rType":"asset","rSubType":"image","fileName":"unsplash.jpg","fileSize":0,"val":"mc-2bdf984123efbaf1c6a58561c28ae404.jpg","aid":"wfLrNNwHxd","size":1095400},{"rType":"asset","rSubType":"image","fileName":"#f0932b (27).png","fileSize":44808,"val":"mc-6b16ee00513a79b1183378fcf591c124.png","aid":"0tje68q7H","size":44808},{"rType":"asset","rSubType":"audio","fileName":"seventeen.m4a","fileSize":180377,"val":"mc-5935ff6dba2201c55cc2502ffcc8a0e9.m4a","aid":"-Fq9Cu6-c","size":180377},{"rType":"asset","rSubType":"image","fileName":"unsplash.jpg","fileSize":0,"val":"mc-a9896aa68727d5dc702921dbfdc0f68c.jpg","aid":"ip7XfgsnlM","size":134638},{"rType":"asset","rSubType":"image","fileName":"#f0932b (22).png","fileSize":42351,"val":"mc-188be49f31fb9fd264783f61e64be6cf.png","aid":"E0LnL6rBx","size":42351},{"rType":"asset","rSubType":"audio","fileName":"Twelve.m4a","fileSize":139417,"val":"mc-3f97b00d3c312226d0239f8ed33a4a4f.m4a","aid":"ikoEjXwIy","size":139417},{"rType":"asset","rSubType":"image","fileName":"unsplash.jpg","fileSize":0,"val":"mc-a9896aa68727d5dc702921dbfdc0f68c.jpg","aid":"g-E1grgLQb","size":134638},{"rType":"asset","rSubType":"image","fileName":"#f0932b (37).png","fileSize":51380,"val":"mc-3847d3022b057489f725a9e31d513652.png","aid":"coZMmHMmj","size":51380},{"rType":"asset","rSubType":"audio","fileName":"Twenty7.m4a","fileSize":158873,"val":"mc-f7b82feea87b9346f18d39c8e079b930.m4a","aid":"IW6BWgOpo","size":158873},{"rType":"asset","rSubType":"image","fileName":"unsplash.jpg","fileSize":0,"val":"mc-a9896aa68727d5dc702921dbfdc0f68c.jpg","aid":"hCLxWCEgl0","size":134638},{"rType":"asset","rSubType":"image","fileName":"#f0932b (11).png","fileSize":28172,"val":"mc-0f984ce1fe5163d08fff4f36a1822736.png","aid":"MU4_uODRA","size":28172},{"rType":"asset","rSubType":"audio","fileName":"one.m4a","fileSize":205664,"val":"mc-9d0b387b38ec0638d6dbdfc5455cae2b.m4a","aid":"47nepfvSr","size":205664},{"rType":"asset","rSubType":"image","fileName":"#f0932b (31).png","fileSize":45672,"val":"mc-9e384956687f62bce2dd813ba88f9bce.png","aid":"uF9olseaM","size":45672},{"rType":"asset","rSubType":"audio","fileName":"nineteen.m4a","fileSize":147015,"val":"mc-5d813ec0eb30f3faecb0a4dc06989cb6.m4a","aid":"bt4im4XcN","size":147015},{"rType":"asset","rSubType":"image","fileName":"unsplash.jpg","fileSize":0,"val":"mc-a9896aa68727d5dc702921dbfdc0f68c.jpg","aid":"GFnxbwdL95","size":134638},{"rType":"asset","rSubType":"image","fileName":"#f0932b (23).png","fileSize":43121,"val":"mc-abacf5183979d50c57cf34854a28d297.png","aid":"rLqASdaDj","size":43121},{"rType":"asset","rSubType":"audio","fileName":"thirteen.m4a","fileSize":165017,"val":"mc-2b02637684f9cecd888f8a67f7a9df3b.m4a","aid":"gEMkfVKrt","size":165017},{"rType":"asset","rSubType":"image","fileName":"unsplash.jpg","fileSize":0,"val":"mc-a9896aa68727d5dc702921dbfdc0f68c.jpg","aid":"ESWZGa1hBb","size":134638},{"rType":"asset","rSubType":"image","fileName":"#f0932b (38).png","fileSize":60049,"val":"mc-1135dd5eacdedbc86e5a1e7174b87ac8.png","aid":"W_kNDwMbd","size":60049},{"rType":"asset","rSubType":"audio","fileName":"Teenty8.m4a","fileSize":170312,"val":"mc-3c08044e00cf232d50207f4369c3e4e8.m4a","aid":"hM73kYvcS","size":170312},{"rType":"asset","rSubType":"image","fileName":"#f0932b (28).png","fileSize":47011,"val":"mc-4786b404463ad8fb1af98ebf72a4266f.png","aid":"_vBqlVbCR","size":47011},{"rType":"asset","rSubType":"audio","fileName":"eighteen.m4a","fileSize":144688,"val":"mc-ec4322d2d8739ff9d087343e301d6d8f.m4a","aid":"1MBefr7K7","size":144688},{"rType":"asset","rSubType":"image","fileName":"#f0932b (21).png","fileSize":31251,"val":"mc-784d4e40febaf520e7a0fc264daa561a.png","aid":"Nn-BcZHDy","size":31251},{"rType":"asset","rSubType":"audio","fileName":"eleven.m4a","fileSize":135321,"val":"mc-379806b1397348f44783c6e0debc25a0.m4a","aid":"pOLT3O4Fj","size":135321},{"rType":"asset","rSubType":"image","fileName":"unsplash.jpg","fileSize":0,"val":"mc-a9896aa68727d5dc702921dbfdc0f68c.jpg","aid":"DcQBVHFB3a","size":134638},{"rType":"asset","rSubType":"image","fileName":"#f0932b (13).png","fileSize":40175,"val":"mc-c0a960111ce9c59f0c012f8cd936dcc0.png","aid":"vaEjjJ0yS","size":40175},{"rType":"asset","rSubType":"audio","fileName":"Three.m4a","fileSize":160108,"val":"mc-5361273a4c3903c358f2b2fd87f239ec.m4a","aid":"nLf7REXJI","size":160108},{"rType":"asset","rSubType":"image","fileName":"#f0932b (16).png","fileSize":47018,"val":"mc-ef41e4165edcdb1c24f42f140b9491aa.png","aid":"0KKozpclx","size":47018},{"rType":"asset","rSubType":"audio","fileName":"six.m4a","fileSize":155801,"val":"mc-6f8fae6efc8adca452dab8b058db55f7.m4a","aid":"1G2J-PVkX","size":155801},{"rType":"asset","rSubType":"image","fileName":"#f0932b (29).png","fileSize":51870,"val":"mc-0e1f19bd8f8a80d76089d72794f1b951.png","aid":"TpXhjEHwA","size":51870},{"rType":"asset","rSubType":"audio","fileName":"twenty.m4a","fileSize":139790,"val":"mc-e57c12f7bfb87f91750844a779181737.m4a","aid":"-_AGWu9qs","size":139790},{"rType":"asset","rSubType":"image","fileName":"#f0932b (14).png","fileSize":30964,"val":"mc-9da95a11c9d2bf3701d6c0d34b3742c5.png","aid":"mraN0n3nB","size":30964},{"rType":"asset","rSubType":"audio","fileName":"four.m4a","fileSize":162582,"val":"mc-30f0306ac1f17fd6249113cb699743ad.m4a","aid":"hlnNWDrRG","size":162582},{"rType":"asset","rSubType":"image","fileName":"#f0932b (26).png","fileSize":48193,"val":"mc-17658004542fbf4b0cb0358ad52ce03c.png","aid":"O44fOpKnf","size":48193},{"rType":"asset","rSubType":"audio","fileName":"sixteen.m4a","fileSize":145735,"val":"mc-71e66cf96a1280143ce08796f8209173.m4a","aid":"5DXcoOUtK","size":145735},{"rType":"asset","rSubType":"image","fileName":"unsplash.jpg","fileSize":0,"val":"mc-a9896aa68727d5dc702921dbfdc0f68c.jpg","aid":"5sTuRaxvZU","size":134638},{"rType":"asset","rSubType":"image","fileName":"#f0932b (40).png","fileSize":51378,"val":"mc-a2dd5509cd5b5bf2b8390675537fbfac.png","aid":"iDiEfaazw","size":51378},{"rType":"asset","rSubType":"audio","fileName":"thirty.m4a","fileSize":120985,"val":"mc-effadf71e0045fdf29a41ca47fda2d84.m4a","aid":"tA9JmMRCh","size":120985},{"rType":"asset","rSubType":"image","fileName":"#f0932b (36).png","fileSize":68124,"val":"mc-dc1edaa09b8ddaeb1c4d9b040e66ecaa.png","aid":"t-R9AOkG5","size":68124},{"rType":"asset","rSubType":"audio","fileName":"Twenty6.m4a","fileSize":141465,"val":"mc-067a232dc1fa9457734ebbf377f62b1a.m4a","aid":"5qT5UyfxE","size":141465},{"rType":"asset","rSubType":"image","fileName":"#f0932b (15).png","fileSize":31402,"val":"mc-192e3b6cbf82148fe11ade18f085485b.png","aid":"7wXqSrEY-","size":31402},{"rType":"asset","rSubType":"audio","fileName":"five.m4a","fileSize":153293,"val":"mc-64ccff30b370a81320c0b822eff75abf.m4a","aid":"KSv5jBbYz","size":153293}]