[{"rType":"asset","rSubType":"image","fileName":"HGTF.png","fileSize":421575,"val":"mc-34c3cc2f42ed38f205003ca9e16f12d0.png","aid":"pq4HFKNuj","size":421575},{"rType":"asset","rSubType":"audio","fileName":"good morning.m4a","fileSize":55449,"val":"mc-079725aaf7ab68b5d80e6a19793cdc24.m4a","aid":"y60TwYT4A","size":55449},{"rType":"asset","rSubType":"image","fileName":"good.png","fileSize":189357,"val":"mc-7b7e023c434d63a43d3ba4419bb14e8b.png","aid":"cC_6dmyA0","size":189357},{"rType":"asset","rSubType":"audio","fileName":"good night.m4a","fileSize":64665,"val":"mc-895c88e373d3f2ddcd4ebd885d1bd7ae.m4a","aid":"HDfW2Krrk","size":64665},{"rType":"asset","rSubType":"image","fileName":"unsplash.jpg","fileSize":0,"val":"mc-a9896aa68727d5dc702921dbfdc0f68c.jpg","aid":"4NLiRJTXbK","size":134638},{"rType":"asset","rSubType":"image","fileName":"freej (3).png","fileSize":81841,"val":"mc-06a5a8cff7299d8972f6366bf98acc74.png","aid":"UkP9J2q8i","size":81841},{"rType":"asset","rSubType":"audio","fileName":"hello.m4a","fileSize":58521,"val":"mc-cdaa3cc6699210b6f965e9a93f81e6e3.m4a","aid":"xF8bL4VRs","size":58521},{"rType":"asset","rSubType":"image","fileName":"freej (4).png","fileSize":201627,"val":"mc-d54be3c81128afa100d949cc8dce6cb9.png","aid":"Ky6Fbdv-q","size":201627},{"rType":"asset","rSubType":"image","fileName":"unsplash.jpg","fileSize":0,"val":"mc-a9896aa68727d5dc702921dbfdc0f68c.jpg","aid":"KdHWc_Rb88","size":134638},{"rType":"asset","rSubType":"image","fileName":"freej (11).png","fileSize":187717,"val":"mc-ccb53281d49f757b2dc5c11f69da3c1c.png","aid":"DLNs3KgjK","size":187717},{"rType":"asset","rSubType":"image","fileName":"freej (10).png","fileSize":190470,"val":"mc-ed06a9efcb138a382a850af5552675b7.png","aid":"69KRua-9Z","size":190470},{"rType":"asset","rSubType":"audio","fileName":"how are you-.m4a","fileSize":70631,"val":"mc-250e0b88332d1ef87df9c198840b1823.m4a","aid":"18GGMyMPy","size":70631},{"rType":"asset","rSubType":"image","fileName":"unsplash.jpg","fileSize":0,"val":"mc-fef853b1973cd84967676d07de4c2d05.jpg","aid":"lgV9RztaV8","size":128849},{"rType":"asset","rSubType":"image","fileName":"unsplash.jpg","fileSize":0,"val":"mc-2bdf984123efbaf1c6a58561c28ae404.jpg","aid":"A_w4MFsm9Y","size":1095400},{"rType":"asset","rSubType":"image","fileName":"unsplash.jpg","fileSize":0,"val":"mc-a9896aa68727d5dc702921dbfdc0f68c.jpg","aid":"3mGmgSEhPy","size":134638},{"rType":"asset","rSubType":"image","fileName":"unsplash.jpg","fileSize":0,"val":"mc-a9896aa68727d5dc702921dbfdc0f68c.jpg","aid":"LGre3oPM0l","size":134638},{"rType":"asset","rSubType":"image","fileName":"unsplash.jpg","fileSize":0,"val":"mc-a9896aa68727d5dc702921dbfdc0f68c.jpg","aid":"RPYcurF87v","size":134638},{"rType":"asset","rSubType":"image","fileName":"freej (12).png","fileSize":188937,"val":"mc-39a3d2c4544773d71a258de026276adf.png","aid":"LaI-5VRZq","size":188937},{"rType":"asset","rSubType":"audio","fileName":"good to see you.m4a","fileSize":57497,"val":"mc-eb7c2390bac4881e68269c6f7eb544da.m4a","aid":"3GC1RZWrL","size":57497},{"rType":"asset","rSubType":"image","fileName":"freej (14).png","fileSize":333997,"val":"mc-bda5ab27ae4881000cd2fe1e7c6e457f.png","aid":"vFsTIbuuo","size":333997},{"rType":"asset","rSubType":"image","fileName":"unsplash.jpg","fileSize":0,"val":"mc-a9896aa68727d5dc702921dbfdc0f68c.jpg","aid":"cn6oS4s7-a","size":134638},{"rType":"asset","rSubType":"image","fileName":"freej (5).png","fileSize":221533,"val":"mc-a9ee2e06fbc098f021f64f9c0782cfd3.png","aid":"HBXxUTLVy","size":221533},{"rType":"asset","rSubType":"audio","fileName":"good afternoon.m4a","fileSize":60569,"val":"mc-d4e9cb840fbc6f49086b2d366175625c.m4a","aid":"HEctsUvdZ","size":60569},{"rType":"asset","rSubType":"image","fileName":"freej (2).png","fileSize":76010,"val":"mc-3231eef5efef7fbffde9f6da660cfe90.png","aid":"LQP8IBIA_","size":76010},{"rType":"asset","rSubType":"image","fileName":"unsplash.jpg","fileSize":0,"val":"mc-a9896aa68727d5dc702921dbfdc0f68c.jpg","aid":"TwzlMpf6fJ","size":134638},{"rType":"asset","rSubType":"image","fileName":"freej (13).png","fileSize":174926,"val":"mc-00f00abf157defda4d555ff4c77c9471.png","aid":"cKWHhOmli","size":174926},{"rType":"asset","rSubType":"image","fileName":"unsplash.jpg","fileSize":0,"val":"mc-a9896aa68727d5dc702921dbfdc0f68c.jpg","aid":"0a-nUdjvu4","size":134638},{"rType":"asset","rSubType":"image","fileName":"freej (15).png","fileSize":345165,"val":"mc-7a3a71ea7cb58ac083c2cf4e30f5cfb4.png","aid":"S70y4zW4K","size":345165},{"rType":"asset","rSubType":"audio","fileName":"nice to see you.m4a","fileSize":104471,"val":"mc-bb693e30390995890765ba20733e3ca0.m4a","aid":"QyrhH5NIP","size":104471},{"rType":"asset","rSubType":"image","fileName":"freej.png","fileSize":421896,"val":"mc-201d95ba5d4b186a6248fe5d815a8b75.png","aid":"0Ajc5Rhse","size":421896},{"rType":"asset","rSubType":"image","fileName":"freej (6).png","fileSize":221065,"val":"mc-3a2a05351d19be0ea61c74dff8b22287.png","aid":"IHUhN65tY","size":221065},{"rType":"asset","rSubType":"audio","fileName":"good evening.m4a","fileSize":52377,"val":"mc-f7fef7c39145de5d56d56390d4f75e88.m4a","aid":"GaWMULlGf","size":52377},{"rType":"asset","rSubType":"image","fileName":"freej (8).png","fileSize":171079,"val":"mc-b1d6a4a1acfbe360269c3009ab82e36a.png","aid":"rfziqpJJN","size":171079},{"rType":"asset","rSubType":"image","fileName":"freej (7).png","fileSize":216683,"val":"mc-1ad5e5e41c03e7debd30531cdb0f0123.png","aid":"h7PkzoOe6","size":216683}]