[{"rType":"asset","rSubType":"image","fileName":"DINNING ROOM (6).png","fileSize":647760,"val":"mc-ffdce9ff7e0493d30dc8cbb9080551ba.png","aid":"EKUlknJ_y","size":647760},{"rType":"asset","rSubType":"audio","fileName":"laundry.m4a","fileSize":62617,"val":"mc-f3371a65e35c7c1bdf8eef3a623ba1d1.m4a","aid":"H4W49TMDi","size":62617},{"rType":"asset","rSubType":"image","fileName":"DINNING ROOM (10).png","fileSize":333999,"val":"mc-764f1629e27f8d2a1f7a4b889b95afac.png","aid":"vggXzpzO0","size":333999},{"rType":"asset","rSubType":"audio","fileName":"study.m4a","fileSize":80025,"val":"mc-217c53d096fd001285c277fcc0a60def.m4a","aid":"Y6WUVDEQb","size":80025},{"rType":"asset","rSubType":"image","fileName":"DINNING ROOM (9).png","fileSize":948467,"val":"mc-b1086a5c499f1dcd7f0135acd88abd6e.png","aid":"Y2cwonF7wW","size":948467},{"rType":"asset","rSubType":"audio","fileName":"garden.m4a","fileSize":92056,"val":"mc-68b73e0c8821d5ee4ac6abfb101aa1e3.m4a","aid":"UR8NjSwWwm","size":92056},{"rType":"asset","rSubType":"image","fileName":"DINNING ROOM (2).png","fileSize":617995,"val":"mc-6d4fdc68f4bea3772bc2423e701c5a72.png","aid":"JhoENLYyn","size":617995},{"rType":"asset","rSubType":"audio","fileName":"kitchen.m4a","fileSize":78708,"val":"mc-aa1c47be0b1f8325fbde02a463817a5b.m4a","aid":"wtoZZomh2","size":78708},{"rType":"asset","rSubType":"image","fileName":"DINNING ROOM (8).png","fileSize":841100,"val":"mc-105024542b265cd355a90c6acc1bc9f6.png","aid":"yXV_miD6qN","size":841100},{"rType":"asset","rSubType":"audio","fileName":"garage.m4a","fileSize":62617,"val":"mc-7d4593c8b81c213c1b498ac8e933005f.m4a","aid":"qVsTYa1EqF","size":62617},{"rType":"asset","rSubType":"image","fileName":"DINNING ROOM (7).png","fileSize":755519,"val":"mc-b114fef3ca5bf8c61f3c84dc34ead78b.png","aid":"v2QaULkvo","size":755519},{"rType":"asset","rSubType":"audio","fileName":"living room.m4a","fileSize":119801,"val":"mc-876ff13d59174e9d4e53f08bae8886a2.m4a","aid":"vwydyZq2c","size":119801},{"rType":"asset","rSubType":"image","fileName":"DINNING ROOM.png","fileSize":595208,"val":"mc-3bec66b7ff1a029db36d7dc7844ab643.png","aid":"g1xjphQxG","size":595208},{"rType":"asset","rSubType":"audio","fileName":"dining room.m4a","fileSize":96076,"val":"mc-68bf25b4e393ee281db38d0d38d07c7c.m4a","aid":"ik3cgazp2","size":96076},{"rType":"asset","rSubType":"image","fileName":"unsplash.jpg","fileSize":0,"val":"mc-fef853b1973cd84967676d07de4c2d05.jpg","aid":"6ukeLAr6dp","size":128849},{"rType":"asset","rSubType":"image","fileName":"unsplash.jpg","fileSize":0,"val":"mc-2bdf984123efbaf1c6a58561c28ae404.jpg","aid":"GJ_Zc1q_dT","size":1095400},{"rType":"asset","rSubType":"image","fileName":"DINNING ROOM (11).png","fileSize":889730,"val":"mc-2691090536cca63de295f953af5ebb60.png","aid":"uLzyRSGwJ","size":889730},{"rType":"asset","rSubType":"audio","fileName":"bedroom.m4a","fileSize":79870,"val":"mc-c56fab54b44825b5603c40367f1c59af.m4a","aid":"ALC7aYcDl","size":79870},{"rType":"asset","rSubType":"image","fileName":"DINNING ROOM (5).png","fileSize":641763,"val":"mc-84c84051fe15cda85e01c359b609ed09.png","aid":"YWZye5MJ7E","size":641763},{"rType":"asset","rSubType":"audio","fileName":"bathroom.m4a","fileSize":89730,"val":"mc-8d6458bffe4cdbe6a5fa73a7f124b4f8.m4a","aid":"pm7UYFkqny","size":89730}]