{"i":{"WEY-DR8Csh":{"id":"WEY-DR8Csh","type":"slide","setup":{"bg":{"selectedKey":"fill","fill":{"opac":1,"rgb":"#ff0000"},"img":{"filt":{"opac":100,"gray":0,"blur":0,"tint":{"rgb":"var(--TC3)","opac":0.5,"blendMode":"multiply"}},"pos":{"type":"crop","fit":{"bg":{"color":{"rgb":"#FFF","opac":100}},"vali":"center","hali":"center"},"crop":{"poi":{"x":618,"y":1064}}},"measures":{"size":{"width":1080,"height":1349}}},"gradient":{"angle":0,"opac":1,"stops":[{"color":"#f8f860","pos":0},{"color":"#7e7f00","pos":100}]}},"transparentBg":{"selectedKey":false},"bord":{"size":10,"rad":10}}},"KtYW5W1T2":{"id":"KtYW5W1T2","type":"interactive","subtype":"interactivePodCast","setup":{"bg":{"selectedKey":"image","fill":{"opac":1,"rgb":"#FFF"},"img":{"filt":{"opac":100,"gray":0,"blur":0,"tint":{"rgb":"#FFF","opac":0}},"pos":{"type":"fit","fit":{"bg":{"color":{"rgb":"#FFF","opac":100}},"vali":"center","hali":"center"},"crop":{"bg":{"color":{"rgb":"#FFF","opac":0}},"poi":{"x":707,"y":1008.5}},"mask":{"shape":1}},"measures":{"size":{"width":1414,"height":2000}},"orig":{"rType":"asset","rSubType":"image","fileName":"DINNING ROOM (2).png","fileSize":617995,"val":"mc-6d4fdc68f4bea3772bc2423e701c5a72.png","aid":"JhoENLYyn"}}},"audio":{"orig":{"rType":"asset","rSubType":"audio","fileName":"kitchen.m4a","fileSize":78708,"val":"mc-aa1c47be0b1f8325fbde02a463817a5b.m4a","aid":"wtoZZomh2"}}}},"2qSTXkeDuK":{"id":"2qSTXkeDuK","type":"interactive","subtype":"interactiveCard","setup":{"animation":{"selectedKey":"fade"},"front":{"selectedKey":"fill","fill":{"opac":0.95,"rgb":"var(--TC3)"},"img":{"filt":{"opac":100,"gray":0,"blur":0,"tint":{"rgb":"#e50a4f","opac":0}},"pos":{"type":"crop","fit":{"bg":{"color":{"rgb":"#FFF","opac":100}},"vali":"center","hali":"center"},"crop":{"poi":{"x":552,"y":360}}},"measures":{"size":{"width":1080,"height":720}}},"txt":{"rType":"richtext","val":{"ops":[{"insert":"Our Item 6","attributes":{"color":"var(--TC1)","bold":true}},{"insert":"\n","attributes":{"align":"center","size":"large"}}]}},"rType":"richtext","hali":"","vali":"middle","paddV1":10},"back":{"selectedKey":"fill","fill":{"opac":0.5,"rgb":"var(--TC2)"},"img":{"filt":{"opac":100,"gray":100,"blur":0,"tint":{"rgb":"#fff","opac":0.9}},"pos":{"type":"crop","fit":{"bg":{"color":{"rgb":"#FFF","opac":100}},"vali":"center","hali":"center"},"crop":{"poi":{"x":552,"y":360}}},"measures":{"size":{"width":1080,"height":720}}},"rType":"richtext","vali":"top","txt":{"rType":"richtext","val":{"ops":[{"insert":"We want to know why your idea makes sense, why it's  going to be a success, why a user would be interested on it. Once at this point, our strategy experts will challenge the limits and create intuitive, simple and beautiful designs.","attributes":{"color":"var(--TC3)"}},{"insert":"\n","attributes":{"size":"normal"}}]}},"paddV1":15,"hali":""}}},"56TjwIv8T":{"id":"56TjwIv8T","type":"interactive","subtype":"interactivePodCast","setup":{"bg":{"selectedKey":"image","fill":{"opac":1,"rgb":"#FFF"},"img":{"filt":{"opac":100,"gray":0,"blur":0,"tint":{"rgb":"#FFF","opac":0}},"pos":{"type":"fit","fit":{"bg":{"color":{"rgb":"#FFF","opac":100}},"vali":"center","hali":"center"},"crop":{"bg":{"color":{"rgb":"#FFF","opac":0}},"poi":{"x":715,"y":946}},"mask":{"shape":1}},"measures":{"size":{"width":1414,"height":2000}},"orig":{"rType":"asset","rSubType":"image","fileName":"DINNING ROOM (7).png","fileSize":755519,"val":"mc-b114fef3ca5bf8c61f3c84dc34ead78b.png","aid":"v2QaULkvo"}}},"audio":{"orig":{"rType":"asset","rSubType":"audio","fileName":"living room.m4a","fileSize":119801,"val":"mc-876ff13d59174e9d4e53f08bae8886a2.m4a","aid":"vwydyZq2c"}}}},"gGWP2tsuG":{"id":"gGWP2tsuG","type":"interactive","subtype":"interactivePodCast","setup":{"bg":{"selectedKey":"image","fill":{"opac":1,"rgb":"#FFF"},"img":{"filt":{"opac":100,"gray":0,"blur":0,"tint":{"rgb":"#FFF","opac":0}},"pos":{"type":"fit","fit":{"bg":{"color":{"rgb":"#FFF","opac":100}},"vali":"center","hali":"center"},"crop":{"bg":{"color":{"rgb":"#FFF","opac":0}},"poi":{"x":707,"y":964.5}},"mask":{"shape":1}},"measures":{"size":{"width":1414,"height":2000}},"orig":{"rType":"asset","rSubType":"image","fileName":"DINNING ROOM.png","fileSize":595208,"val":"mc-3bec66b7ff1a029db36d7dc7844ab643.png","aid":"g1xjphQxG"}}},"audio":{"orig":{"rType":"asset","rSubType":"audio","fileName":"dining room.m4a","fileSize":96076,"val":"mc-68bf25b4e393ee281db38d0d38d07c7c.m4a","aid":"ik3cgazp2"}}}},"yfXRXuCXd":{"id":"yfXRXuCXd","type":"interactive","subtype":"interactiveRichText","setup":{"frmeTp":{"selectedKey":"noneFrame"},"bg":{"fill":{"opac":0.35,"rgb":"#ff0000"}},"txt":{"val":{"ops":[{"insert":" ","attributes":{"bold":true,"color":"#1d1d1d","script":"super"}},{"insert":"\n","attributes":{"align":"center","size":"giant"}},{"insert":"PLACES OF THE HOUSE","attributes":{"bold":true,"color":"#ffff00","script":"super"}},{"insert":" ","attributes":{"bold":true,"color":"#ffffff","script":"super"}},{"insert":"\n","attributes":{"size":"giant","align":"center"}}]},"rType":"richtext"},"hali":"","vali":"middle"}},"K39WH01BGa":{"id":"K39WH01BGa","type":"interactive","subtype":"interactiveCard","setup":{"animation":{"selectedKey":"fade"},"front":{"selectedKey":"fill","fill":{"opac":0.7,"rgb":"var(--TC3)"},"img":{"filt":{"opac":100,"gray":0,"blur":0,"tint":{"rgb":"#e50a4f","opac":0}},"pos":{"type":"crop","fit":{"bg":{"color":{"rgb":"#FFF","opac":100}},"vali":"center","hali":"center"},"crop":{"poi":{"x":552,"y":360}}},"measures":{"size":{"width":1080,"height":720}}},"txt":{"rType":"richtext","val":{"ops":[{"insert":"Our Item 5","attributes":{"color":"var(--TC1)","bold":true}},{"insert":"\n","attributes":{"align":"center","size":"large"}}]}},"rType":"richtext","hali":"","vali":"middle","paddV1":10},"back":{"selectedKey":"fill","fill":{"opac":0.5,"rgb":"var(--TC2)"},"img":{"filt":{"opac":100,"gray":100,"blur":0,"tint":{"rgb":"#fff","opac":0.9}},"pos":{"type":"crop","fit":{"bg":{"color":{"rgb":"#FFF","opac":100}},"vali":"center","hali":"center"},"crop":{"poi":{"x":552,"y":360}}},"measures":{"size":{"width":1080,"height":720}}},"rType":"richtext","vali":"top","txt":{"rType":"richtext","val":{"ops":[{"insert":"We want to know why your idea makes sense, why it's  going to be a success, why a user would be interested on it. Once at this point, our strategy experts will challenge the limits and create intuitive, simple and beautiful designs.","attributes":{"color":"var(--TC3)"}},{"insert":"\n","attributes":{"size":"normal"}}]}},"paddV1":15,"hali":""}}}},"v":"1"}