[{"rType":"asset","rSubType":"image","fileName":"c6db77b9d9adf561ff79d1ef680c1461.png","fileSize":7808,"val":"mc-0a773fe03864935eb1af909b6d800d07.png","aid":"zAx4zrN3Pll","size":7808},{"rType":"asset","rSubType":"image","fileName":"boca-labios-dientes-dibujos-animados-mujer-sexy-parte-cuerpo_24911-12315.jpg","fileSize":31955,"val":"mc-bd86920f6579625f2c7c3fb9596aa50c.jpg","aid":"PX0xh2clTHd","size":31955},{"rType":"asset","rSubType":"image","fileName":"HH.jpg","fileSize":16848,"val":"mc-3c1c9c1255a5b1464eaff38102e7d3bd.jpg","aid":"oReYI4ldZWf","size":16848},{"rType":"asset","rSubType":"image","fileName":"anatomy-820792__340.jpg","fileSize":19325,"val":"mc-d37f14d9a6b3e41ebf681d96c74713cd.jpg","aid":"3mc3r27IR","size":19325},{"rType":"asset","rSubType":"image","fileName":"ear-5479153_1280.png","fileSize":268133,"val":"mc-2c537e9abb5931796b5fa75848074c2e.png","aid":"x9YL4_P4f","size":268133},{"rType":"asset","rSubType":"image","fileName":"unsplash.jpg","fileSize":0,"val":"mc-fef853b1973cd84967676d07de4c2d05.jpg","aid":"JFXTETbH7","size":128849},{"rType":"asset","rSubType":"image","fileName":"unsplash.jpg","fileSize":0,"val":"mc-2bdf984123efbaf1c6a58561c28ae404.jpg","aid":"ueX5yIka39","size":1095400},{"rType":"asset","rSubType":"image","fileName":"Captura.PNG","fileSize":26768,"val":"mc-a6d901358aade2dc37847fcd213732c0.PNG","aid":"5AlmPFagAc","size":26768},{"rType":"asset","rSubType":"image","fileName":"62337030-una-ilustración-de-un-pie-humano-de-dibujos-animados.jpg","fileSize":23420,"val":"mc-202cb8dc33adc28558f130b3a7772c08.jpg","aid":"ZI8bBhxqKb8","size":23420},{"rType":"asset","rSubType":"image","fileName":"1.PNG","fileSize":17331,"val":"mc-a001f362b2f0ed67bc0bf8ae2e90114f.PNG","aid":"v8i7FUJZ0O","size":17331},{"rType":"asset","rSubType":"image","fileName":"mano-dibujos-animados_60352-2661.jpg","fileSize":43264,"val":"mc-66d3cc90b7b93638cbdc6f831c6d07e9.jpg","aid":"nXqzkA6smwi","size":43264},{"rType":"asset","rSubType":"image","fileName":"imagen_8.jpg","fileSize":66053,"val":"mc-76e51f97be2ca5d73ae89659af0b2a88.jpg","aid":"fb4_uyqsu9j","size":66053},{"rType":"asset","rSubType":"image","fileName":"Ñ.PNG","fileSize":15723,"val":"mc-36c100c9e71f4c1553c8db95fe88348e.PNG","aid":"sLAExaZScIq","size":15723},{"rType":"asset","rSubType":"image","fileName":"images.png","fileSize":3310,"val":"mc-2bacd6ebafa22e0c4b7c26dd9c09435f.png","aid":"QsqVv665LZL","size":3310},{"rType":"asset","rSubType":"image","fileName":"descarga (2).jpg","fileSize":4315,"val":"mc-e65c843fc740e166a632eb656fe2e985.jpg","aid":"wgZCNWZK_6j","size":4315},{"rType":"asset","rSubType":"image","fileName":"88720946-icono-de-articulación-del-codo-.jpg","fileSize":9009,"val":"mc-c734b03114ec5a6d23a103683e89d8f9.jpg","aid":"bW7_Vq_cOcB","size":9009},{"rType":"asset","rSubType":"image","fileName":"depositphotos_12800834-stock-illustration-nose.jpg","fileSize":17237,"val":"mc-2d80573d4c27adb92fa92b41e5c21f40.jpg","aid":"4FnzmX65eU","size":17237},{"rType":"asset","rSubType":"image","fileName":"55785730-la-lengua-pegada-a.jpg","fileSize":61467,"val":"mc-1594d47b3fe92f997997e6dbe4ebe0e6.jpg","aid":"nNFO1A4mK0k","size":61467}]