{"i":{"kFP-r3Jv-":{"id":"kFP-r3Jv-","type":"slide","setup":{"transparentBg":{"selectedKey":false},"bord":{"size":13,"rad":10},"bg":{"selectedKey":"fill","fill":{"opac":0.24,"rgb":"var(--TC5)"},"img":{"filt":{"opac":100,"gray":0,"blur":0,"tint":{"rgb":"var(--TC3)","opac":0.5,"blendMode":"multiply"}},"pos":{"type":"crop","fit":{"bg":{"color":{"rgb":"#FFF","opac":100}},"vali":"center","hali":"center"},"crop":{"poi":{"x":618,"y":1064}}},"measures":{"size":{"width":1080,"height":1349}}}}}},"C5IAYIym0D":{"id":"C5IAYIym0D","type":"interactive","subtype":"interactiveCard","setup":{"animation":{"selectedKey":"rotateH"},"front":{"selectedKey":"fill","fill":{"opac":0.7,"rgb":"var(--TC3)"},"img":{"filt":{"opac":100,"gray":0,"blur":0,"tint":{"rgb":"#e50a4f","opac":0}},"pos":{"type":"crop","fit":{"bg":{"color":{"rgb":"#FFF","opac":100}},"vali":"center","hali":"center"},"crop":{"poi":{"x":552,"y":360}}},"measures":{"size":{"width":1080,"height":720}}},"txt":{"rType":"richtext","val":{"ops":[{"insert":"\n"},{"insert":"BODY PARTS","attributes":{"script":"super","bold":true,"color":"#071ff3"}},{"insert":"\n","attributes":{"size":"giant","align":"center"}}]}},"rType":"richtext","hali":"","vali":"middle","paddV1":10},"back":{"selectedKey":"fill","fill":{"opac":0.5,"rgb":"var(--TC2)"},"img":{"filt":{"opac":100,"gray":100,"blur":0,"tint":{"rgb":"#fff","opac":0.9}},"pos":{"type":"crop","fit":{"bg":{"color":{"rgb":"#FFF","opac":100}},"vali":"center","hali":"center"},"crop":{"poi":{"x":552,"y":360}}},"measures":{"size":{"width":1080,"height":720}}},"rType":"richtext","vali":"top","txt":{"rType":"richtext","val":{"ops":[{"insert":"We want to know why your idea makes sense, why it's  going to be a success, why a user would be interested on it. Once at this point, our strategy experts will challenge the limits and create intuitive, simple and beautiful designs.","attributes":{"color":"var(--TC3)"}},{"insert":"\n","attributes":{"size":"normal"}}]}},"paddV1":15,"hali":""}}},"_bZI5HovAD":{"id":"_bZI5HovAD","type":"interactive","subtype":"interactiveCard","setup":{"animation":{"selectedKey":"rotateH"},"front":{"selectedKey":"image","fill":{"opac":0.95,"rgb":"var(--TC3)"},"img":{"filt":{"opac":100,"gray":0,"blur":0,"tint":{"rgb":"#e50a4f","opac":0}},"pos":{"type":"crop","fit":{"bg":{"color":{"rgb":"#FFF","opac":100}},"vali":"center","hali":"center"},"crop":{"poi":{"x":1104,"y":684},"bg":{"color":{"rgb":"var(--TC3)","opac":1}}}},"measures":{"size":{"width":1224,"height":1280}},"orig":{"rType":"asset","rSubType":"image","fileName":"ear-5479153_1280.png","fileSize":268133,"val":"mc-2c537e9abb5931796b5fa75848074c2e.png","aid":"x9YL4_P4f"}},"txt":{"rType":"richtext","val":{"ops":[{"insert":" OREJA ","attributes":{"background":"#071ff3","color":"var(--TC14)","bold":true}},{"insert":"\n\n\n","attributes":{"align":"center","size":"large"}}]}},"rType":"richtext","hali":"","vali":"top","paddV1":10},"back":{"selectedKey":"fill","fill":{"opac":0.42,"rgb":"var(--TC5)"},"img":{"filt":{"opac":100,"gray":100,"blur":0,"tint":{"rgb":"#fff","opac":0.9}},"pos":{"type":"crop","fit":{"bg":{"color":{"rgb":"#FFF","opac":100}},"vali":"center","hali":"center"},"crop":{"poi":{"x":552,"y":360}}},"measures":{"size":{"width":1080,"height":720}}},"rType":"richtext","vali":"top","txt":{"rType":"richtext","val":{"ops":[{"insert":"\n","attributes":{"size":"large"}},{"insert":"SINGULAR:","attributes":{"color":"var(--TC3)"}},{"insert":"\n\n","attributes":{"size":"large"}},{"insert":"EAR","attributes":{"bold":true,"color":"var(--TC3)","script":"super"}},{"insert":"\n","attributes":{"size":"huge","align":"center"}},{"insert":"PLURAL:","attributes":{"color":"var(--TC3)"}},{"insert":"\n","attributes":{"size":"large"}},{"insert":"\n","attributes":{"size":"large","align":"center"}},{"insert":"EARS","attributes":{"script":"super","color":"var(--TC3)","bold":true}},{"insert":"\n","attributes":{"size":"huge","align":"center"}},{"insert":"\n","attributes":{"size":"normal"}}]}},"paddV1":15,"hali":""}}},"yR0-kU6C25":{"id":"yR0-kU6C25","type":"interactive","subtype":"interactiveCard","setup":{"animation":{"selectedKey":"rotateH"},"front":{"selectedKey":"image","fill":{"opac":0.95,"rgb":"var(--TC3)"},"img":{"filt":{"opac":100,"gray":0,"blur":0,"tint":{"rgb":"#e50a4f","opac":0}},"pos":{"type":"fit","fit":{"bg":{"color":{"rgb":"var(--TC14)","opac":100}},"vali":"center","hali":"center"},"crop":{"poi":{"x":79.5,"y":79.5}}},"measures":{"size":{"width":148,"height":160}},"orig":{"rType":"asset","rSubType":"image","fileName":"Captura.PNG","fileSize":26768,"val":"mc-a6d901358aade2dc37847fcd213732c0.PNG","aid":"5AlmPFagAc"}},"txt":{"rType":"richtext","val":{"ops":[{"insert":" CABEZA ","attributes":{"background":"#071ff3","color":"var(--TC14)","bold":true}},{"insert":"\n","attributes":{"align":"center","size":"large"}}]}},"rType":"richtext","hali":"","vali":"top","paddV1":10},"back":{"selectedKey":"fill","fill":{"opac":0.42,"rgb":"var(--TC5)"},"img":{"filt":{"opac":100,"gray":100,"blur":0,"tint":{"rgb":"#fff","opac":0.9}},"pos":{"type":"crop","fit":{"bg":{"color":{"rgb":"#FFF","opac":100}},"vali":"center","hali":"center"},"crop":{"poi":{"x":552,"y":360}}},"measures":{"size":{"width":1080,"height":720}}},"rType":"richtext","vali":"middle","txt":{"rType":"richtext","val":{"ops":[{"insert":"SINGULAR:","attributes":{"color":"var(--TC14)"}},{"insert":"\n","attributes":{"size":"large"}},{"insert":"HEAD","attributes":{"color":"var(--TC14)","bold":true,"script":"sub"}},{"insert":"\n\n","attributes":{"align":"center","size":"huge"}},{"insert":"PLURAL:","attributes":{"color":"var(--TC14)"}},{"insert":"\n","attributes":{"size":"large"}},{"insert":"\n","attributes":{"align":"center","size":"large"}},{"insert":"HEADS","attributes":{"color":"var(--TC14)","bold":true,"script":"super"}},{"insert":"\n","attributes":{"align":"center","size":"huge"}},{"insert":"\n","attributes":{"size":"large","align":"center"}}]}},"paddV1":15,"hali":""}}},"vNwpeKHTk8":{"id":"vNwpeKHTk8","type":"interactive","subtype":"interactiveCard","setup":{"animation":{"selectedKey":"rotateH"},"front":{"selectedKey":"image","fill":{"opac":0.7,"rgb":"var(--TC3)"},"img":{"filt":{"opac":100,"gray":0,"blur":0,"tint":{"rgb":"#e50a4f","opac":0}},"pos":{"type":"fit","fit":{"bg":{"color":{"rgb":"#FFF","opac":100}},"vali":"center","hali":"center"},"crop":{"poi":{"x":103.5,"y":51}}},"measures":{"size":{"width":212,"height":103}},"orig":{"rType":"asset","rSubType":"image","fileName":"1.PNG","fileSize":17331,"val":"mc-a001f362b2f0ed67bc0bf8ae2e90114f.PNG","aid":"v8i7FUJZ0O"}},"txt":{"rType":"richtext","val":{"ops":[{"insert":" OJOS ","attributes":{"background":"#071ff3","color":"var(--TC14)","bold":true}},{"insert":"\n","attributes":{"align":"center","size":"large"}},{"insert":"﻿","attributes":{"color":"var(--TC1)","bold":true}},{"insert":"\n","attributes":{"align":"center","size":"large"}}]}},"rType":"richtext","hali":"","vali":"top","paddV1":10},"back":{"selectedKey":"fill","fill":{"opac":0.42,"rgb":"var(--TC5)"},"img":{"filt":{"opac":100,"gray":100,"blur":0,"tint":{"rgb":"#fff","opac":0.9}},"pos":{"type":"crop","fit":{"bg":{"color":{"rgb":"#FFF","opac":100}},"vali":"center","hali":"center"},"crop":{"poi":{"x":552,"y":360}}},"measures":{"size":{"width":1080,"height":720}}},"rType":"richtext","vali":"middle","txt":{"rType":"richtext","val":{"ops":[{"insert":"SINGULAR:","attributes":{"color":"var(--TC3)"}},{"insert":"\n\n","attributes":{"size":"large"}},{"insert":"EYE","attributes":{"bold":true,"color":"var(--TC3)","script":"super"}},{"insert":"\n","attributes":{"size":"huge","align":"center"}},{"insert":"PLURAL:","attributes":{"color":"var(--TC3)"}},{"insert":"\n","attributes":{"size":"large"}},{"insert":"\n","attributes":{"size":"large","align":"center"}},{"insert":"EYES","attributes":{"bold":true,"color":"var(--TC3)","script":"super"}},{"insert":"\n","attributes":{"size":"huge","align":"center"}},{"insert":"\n","attributes":{"size":"large"}}]}},"paddV1":15,"hali":""}}},"9rP5kGETQC":{"id":"9rP5kGETQC","type":"interactive","subtype":"interactiveCard","setup":{"animation":{"selectedKey":"rotateH"},"front":{"selectedKey":"image","fill":{"opac":0.7,"rgb":"var(--TC3)"},"img":{"filt":{"opac":100,"gray":0,"blur":0,"tint":{"rgb":"#e50a4f","opac":0}},"pos":{"type":"fit","fit":{"bg":{"color":{"rgb":"#FFF","opac":100}},"vali":"center","hali":"center"},"crop":{"poi":{"x":209.5,"y":300}}},"measures":{"size":{"width":378,"height":600}},"orig":{"rType":"asset","rSubType":"image","fileName":"depositphotos_12800834-stock-illustration-nose.jpg","fileSize":17237,"val":"mc-2d80573d4c27adb92fa92b41e5c21f40.jpg","aid":"4FnzmX65eU"}},"txt":{"rType":"richtext","val":{"ops":[{"insert":" NARIZ ","attributes":{"background":"#071ff3","color":"var(--TC14)","bold":true}},{"insert":"\n","attributes":{"align":"center","size":"large"}}]}},"rType":"richtext","hali":"","vali":"top","paddV1":10},"back":{"selectedKey":"fill","fill":{"opac":0.42,"rgb":"var(--TC5)"},"img":{"filt":{"opac":100,"gray":100,"blur":0,"tint":{"rgb":"#fff","opac":0.9}},"pos":{"type":"crop","fit":{"bg":{"color":{"rgb":"#FFF","opac":100}},"vali":"center","hali":"center"},"crop":{"poi":{"x":552,"y":360}}},"measures":{"size":{"width":1080,"height":720}}},"rType":"richtext","vali":"top","txt":{"rType":"richtext","val":{"ops":[{"insert":"\n","attributes":{"size":"large"}},{"insert":"SINGULAR:","attributes":{"color":"var(--TC3)"}},{"insert":"\n\n","attributes":{"size":"large"}},{"insert":"NOSE","attributes":{"script":"super","bold":true,"color":"var(--TC3)"}},{"insert":"\n","attributes":{"size":"huge","align":"center"}},{"insert":"PLURAL:","attributes":{"color":"var(--TC3)"}},{"insert":"\n","attributes":{"size":"large"}},{"insert":"\n","attributes":{"size":"large","align":"center"}},{"insert":"NOSES","attributes":{"bold":true,"color":"var(--TC3)","script":"super"}},{"insert":"\n","attributes":{"align":"center","size":"huge"}},{"insert":"\n","attributes":{"size":"normal"}}]}},"paddV1":15,"hali":""}}}},"v":"1"}