{"i":{"U8-oZTqrq":{"id":"U8-oZTqrq","type":"slide","setup":{"transparentBg":{"selectedKey":false},"bord":{"size":13,"rad":10},"bg":{"selectedKey":"fill","fill":{"opac":0.3,"rgb":"var(--TC5)"},"img":{"filt":{"opac":100,"gray":0,"blur":0,"tint":{"rgb":"var(--TC3)","opac":0.5,"blendMode":"multiply"}},"pos":{"type":"crop","fit":{"bg":{"color":{"rgb":"#FFF","opac":100}},"vali":"center","hali":"center"},"crop":{"poi":{"x":618,"y":1064}}},"measures":{"size":{"width":1080,"height":1349}}}}}},"Dzqncd27Xa":{"id":"Dzqncd27Xa","type":"interactive","subtype":"interactiveCard","setup":{"animation":{"selectedKey":"rotateH"},"front":{"selectedKey":"fill","fill":{"opac":0.7,"rgb":"var(--TC3)"},"img":{"filt":{"opac":100,"gray":0,"blur":0,"tint":{"rgb":"#e50a4f","opac":0}},"pos":{"type":"crop","fit":{"bg":{"color":{"rgb":"#FFF","opac":100}},"vali":"center","hali":"center"},"crop":{"poi":{"x":552,"y":360}}},"measures":{"size":{"width":1080,"height":720}}},"txt":{"rType":"richtext","val":{"ops":[{"insert":"BODY PARTS","attributes":{"script":"super","bold":true,"color":"#071ff3"}},{"insert":"\n","attributes":{"size":"giant","align":"center"}}]}},"rType":"richtext","hali":"","vali":"top","paddV1":10},"back":{"selectedKey":"fill","fill":{"opac":0.5,"rgb":"var(--TC2)"},"img":{"filt":{"opac":100,"gray":100,"blur":0,"tint":{"rgb":"#fff","opac":0.9}},"pos":{"type":"crop","fit":{"bg":{"color":{"rgb":"#FFF","opac":100}},"vali":"center","hali":"center"},"crop":{"poi":{"x":552,"y":360}}},"measures":{"size":{"width":1080,"height":720}}},"rType":"richtext","vali":"top","txt":{"rType":"richtext","val":{"ops":[{"insert":"We want to know why your idea makes sense, why it's  going to be a success, why a user would be interested on it. Once at this point, our strategy experts will challenge the limits and create intuitive, simple and beautiful designs.","attributes":{"color":"var(--TC3)"}},{"insert":"\n","attributes":{"size":"normal"}}]}},"paddV1":15,"hali":""}}},"FOOTE5Gri5":{"id":"FOOTE5Gri5","type":"interactive","subtype":"interactiveCard","setup":{"animation":{"selectedKey":"rotateH"},"front":{"selectedKey":"image","fill":{"opac":0.95,"rgb":"var(--TC3)"},"img":{"filt":{"opac":100,"gray":0,"blur":0,"tint":{"rgb":"#e50a4f","opac":0}},"pos":{"type":"fit","fit":{"bg":{"color":{"rgb":"#FFF","opac":100}},"vali":"center","hali":"center"},"crop":{"poi":{"x":261,"y":240}}},"measures":{"size":{"width":632,"height":482}},"orig":{"rType":"asset","rSubType":"image","fileName":"imagen_8.jpg","fileSize":66053,"val":"mc-76e51f97be2ca5d73ae89659af0b2a88.jpg","aid":"fb4_uyqsu9j"}},"txt":{"rType":"richtext","val":{"ops":[{"insert":"\n","attributes":{"align":"center","size":"large"}},{"insert":" BRAZO ","attributes":{"background":"#071ff3","bold":true,"color":"var(--TC14)"}},{"insert":"\n","attributes":{"align":"center","size":"large"}}]}},"rType":"richtext","hali":"","vali":"top","paddV1":10},"back":{"selectedKey":"fill","fill":{"opac":0.42,"rgb":"var(--TC5)"},"img":{"filt":{"opac":100,"gray":100,"blur":0,"tint":{"rgb":"#fff","opac":0.9}},"pos":{"type":"crop","fit":{"bg":{"color":{"rgb":"#FFF","opac":100}},"vali":"center","hali":"center"},"crop":{"poi":{"x":552,"y":360}}},"measures":{"size":{"width":1080,"height":720}}},"rType":"richtext","vali":"top","txt":{"rType":"richtext","val":{"ops":[{"insert":"\n","attributes":{"size":"large"}},{"insert":"SINGULAR:","attributes":{"color":"var(--TC3)"}},{"insert":"\n\n","attributes":{"size":"large"}},{"insert":"ARM","attributes":{"script":"super","color":"var(--TC3)","bold":true}},{"insert":"\n","attributes":{"size":"huge","align":"center"}},{"insert":"PLURAL:","attributes":{"color":"var(--TC3)"}},{"insert":"\n","attributes":{"size":"large"}},{"insert":"\n","attributes":{"size":"large","align":"center"}},{"insert":"ARMS","attributes":{"script":"super","color":"var(--TC3)","bold":true}},{"insert":"\n","attributes":{"size":"huge","align":"center"}},{"insert":"\n","attributes":{"size":"normal"}}]}},"paddV1":15,"hali":""}}},"rQl67S6_k4":{"id":"rQl67S6_k4","type":"interactive","subtype":"interactiveCard","setup":{"animation":{"selectedKey":"rotateH"},"front":{"selectedKey":"image","fill":{"opac":0.95,"rgb":"var(--TC3)"},"img":{"filt":{"opac":100,"gray":0,"blur":0,"tint":{"rgb":"#e50a4f","opac":0}},"pos":{"type":"fit","fit":{"bg":{"color":{"rgb":"var(--TC14)","opac":100}},"vali":"center","hali":"center"},"crop":{"poi":{"x":63,"y":70}}},"measures":{"size":{"width":161,"height":160}},"orig":{"rType":"asset","rSubType":"image","fileName":"Ñ.PNG","fileSize":15723,"val":"mc-36c100c9e71f4c1553c8db95fe88348e.PNG","aid":"sLAExaZScIq"}},"txt":{"rType":"richtext","val":{"ops":[{"insert":"\n","attributes":{"align":"center","size":"large"}},{"insert":" ESPALDA ","attributes":{"background":"#071ff3","bold":true,"color":"var(--TC14)"}},{"insert":"\n","attributes":{"align":"center","size":"large"}}]}},"rType":"richtext","hali":"","vali":"top","paddV1":10},"back":{"selectedKey":"fill","fill":{"opac":0.42,"rgb":"var(--TC5)"},"img":{"filt":{"opac":100,"gray":100,"blur":0,"tint":{"rgb":"#fff","opac":0.9}},"pos":{"type":"crop","fit":{"bg":{"color":{"rgb":"#FFF","opac":100}},"vali":"center","hali":"center"},"crop":{"poi":{"x":552,"y":360}}},"measures":{"size":{"width":1080,"height":720}}},"rType":"richtext","vali":"middle","txt":{"rType":"richtext","val":{"ops":[{"insert":"SINGULAR:","attributes":{"color":"var(--TC14)"}},{"insert":"\n","attributes":{"size":"large"}},{"insert":"BACK","attributes":{"color":"var(--TC14)","bold":true,"script":"sub"}},{"insert":"\n\n","attributes":{"align":"center","size":"huge"}},{"insert":"PLURAL:","attributes":{"color":"var(--TC14)"}},{"insert":"\n","attributes":{"size":"large"}},{"insert":"\n","attributes":{"align":"center","size":"large"}},{"insert":"BACKS","attributes":{"color":"var(--TC14)","bold":true,"script":"super"}},{"insert":"\n","attributes":{"align":"center","size":"huge"}},{"insert":"\n","attributes":{"size":"large","align":"center"}}]}},"paddV1":15,"hali":""}}},"f7W-V4r3SF":{"id":"f7W-V4r3SF","type":"interactive","subtype":"interactiveCard","setup":{"animation":{"selectedKey":"rotateH"},"front":{"selectedKey":"image","fill":{"opac":0.7,"rgb":"var(--TC3)"},"img":{"filt":{"opac":100,"gray":0,"blur":0,"tint":{"rgb":"#e50a4f","opac":0}},"pos":{"type":"fit","fit":{"bg":{"color":{"rgb":"#FFF","opac":100}},"vali":"center","hali":"center"},"crop":{"poi":{"x":108,"y":112.5}}},"measures":{"size":{"width":225,"height":225}},"orig":{"rType":"asset","rSubType":"image","fileName":"images.png","fileSize":3310,"val":"mc-2bacd6ebafa22e0c4b7c26dd9c09435f.png","aid":"QsqVv665LZL"}},"txt":{"rType":"richtext","val":{"ops":[{"insert":"\n","attributes":{"align":"center","size":"large"}},{"insert":" HOMBRO ","attributes":{"background":"#071ff3","bold":true,"color":"var(--TC14)"}},{"insert":"\n","attributes":{"align":"center","size":"large"}}]}},"rType":"richtext","hali":"","vali":"top","paddV1":10},"back":{"selectedKey":"fill","fill":{"opac":0.42,"rgb":"var(--TC5)"},"img":{"filt":{"opac":100,"gray":100,"blur":0,"tint":{"rgb":"#fff","opac":0.9}},"pos":{"type":"crop","fit":{"bg":{"color":{"rgb":"#FFF","opac":100}},"vali":"center","hali":"center"},"crop":{"poi":{"x":552,"y":360}}},"measures":{"size":{"width":1080,"height":720}}},"rType":"richtext","vali":"middle","txt":{"rType":"richtext","val":{"ops":[{"insert":"SHOULDER","attributes":{"color":"var(--TC14)","bold":true}},{"insert":"\n\n","attributes":{"size":"large"}}]}},"paddV1":15,"hali":""}}},"OwcxIW6iZ6":{"id":"OwcxIW6iZ6","type":"interactive","subtype":"interactiveCard","setup":{"animation":{"selectedKey":"rotateH"},"front":{"selectedKey":"image","fill":{"opac":0.7,"rgb":"var(--TC3)"},"img":{"filt":{"opac":100,"gray":0,"blur":0,"tint":{"rgb":"#e50a4f","opac":0}},"pos":{"type":"fit","fit":{"bg":{"color":{"rgb":"#FFF","opac":100}},"vali":"center","hali":"center"},"crop":{"poi":{"x":192,"y":225}}},"measures":{"size":{"width":450,"height":450}},"orig":{"rType":"asset","rSubType":"image","fileName":"88720946-icono-de-articulación-del-codo-.jpg","fileSize":9009,"val":"mc-c734b03114ec5a6d23a103683e89d8f9.jpg","aid":"bW7_Vq_cOcB"}},"txt":{"rType":"richtext","val":{"ops":[{"insert":"\n","attributes":{"align":"center","size":"large"}},{"insert":" CODO ","attributes":{"background":"#071ff3","bold":true,"color":"var(--TC14)"}},{"insert":"\n","attributes":{"align":"center","size":"large"}}]}},"rType":"richtext","hali":"","vali":"top","paddV1":10},"back":{"selectedKey":"fill","fill":{"opac":0.42,"rgb":"var(--TC5)"},"img":{"filt":{"opac":100,"gray":100,"blur":0,"tint":{"rgb":"#fff","opac":0.9}},"pos":{"type":"crop","fit":{"bg":{"color":{"rgb":"#FFF","opac":100}},"vali":"center","hali":"center"},"crop":{"poi":{"x":552,"y":360}}},"measures":{"size":{"width":1080,"height":720}}},"rType":"richtext","vali":"top","txt":{"rType":"richtext","val":{"ops":[{"insert":"\n","attributes":{"size":"large"}},{"insert":"SINGULAR:","attributes":{"color":"var(--TC3)"}},{"insert":"\n\n","attributes":{"size":"large"}},{"insert":"ELBOW","attributes":{"script":"super","color":"var(--TC3)","bold":true}},{"insert":"\n","attributes":{"size":"huge","align":"center"}},{"insert":"PLURAL:","attributes":{"color":"var(--TC3)"}},{"insert":"\n","attributes":{"size":"large"}},{"insert":"\n","attributes":{"size":"large","align":"center"}},{"insert":"ELBOWS","attributes":{"script":"super","color":"var(--TC3)","bold":true}},{"insert":"\n","attributes":{"size":"huge","align":"center"}},{"insert":"\n","attributes":{"size":"large"}},{"insert":"\n","attributes":{"size":"normal"}}]}},"paddV1":15,"hali":""}}}},"v":"1"}