{"i":{"xiURRGyE4":{"id":"xiURRGyE4","type":"slide","setup":{"transparentBg":{"selectedKey":false},"bord":{"size":13,"rad":10},"bg":{"selectedKey":"fill","fill":{"opac":0.42,"rgb":"var(--TC5)"},"img":{"filt":{"opac":100,"gray":0,"blur":0,"tint":{"rgb":"var(--TC3)","opac":0.5,"blendMode":"multiply"}},"pos":{"type":"crop","fit":{"bg":{"color":{"rgb":"#FFF","opac":100}},"vali":"center","hali":"center"},"crop":{"poi":{"x":618,"y":1064}}},"measures":{"size":{"width":1080,"height":1349}}}}}},"1qXlqXgtJd":{"id":"1qXlqXgtJd","type":"interactive","subtype":"interactiveCard","setup":{"animation":{"selectedKey":"rotateH"},"front":{"selectedKey":"image","fill":{"opac":0.7,"rgb":"var(--TC3)"},"img":{"filt":{"opac":100,"gray":0,"blur":0,"tint":{"rgb":"#e50a4f","opac":0}},"pos":{"type":"fit","fit":{"bg":{"color":{"rgb":"#FFF","opac":100}},"vali":"center","hali":"center"},"crop":{"poi":{"x":99,"y":99}}},"measures":{"size":{"width":200,"height":200}},"orig":{"rType":"asset","rSubType":"image","fileName":"c6db77b9d9adf561ff79d1ef680c1461.png","fileSize":7808,"val":"mc-0a773fe03864935eb1af909b6d800d07.png","aid":"zAx4zrN3Pll"}},"txt":{"rType":"richtext","val":{"ops":[{"insert":"\n","attributes":{"align":"center","size":"large"}},{"insert":" PIERNA ","attributes":{"background":"#071ff3","bold":true,"color":"var(--TC14)"}},{"insert":"\n","attributes":{"align":"center","size":"large"}}]}},"rType":"richtext","hali":"","vali":"top","paddV1":10},"back":{"selectedKey":"fill","fill":{"opac":0.42,"rgb":"var(--TC5)"},"img":{"filt":{"opac":100,"gray":100,"blur":0,"tint":{"rgb":"#fff","opac":0.9}},"pos":{"type":"crop","fit":{"bg":{"color":{"rgb":"#FFF","opac":100}},"vali":"center","hali":"center"},"crop":{"poi":{"x":552,"y":360}}},"measures":{"size":{"width":1080,"height":720}}},"rType":"richtext","vali":"middle","txt":{"rType":"richtext","val":{"ops":[{"insert":"SINGULAR:","attributes":{"color":"var(--TC3)"}},{"insert":"\n\n","attributes":{"size":"large"}},{"insert":"LEG","attributes":{"bold":true,"color":"var(--TC3)","script":"super"}},{"insert":"\n","attributes":{"size":"huge","align":"center"}},{"insert":"PLURAL:","attributes":{"color":"var(--TC3)"}},{"insert":"\n","attributes":{"size":"large"}},{"insert":"\n","attributes":{"size":"large","align":"center"}},{"insert":"LEGS","attributes":{"bold":true,"color":"var(--TC3)","script":"super"}},{"insert":"\n","attributes":{"size":"huge","align":"center"}},{"insert":"\n","attributes":{"size":"large"}}]}},"paddV1":15,"hali":""}}},"6Fug5jUzD4":{"id":"6Fug5jUzD4","type":"interactive","subtype":"interactiveCard","setup":{"animation":{"selectedKey":"rotateH"},"front":{"selectedKey":"image","fill":{"opac":0.95,"rgb":"var(--TC3)"},"img":{"filt":{"opac":100,"gray":0,"blur":0,"tint":{"rgb":"#e50a4f","opac":0}},"pos":{"type":"fit","fit":{"bg":{"color":{"rgb":"#FFF","opac":100}},"vali":"center","hali":"center"},"crop":{"poi":{"x":400,"y":360}}},"measures":{"size":{"width":800,"height":800}},"orig":{"rType":"asset","rSubType":"image","fileName":"HH.jpg","fileSize":16848,"val":"mc-3c1c9c1255a5b1464eaff38102e7d3bd.jpg","aid":"oReYI4ldZWf"}},"txt":{"rType":"richtext","val":{"ops":[{"insert":"\n","attributes":{"align":"center","size":"large"}},{"insert":" RODILLA ","attributes":{"background":"#071ff3","bold":true,"color":"var(--TC14)"}},{"insert":"\n","attributes":{"align":"center","size":"large"}}]}},"rType":"richtext","hali":"","vali":"top","paddV1":10},"back":{"selectedKey":"fill","fill":{"opac":0.42,"rgb":"var(--TC5)"},"img":{"filt":{"opac":100,"gray":100,"blur":0,"tint":{"rgb":"#fff","opac":0.9}},"pos":{"type":"crop","fit":{"bg":{"color":{"rgb":"#FFF","opac":100}},"vali":"center","hali":"center"},"crop":{"poi":{"x":552,"y":360}}},"measures":{"size":{"width":1080,"height":720}}},"rType":"richtext","vali":"top","txt":{"rType":"richtext","val":{"ops":[{"insert":"\n","attributes":{"size":"large"}},{"insert":"SINGULAR:","attributes":{"color":"var(--TC3)"}},{"insert":"\n\n","attributes":{"size":"large"}},{"insert":"KNEE","attributes":{"bold":true,"color":"var(--TC3)","script":"super"}},{"insert":"\n","attributes":{"size":"huge","align":"center"}},{"insert":"PLURAL:","attributes":{"color":"var(--TC3)"}},{"insert":"\n","attributes":{"size":"large"}},{"insert":"\n","attributes":{"size":"large","align":"center"}},{"insert":"KNEES","attributes":{"script":"super","color":"var(--TC3)","bold":true}},{"insert":"\n","attributes":{"size":"huge","align":"center"}},{"insert":"\n","attributes":{"size":"normal"}}]}},"paddV1":15,"hali":""}}},"BwANy0taFp":{"id":"BwANy0taFp","type":"interactive","subtype":"interactiveCard","setup":{"animation":{"selectedKey":"rotateH"},"front":{"selectedKey":"image","fill":{"opac":0.7,"rgb":"var(--TC3)"},"img":{"filt":{"opac":100,"gray":0,"blur":0,"tint":{"rgb":"#e50a4f","opac":0}},"pos":{"type":"fit","fit":{"bg":{"color":{"rgb":"#FFF","opac":100}},"vali":"center","hali":"center"},"crop":{"poi":{"x":264,"y":193.5}}},"measures":{"size":{"width":450,"height":388}},"orig":{"rType":"asset","rSubType":"image","fileName":"62337030-una-ilustración-de-un-pie-humano-de-dibujos-animados.jpg","fileSize":23420,"val":"mc-202cb8dc33adc28558f130b3a7772c08.jpg","aid":"ZI8bBhxqKb8"}},"txt":{"rType":"richtext","val":{"ops":[{"insert":"\n","attributes":{"align":"center","size":"large"}},{"insert":" PIE ","attributes":{"background":"#071ff3","bold":true,"color":"var(--TC14)"}},{"insert":"\n","attributes":{"align":"center","size":"large"}}]}},"rType":"richtext","hali":"","vali":"top","paddV1":10},"back":{"selectedKey":"fill","fill":{"opac":0.42,"rgb":"var(--TC5)"},"img":{"filt":{"opac":100,"gray":100,"blur":0,"tint":{"rgb":"#fff","opac":0.9}},"pos":{"type":"crop","fit":{"bg":{"color":{"rgb":"#FFF","opac":100}},"vali":"center","hali":"center"},"crop":{"poi":{"x":552,"y":360}}},"measures":{"size":{"width":1080,"height":720}}},"rType":"richtext","vali":"top","txt":{"rType":"richtext","val":{"ops":[{"insert":"\n","attributes":{"size":"large"}},{"insert":"SINGULAR:","attributes":{"color":"var(--TC3)"}},{"insert":"\n\n","attributes":{"size":"large"}},{"insert":"FOOT","attributes":{"script":"super","color":"var(--TC3)","bold":true}},{"insert":"\n","attributes":{"size":"huge","align":"center"}},{"insert":"PLURAL:","attributes":{"color":"var(--TC3)"}},{"insert":"\n","attributes":{"size":"large"}},{"insert":"\n","attributes":{"size":"large","align":"center"}},{"insert":"FEET","attributes":{"script":"super","color":"var(--TC3)","bold":true}},{"insert":"\n","attributes":{"size":"huge","align":"center"}},{"insert":"\n","attributes":{"size":"normal"}}]}},"paddV1":15,"hali":""}}},"WRSM8S_6jt":{"id":"WRSM8S_6jt","type":"interactive","subtype":"interactiveCard","setup":{"animation":{"selectedKey":"rotateH"},"front":{"selectedKey":"image","fill":{"opac":0.95,"rgb":"var(--TC3)"},"img":{"filt":{"opac":100,"gray":0,"blur":0,"tint":{"rgb":"#e50a4f","opac":0}},"pos":{"type":"fit","fit":{"bg":{"color":{"rgb":"var(--TC14)","opac":100}},"vali":"center","hali":"center"},"crop":{"poi":{"x":298,"y":313}}},"measures":{"size":{"width":626,"height":626}},"orig":{"rType":"asset","rSubType":"image","fileName":"mano-dibujos-animados_60352-2661.jpg","fileSize":43264,"val":"mc-66d3cc90b7b93638cbdc6f831c6d07e9.jpg","aid":"nXqzkA6smwi"}},"txt":{"rType":"richtext","val":{"ops":[{"insert":"\n","attributes":{"align":"center","size":"large"}},{"insert":" MANO ","attributes":{"background":"#071ff3","bold":true,"color":"var(--TC14)"}},{"insert":"\n","attributes":{"align":"center","size":"large"}}]}},"rType":"richtext","hali":"","vali":"top","paddV1":10},"back":{"selectedKey":"fill","fill":{"opac":0.42,"rgb":"var(--TC5)"},"img":{"filt":{"opac":100,"gray":100,"blur":0,"tint":{"rgb":"#fff","opac":0.9}},"pos":{"type":"crop","fit":{"bg":{"color":{"rgb":"#FFF","opac":100}},"vali":"center","hali":"center"},"crop":{"poi":{"x":552,"y":360}}},"measures":{"size":{"width":1080,"height":720}}},"rType":"richtext","vali":"middle","txt":{"rType":"richtext","val":{"ops":[{"insert":"SINGULAR:","attributes":{"color":"var(--TC14)"}},{"insert":"\n","attributes":{"size":"large"}},{"insert":"HAND","attributes":{"color":"var(--TC14)","bold":true,"script":"sub"}},{"insert":"\n\n","attributes":{"align":"center","size":"huge"}},{"insert":"PLURAL:","attributes":{"color":"var(--TC14)"}},{"insert":"\n","attributes":{"size":"large"}},{"insert":"\n","attributes":{"align":"center","size":"large"}},{"insert":"HANDS","attributes":{"color":"var(--TC14)","bold":true,"script":"super"}},{"insert":"\n","attributes":{"align":"center","size":"huge"}},{"insert":"\n","attributes":{"size":"large","align":"center"}}]}},"paddV1":15,"hali":""}}},"oM-6AJV768":{"id":"oM-6AJV768","type":"interactive","subtype":"interactiveCard","setup":{"animation":{"selectedKey":"rotateH"},"front":{"selectedKey":"fill","fill":{"opac":0.7,"rgb":"var(--TC3)"},"img":{"filt":{"opac":100,"gray":0,"blur":0,"tint":{"rgb":"#e50a4f","opac":0}},"pos":{"type":"crop","fit":{"bg":{"color":{"rgb":"#FFF","opac":100}},"vali":"center","hali":"center"},"crop":{"poi":{"x":552,"y":360}}},"measures":{"size":{"width":1080,"height":720}}},"txt":{"rType":"richtext","val":{"ops":[{"insert":"BODY PARTS","attributes":{"script":"super","bold":true,"color":"#071ff3"}},{"insert":"\n","attributes":{"align":"center","size":"giant"}}]}},"rType":"richtext","hali":"","vali":"top","paddV1":10},"back":{"selectedKey":"fill","fill":{"opac":0.5,"rgb":"var(--TC2)"},"img":{"filt":{"opac":100,"gray":100,"blur":0,"tint":{"rgb":"#fff","opac":0.9}},"pos":{"type":"crop","fit":{"bg":{"color":{"rgb":"#FFF","opac":100}},"vali":"center","hali":"center"},"crop":{"poi":{"x":552,"y":360}}},"measures":{"size":{"width":1080,"height":720}}},"rType":"richtext","vali":"top","txt":{"rType":"richtext","val":{"ops":[{"insert":"We want to know why your idea makes sense, why it's  going to be a success, why a user would be interested on it. Once at this point, our strategy experts will challenge the limits and create intuitive, simple and beautiful designs.","attributes":{"color":"var(--TC3)"}},{"insert":"\n","attributes":{"size":"normal"}}]}},"paddV1":15,"hali":""}}}},"v":"1"}