{"i":{"tOM72fOs6":{"id":"tOM72fOs6","type":"slide","setup":{"transparentBg":{"selectedKey":false},"bord":{"size":13,"rad":10},"bg":{"selectedKey":"fill","fill":{"opac":0.3,"rgb":"var(--TC5)"},"img":{"filt":{"opac":100,"gray":0,"blur":0,"tint":{"rgb":"var(--TC3)","opac":0.5,"blendMode":"multiply"}},"pos":{"type":"crop","fit":{"bg":{"color":{"rgb":"#FFF","opac":100}},"vali":"center","hali":"center"},"crop":{"poi":{"x":618,"y":1064}}},"measures":{"size":{"width":1080,"height":1349}}}}}},"cHrLACNtlJ":{"id":"cHrLACNtlJ","type":"interactive","subtype":"interactiveCard","setup":{"animation":{"selectedKey":"rotateH"},"front":{"selectedKey":"image","fill":{"opac":0.95,"rgb":"var(--TC3)"},"img":{"filt":{"opac":100,"gray":0,"blur":0,"tint":{"rgb":"#e50a4f","opac":0}},"pos":{"type":"fit","fit":{"bg":{"color":{"rgb":"var(--TC14)","opac":100}},"vali":"center","hali":"center"},"crop":{"poi":{"x":306,"y":255}}},"measures":{"size":{"width":626,"height":511}},"orig":{"rType":"asset","rSubType":"image","fileName":"boca-labios-dientes-dibujos-animados-mujer-sexy-parte-cuerpo_24911-12315.jpg","fileSize":31955,"val":"mc-bd86920f6579625f2c7c3fb9596aa50c.jpg","aid":"PX0xh2clTHd"}},"txt":{"rType":"richtext","val":{"ops":[{"insert":" BOCA ","attributes":{"background":"#071ff3","color":"var(--TC14)","bold":true}},{"insert":"\n","attributes":{"align":"center","size":"large"}}]}},"rType":"richtext","hali":"","vali":"top","paddV1":10},"back":{"selectedKey":"fill","fill":{"opac":0.42,"rgb":"var(--TC5)"},"img":{"filt":{"opac":100,"gray":100,"blur":0,"tint":{"rgb":"#fff","opac":0.9}},"pos":{"type":"crop","fit":{"bg":{"color":{"rgb":"#FFF","opac":100}},"vali":"center","hali":"center"},"crop":{"poi":{"x":552,"y":360}}},"measures":{"size":{"width":1080,"height":720}}},"rType":"richtext","vali":"middle","txt":{"rType":"richtext","val":{"ops":[{"insert":"SINGULAR:","attributes":{"script":"super","color":"var(--TC14)"}},{"insert":"\n","attributes":{"size":"large"}},{"insert":"MOUTH","attributes":{"color":"var(--TC14)","bold":true}},{"insert":"\n\n","attributes":{"size":"large","align":"center"}},{"insert":"PLURAL:","attributes":{"script":"super","color":"var(--TC14)"}},{"insert":"\n","attributes":{"size":"large"}},{"insert":"MOUTHS","attributes":{"color":"var(--TC14)","bold":true}},{"insert":"\n\n","attributes":{"size":"large","align":"center"}}]}},"paddV1":15,"hali":""}}},"dcIKMcsY3c":{"id":"dcIKMcsY3c","type":"interactive","subtype":"interactiveCard","setup":{"animation":{"selectedKey":"rotateH"},"front":{"selectedKey":"image","fill":{"opac":0.7,"rgb":"var(--TC3)"},"img":{"filt":{"opac":100,"gray":0,"blur":0,"tint":{"rgb":"#e50a4f","opac":0}},"pos":{"type":"fit","fit":{"bg":{"color":{"rgb":"#FFF","opac":100}},"vali":"center","hali":"center"},"crop":{"poi":{"x":169,"y":173}}},"measures":{"size":{"width":346,"height":340}},"orig":{"rType":"asset","rSubType":"image","fileName":"anatomy-820792__340.jpg","fileSize":19325,"val":"mc-d37f14d9a6b3e41ebf681d96c74713cd.jpg","aid":"3mc3r27IR"}},"txt":{"rType":"richtext","val":{"ops":[{"insert":" PECHO ","attributes":{"background":"#071ff3","color":"var(--TC14)","bold":true}},{"insert":"\n","attributes":{"size":"large","align":"center"}}]}},"rType":"richtext","hali":"","vali":"top","paddV1":10},"back":{"selectedKey":"fill","fill":{"opac":0.42,"rgb":"var(--TC5)"},"img":{"filt":{"opac":100,"gray":100,"blur":0,"tint":{"rgb":"#fff","opac":0.9}},"pos":{"type":"crop","fit":{"bg":{"color":{"rgb":"#FFF","opac":100}},"vali":"center","hali":"center"},"crop":{"poi":{"x":552,"y":360}}},"measures":{"size":{"width":1080,"height":720}}},"rType":"richtext","vali":"top","txt":{"rType":"richtext","val":{"ops":[{"insert":"\n","attributes":{"size":"large"}},{"attributes":{"size":"huge","align":"center"},"insert":"\n\n"},{"insert":"CHEST","attributes":{"bold":true,"color":"var(--TC3)"}},{"insert":"\n","attributes":{"align":"center","size":"huge"}},{"insert":"\n\n","attributes":{"size":"normal"}}]}},"paddV1":15,"hali":""}}},"KsBQLm2Ydx":{"id":"KsBQLm2Ydx","type":"interactive","subtype":"interactiveCard","setup":{"animation":{"selectedKey":"rotateH"},"front":{"selectedKey":"fill","fill":{"opac":0.7,"rgb":"var(--TC3)"},"img":{"filt":{"opac":100,"gray":0,"blur":0,"tint":{"rgb":"#e50a4f","opac":0}},"pos":{"type":"crop","fit":{"bg":{"color":{"rgb":"#FFF","opac":100}},"vali":"center","hali":"center"},"crop":{"poi":{"x":552,"y":360}}},"measures":{"size":{"width":1080,"height":720}}},"txt":{"rType":"richtext","val":{"ops":[{"insert":"BODY PARTS","attributes":{"bold":true,"script":"super","color":"#071ff3"}},{"insert":"\n","attributes":{"size":"giant","align":"center"}}]}},"rType":"richtext","hali":"","vali":"top","paddV1":10},"back":{"selectedKey":"fill","fill":{"opac":0.5,"rgb":"var(--TC2)"},"img":{"filt":{"opac":100,"gray":100,"blur":0,"tint":{"rgb":"#fff","opac":0.9}},"pos":{"type":"crop","fit":{"bg":{"color":{"rgb":"#FFF","opac":100}},"vali":"center","hali":"center"},"crop":{"poi":{"x":552,"y":360}}},"measures":{"size":{"width":1080,"height":720}}},"rType":"richtext","vali":"top","txt":{"rType":"richtext","val":{"ops":[{"insert":"We want to know why your idea makes sense, why it's  going to be a success, why a user would be interested on it. Once at this point, our strategy experts will challenge the limits and create intuitive, simple and beautiful designs.","attributes":{"color":"var(--TC3)"}},{"insert":"\n","attributes":{"size":"normal"}}]}},"paddV1":15,"hali":""}}},"T3UDhzPgce":{"id":"T3UDhzPgce","type":"interactive","subtype":"interactiveCard","setup":{"animation":{"selectedKey":"rotateH"},"front":{"selectedKey":"image","fill":{"opac":0.95,"rgb":"var(--TC3)"},"img":{"filt":{"opac":100,"gray":0,"blur":0,"tint":{"rgb":"#e50a4f","opac":0}},"pos":{"type":"fit","fit":{"bg":{"color":{"rgb":"#FFF","opac":100}},"vali":"center","hali":"center"},"crop":{"poi":{"x":84,"y":112.5}}},"measures":{"size":{"width":225,"height":225}},"orig":{"rType":"asset","rSubType":"image","fileName":"descarga (2).jpg","fileSize":4315,"val":"mc-e65c843fc740e166a632eb656fe2e985.jpg","aid":"wgZCNWZK_6j"}},"txt":{"rType":"richtext","val":{"ops":[{"insert":" CUELLO ","attributes":{"background":"#071ff3","bold":true,"color":"var(--TC14)"}},{"insert":"\n","attributes":{"align":"center","size":"large"}}]}},"rType":"richtext","hali":"","vali":"top","paddV1":10},"back":{"selectedKey":"fill","fill":{"opac":0.42,"rgb":"var(--TC5)"},"img":{"filt":{"opac":100,"gray":100,"blur":0,"tint":{"rgb":"#fff","opac":0.9}},"pos":{"type":"crop","fit":{"bg":{"color":{"rgb":"#FFF","opac":100}},"vali":"center","hali":"center"},"crop":{"poi":{"x":552,"y":360}}},"measures":{"size":{"width":1080,"height":720}}},"rType":"richtext","vali":"top","txt":{"rType":"richtext","val":{"ops":[{"insert":"\n","attributes":{"size":"large"}},{"insert":"SINGULAR:","attributes":{"color":"var(--TC3)"}},{"insert":"\n\n","attributes":{"size":"large"}},{"insert":"NECK","attributes":{"bold":true,"color":"var(--TC3)","script":"super"}},{"insert":"\n","attributes":{"size":"huge","align":"center"}},{"insert":"PLURAL:","attributes":{"color":"var(--TC3)"}},{"insert":"\n","attributes":{"size":"large"}},{"insert":"\n","attributes":{"size":"large","align":"center"}},{"insert":"NECKS","attributes":{"script":"super","color":"var(--TC3)","bold":true}},{"insert":"\n","attributes":{"size":"huge","align":"center"}},{"insert":"\n","attributes":{"size":"normal"}}]}},"paddV1":15,"hali":""}}},"ucFxZJLtq8":{"id":"ucFxZJLtq8","type":"interactive","subtype":"interactiveCard","setup":{"animation":{"selectedKey":"rotateH"},"front":{"selectedKey":"image","fill":{"opac":0.7,"rgb":"var(--TC3)"},"img":{"filt":{"opac":100,"gray":0,"blur":0,"tint":{"rgb":"#e50a4f","opac":0}},"pos":{"type":"fit","fit":{"bg":{"color":{"rgb":"#FFF","opac":100}},"vali":"center","hali":"center"},"crop":{"poi":{"x":186,"y":225}}},"measures":{"size":{"width":304,"height":450}},"orig":{"rType":"asset","rSubType":"image","fileName":"55785730-la-lengua-pegada-a.jpg","fileSize":61467,"val":"mc-1594d47b3fe92f997997e6dbe4ebe0e6.jpg","aid":"nNFO1A4mK0k"}},"txt":{"rType":"richtext","val":{"ops":[{"insert":" LENGUA ","attributes":{"background":"#071ff3","bold":true,"color":"var(--TC14)"}},{"insert":"\n","attributes":{"align":"center","size":"large"}}]}},"rType":"richtext","hali":"","vali":"top","paddV1":10},"back":{"selectedKey":"fill","fill":{"opac":0.42,"rgb":"var(--TC5)"},"img":{"filt":{"opac":100,"gray":100,"blur":0,"tint":{"rgb":"#fff","opac":0.9}},"pos":{"type":"crop","fit":{"bg":{"color":{"rgb":"#FFF","opac":100}},"vali":"center","hali":"center"},"crop":{"poi":{"x":552,"y":360}}},"measures":{"size":{"width":1080,"height":720}}},"rType":"richtext","vali":"middle","txt":{"rType":"richtext","val":{"ops":[{"insert":"SINGULAR:","attributes":{"script":"super","color":"var(--TC3)"}},{"insert":"\n","attributes":{"size":"large"}},{"insert":"TONGUE","attributes":{"bold":true,"color":"var(--TC3)"}},{"insert":"\n\n","attributes":{"size":"large","align":"center"}},{"insert":"PLURAL:","attributes":{"script":"super","color":"var(--TC3)"}},{"insert":"\n","attributes":{"size":"large"}},{"insert":"TONGUES","attributes":{"bold":true,"color":"var(--TC3)"}},{"insert":"\n","attributes":{"size":"large","align":"center"}},{"insert":"\n","attributes":{"size":"large"}}]}},"paddV1":15,"hali":""}}}},"v":"1"}