[{"rType":"asset","rSubType":"image","fileName":"unsplash.jpg","fileSize":0,"val":"mc-a9896aa68727d5dc702921dbfdc0f68c.jpg","aid":"gwcBgwQgRB","size":134638},{"rType":"asset","rSubType":"image","fileName":"numeros nuevos  (11).png","fileSize":50484,"val":"mc-2be1d65610688a2f5854e7b8d31084e0.png","aid":"Pu8SXCvkV","size":50484},{"rType":"asset","rSubType":"audio","fileName":"zero.m4a","fileSize":152881,"val":"mc-64e3145b57ed57820f4e353b1ecab697.m4a","aid":"_S0jRxvH9","size":152881},{"rType":"asset","rSubType":"image","fileName":"unsplash.jpg","fileSize":0,"val":"mc-a9896aa68727d5dc702921dbfdc0f68c.jpg","aid":"647fQ-hFgS","size":134638},{"rType":"asset","rSubType":"image","fileName":"#f0932b (14).png","fileSize":30964,"val":"mc-9da95a11c9d2bf3701d6c0d34b3742c5.png","aid":"qPzc-C5cF","size":30964},{"rType":"asset","rSubType":"audio","fileName":"3.4four.m4a","fileSize":162582,"val":"mc-30f0306ac1f17fd6249113cb699743ad.m4a","aid":"muG1kjCnE","size":162582},{"rType":"asset","rSubType":"image","fileName":"#f0932b (11).png","fileSize":28172,"val":"mc-0f984ce1fe5163d08fff4f36a1822736.png","aid":"WSAL0aycQ","size":28172},{"rType":"asset","rSubType":"audio","fileName":"3.1one.m4a","fileSize":205664,"val":"mc-9d0b387b38ec0638d6dbdfc5455cae2b.m4a","aid":"kYibBxJBy","size":205664},{"rType":"asset","rSubType":"image","fileName":"#f0932b (12).png","fileSize":44136,"val":"mc-bb6617294751df4799a571cb37311ba9.png","aid":"nJvve1U6X","size":44136},{"rType":"asset","rSubType":"audio","fileName":"3.2Two.m4a","fileSize":177090,"val":"mc-b84e06ab978042f6dfe73a472dc6f66e.m4a","aid":"32tC-1NRi","size":177090},{"rType":"asset","rSubType":"image","fileName":"unsplash.jpg","fileSize":0,"val":"mc-a9896aa68727d5dc702921dbfdc0f68c.jpg","aid":"i1rCfRjXha","size":134638},{"rType":"asset","rSubType":"image","fileName":"unsplash.jpg","fileSize":0,"val":"mc-a9896aa68727d5dc702921dbfdc0f68c.jpg","aid":"4uYfY6eIUh","size":134638},{"rType":"asset","rSubType":"image","fileName":"A (27).png","fileSize":196632,"aid":"4xdock94rj","val":"mc-5936a50c4e7fd478f278cae2e3044c02.png","size":196632},{"rType":"asset","rSubType":"image","fileName":"#f0932b (19).png","fileSize":43738,"val":"mc-fc4cb9d4db975ae88dd548a91da98cd8.png","aid":"RzIu5h6JN","size":43738},{"rType":"asset","rSubType":"audio","fileName":"3.9nine.m4a","fileSize":145561,"val":"mc-59f236a8095d77613efa5a06b1a1b951.m4a","aid":"oePbBY-7d","size":145561},{"rType":"asset","rSubType":"image","fileName":"#f0932b (20).png","fileSize":39735,"val":"mc-2ad3ef2c1c2637ca93a96347ecd08d05.png","aid":"l34oVf3U8","size":39735},{"rType":"asset","rSubType":"audio","fileName":"3.10Ten.m4a","fileSize":134297,"val":"mc-85a043ae6eb47cedbd4baba69195872b.m4a","aid":"B16CIFST2","size":134297},{"rType":"asset","rSubType":"image","fileName":"math-number-colorful-on-white-background-min.jpg","fileSize":765851,"val":"mc-8426ca9201fdfc347340d4983ed2e226.jpg","aid":"dAE8XVT6E","size":765851},{"rType":"asset","rSubType":"image","fileName":"unsplash.jpg","fileSize":0,"val":"mc-2bdf984123efbaf1c6a58561c28ae404.jpg","aid":"eKBBsU3JnR","size":1095400},{"rType":"asset","rSubType":"image","fileName":"unsplash.jpg","fileSize":0,"val":"mc-a9896aa68727d5dc702921dbfdc0f68c.jpg","aid":"qyYoZol18j","size":134638},{"rType":"asset","rSubType":"image","fileName":"#f0932b (16).png","fileSize":47018,"val":"mc-ef41e4165edcdb1c24f42f140b9491aa.png","aid":"yBtUn1bPw","size":47018},{"rType":"asset","rSubType":"audio","fileName":"3.6six.m4a","fileSize":155801,"val":"mc-6f8fae6efc8adca452dab8b058db55f7.m4a","aid":"EU3wtvqSP","size":155801},{"rType":"asset","rSubType":"image","fileName":"#f0932b (15).png","fileSize":31402,"val":"mc-192e3b6cbf82148fe11ade18f085485b.png","aid":"PElGNNqge","size":31402},{"rType":"asset","rSubType":"audio","fileName":"3.5five.m4a","fileSize":153293,"val":"mc-64ccff30b370a81320c0b822eff75abf.m4a","aid":"eVAl0eugO","size":153293},{"rType":"asset","rSubType":"image","fileName":"unsplash.jpg","fileSize":0,"val":"mc-a9896aa68727d5dc702921dbfdc0f68c.jpg","aid":"Keq-2P6lqY","size":134638},{"rType":"asset","rSubType":"image","fileName":"#f0932b (18).png","fileSize":42365,"val":"mc-8bcbda0773de3d28dacb0a52fbe5fbb9.png","aid":"8HZo9oYBo","size":42365},{"rType":"asset","rSubType":"audio","fileName":"3.8eight.m4a","fileSize":140819,"val":"mc-8e72e16fffa63f9443e7c9c10b873424.m4a","aid":"7wgBlkFEQ","size":140819},{"rType":"asset","rSubType":"image","fileName":"#f0932b (17).png","fileSize":36719,"val":"mc-f89dc19eae0dc4d011b5e49808cc4d7b.png","aid":"RPbKXhYQI","size":36719},{"rType":"asset","rSubType":"audio","fileName":"3.7seven.m4a","fileSize":161945,"val":"mc-23fb0edbde30cfe2f834ed917424fa44.m4a","aid":"ioPw2LE1r","size":161945},{"rType":"asset","rSubType":"image","fileName":"#f0932b (13).png","fileSize":40175,"val":"mc-c0a960111ce9c59f0c012f8cd936dcc0.png","aid":"NV-kUGaiF","size":40175},{"rType":"asset","rSubType":"audio","fileName":"3.3Three.m4a","fileSize":160108,"val":"mc-5361273a4c3903c358f2b2fd87f239ec.m4a","aid":"KN3Dz-o4F","size":160108}]