[{"rType":"asset","rSubType":"image","fileName":"road-1072823_1920.jpg","fileSize":1009717,"aid":"LxHkznIYk6","val":"mc-c08e251f3ccc21b6ca29ddcea5192452.jpg","size":1009717},{"rType":"asset","rSubType":"image","fileName":"ANIMALES (1).png","fileSize":1524527,"val":"mc-9d498397c0e3cf944d80c74cbf3a29b8.png","aid":"bjy4nHb0K","size":1524527},{"rType":"asset","rSubType":"audio","fileName":"elephant.m4a","fileSize":60569,"val":"mc-163e57599bc7759d6ac100ed1977244d.m4a","aid":"-EDA6IoR0","size":60569},{"rType":"asset","rSubType":"image","fileName":"road-1072823_1920.jpg","fileSize":1009717,"val":"mc-c08e251f3ccc21b6ca29ddcea5192452.jpg","aid":"W5QKylfwm","size":1009717},{"rType":"asset","rSubType":"image","fileName":"ANIMALES (5).png","fileSize":2063863,"val":"mc-9446bd4dd41e40fe200bf864b43255d8.png","aid":"6dP8NdbEF","size":2063863},{"rType":"asset","rSubType":"audio","fileName":"wolf.m4a","fileSize":45209,"val":"mc-eaa6903e111ebf28ef7d60e9b7f4f5f6.m4a","aid":"bFu6f8fdK","size":45209},{"rType":"asset","rSubType":"image","fileName":"ANIMALES (11).png","fileSize":1871508,"val":"mc-b2d17d0f3f79d95fbc6c945082289a11.png","aid":"clc4pslsJ","size":1871508},{"rType":"asset","rSubType":"audio","fileName":"toucan.m4a","fileSize":51353,"val":"mc-cd0207ffb6db807abaf520acbd07221a.m4a","aid":"brhk3yEX8","size":51353},{"rType":"asset","rSubType":"image","fileName":"road-1072823_1920.jpg","fileSize":1009717,"aid":"ipdVhWkkX7","val":"mc-c08e251f3ccc21b6ca29ddcea5192452.jpg","size":1009717},{"rType":"asset","rSubType":"image","fileName":"ANIMALES (10).png","fileSize":1563814,"val":"mc-85c4c77bdd47e1218319fce1a349c4ae.png","aid":"RTrUJM6E-","size":1563814},{"rType":"asset","rSubType":"audio","fileName":"pelican.m4a","fileSize":52377,"val":"mc-1b07382fc2edb1fe7202379a1786ef62.m4a","aid":"XpqZrlw6t","size":52377},{"rType":"asset","rSubType":"image","fileName":"leopard-515509_1920.jpg","fileSize":670882,"val":"mc-d3ee1da5b305ebf4e766f10ec4c8460c.jpg","aid":"nWXQJx7-t","size":670882},{"rType":"asset","rSubType":"image","fileName":"road-1072823_1920.jpg","fileSize":1009717,"aid":"OdfVa_dtOI","val":"mc-c08e251f3ccc21b6ca29ddcea5192452.jpg","size":1009717},{"rType":"asset","rSubType":"image","fileName":"ANIMALES (7).png","fileSize":1960317,"val":"mc-b9c8f782f7454776d346caab44eecbf6.png","aid":"dfr4j_hDS","size":1960317},{"rType":"asset","rSubType":"audio","fileName":"giraffe.m4a","fileSize":74717,"val":"mc-3abea4f7a24d11f91331f35fd753b042.m4a","aid":"j7wXdlnWk","size":74717},{"rType":"asset","rSubType":"image","fileName":"pelikan-3179859_1920.jpg","fileSize":547680,"val":"mc-a51f20e81cd7f8271597e932d645fa13.jpg","aid":"Ug-0kv84u","size":547680},{"rType":"asset","rSubType":"image","fileName":"rhea-bird-1438617_1920.jpg","fileSize":1170718,"val":"mc-8a31926c096e64b5b314606bd0f2982a.jpg","aid":"z5i3mDczC","size":1170718},{"rType":"asset","rSubType":"image","fileName":"wolf-2043464_1280.jpg","fileSize":238220,"val":"mc-48e0424ebc82474852a8f8a18772fc9b.jpg","aid":"z3LrU_etP","size":238220},{"rType":"asset","rSubType":"image","fileName":"bird-3193034_1920.jpg","fileSize":449234,"val":"mc-5d6bf108d39cb34ab29ac7ff3c348ddc.jpg","aid":"lR9kcUo0r","size":449234},{"rType":"asset","rSubType":"image","fileName":"elephant-2870777_1920.jpg","fileSize":363379,"val":"mc-ae765f1a5689fd3c4a22d0d3f8f5a633.jpg","aid":"OXnXNpzSV","size":363379},{"rType":"asset","rSubType":"image","fileName":"ANIMALES (13).png","fileSize":1197714,"val":"mc-2396dd9216fdb105d3d6fd3ae016852a.png","aid":"9deMBULzN","size":1197714},{"rType":"asset","rSubType":"audio","fileName":"pengui.m4a","fileSize":45209,"val":"mc-bf7b4310a56a542011522102b6eabf39.m4a","aid":"pVDBBeqpm","size":45209},{"rType":"asset","rSubType":"image","fileName":"unsplash.jpg","fileSize":0,"val":"mc-fef853b1973cd84967676d07de4c2d05.jpg","aid":"NlhJnqImUf","size":128849},{"rType":"asset","rSubType":"image","fileName":"unsplash.jpg","fileSize":0,"val":"mc-2bdf984123efbaf1c6a58561c28ae404.jpg","aid":"2ylUIwODMv","size":1095400},{"rType":"asset","rSubType":"image","fileName":"ANIMALES (2).png","fileSize":1043223,"val":"mc-efa7c5e980d89b4d2865b28fc7c0c784.png","aid":"wauGSDjJg","size":1043223},{"rType":"asset","rSubType":"audio","fileName":"lion.m4a","fileSize":48281,"val":"mc-241c600188f5cf0252aa0540955c3153.m4a","aid":"2o_Zyjqm7","size":48281},{"rType":"asset","rSubType":"image","fileName":"ANIMALES (9).png","fileSize":1509676,"val":"mc-11966ab1755c9f5011b672f5d18e5405.png","aid":"bxqIQmHJb","size":1509676},{"rType":"asset","rSubType":"audio","fileName":"eagle.m4a","fileSize":54425,"val":"mc-60293aa59cb04554d428480a783318dc.m4a","aid":"BgzpuSqTS","size":54425},{"rType":"asset","rSubType":"image","fileName":"ANIMALES (14).png","fileSize":1742824,"val":"mc-0d25ca83d156e53e26a07a432ebce8dd.png","aid":"vrxTz9NGa","size":1742824},{"rType":"asset","rSubType":"audio","fileName":"owl.m4a","fileSize":37017,"val":"mc-09d295249772353377f5331846451938.m4a","aid":"cjw3mAXKG","size":37017},{"rType":"asset","rSubType":"image","fileName":"ave-3546458_1920.jpg","fileSize":667494,"val":"mc-c880dc345b346a23f8e9989a947c79d1.jpg","aid":"JP4N4cgo_","size":667494},{"rType":"asset","rSubType":"image","fileName":"giraffe-2222908_1920.jpg","fileSize":599742,"val":"mc-f1b3d7f511faf49472b551ddd9094447.jpg","aid":"0IQ3dQHE_","size":599742},{"rType":"asset","rSubType":"image","fileName":"road-1072823_1920.jpg","fileSize":1009717,"aid":"UE5NH-NM9W","val":"mc-c08e251f3ccc21b6ca29ddcea5192452.jpg","size":1009717},{"rType":"asset","rSubType":"image","fileName":"fox-715588_1920.jpg","fileSize":487143,"val":"mc-5218305994013834b6c81df64f85be7b.jpg","aid":"vZfei-Puk","size":487143},{"rType":"asset","rSubType":"image","fileName":"-por-que-se-le-considera-al-leon-el-rey-de-la-selva_-1-655x368.jpg","fileSize":36522,"val":"mc-1be25a6ce9ae403aca43b9fdc3393a4a.jpg","aid":"iWFqfDdPq","size":36522},{"rType":"asset","rSubType":"image","fileName":"road-1072823_1920.jpg","fileSize":1009717,"aid":"0c35xAUsg6","val":"mc-c08e251f3ccc21b6ca29ddcea5192452.jpg","size":1009717},{"rType":"asset","rSubType":"image","fileName":"road-1072823_1920.jpg","fileSize":1009717,"aid":"52cLEQajRQ","val":"mc-c08e251f3ccc21b6ca29ddcea5192452.jpg","size":1009717},{"rType":"asset","rSubType":"image","fileName":"road-1072823_1920.jpg","fileSize":1009717,"aid":"23-NfNHl-W","val":"mc-c08e251f3ccc21b6ca29ddcea5192452.jpg","size":1009717},{"rType":"asset","rSubType":"image","fileName":"ANIMALES (4).png","fileSize":1862512,"val":"mc-ef3ccc90df7a49df2d4aebdf8576ce53.png","aid":"Pt2CrDuKv","size":1862512},{"rType":"asset","rSubType":"audio","fileName":"leopard.m4a","fileSize":55449,"val":"mc-2c7f875c7881f7776a4a7a67d6d8a438.m4a","aid":"j52LPc7i2","size":55449},{"rType":"asset","rSubType":"image","fileName":"eagle-2657888_1920.jpg","fileSize":530761,"val":"mc-23536e300e3f703c4874f4fbb7857c08.jpg","aid":"Lf7M6gX_3","size":530761},{"rType":"asset","rSubType":"image","fileName":"ANIMALES (8).png","fileSize":1644815,"val":"mc-113037f45fc8ec8115b5a3f00fbae466.png","aid":"g8z2RhPc5","size":1644815},{"rType":"asset","rSubType":"audio","fileName":"hawk.m4a","fileSize":39065,"val":"mc-26fa0688e00d76c42c99026e48cec98d.m4a","aid":"rjeBsNL2m","size":39065},{"rType":"asset","rSubType":"image","fileName":"ANIMALES.png","fileSize":1899624,"val":"mc-035935246d6ddb2fd3aef63b3ef21657.png","aid":"nYTh5bRnr","size":1899624},{"rType":"asset","rSubType":"audio","fileName":"fox.m4a","fileSize":50329,"val":"mc-49cae21cc2e954b4bd8b8f776f7404d3.m4a","aid":"eb-nXtpBz","size":50329},{"rType":"asset","rSubType":"image","fileName":"ANIMALES (3).png","fileSize":1934635,"val":"mc-831ad4f0e378e1719a541c4835682142.png","aid":"0lKC8mbuU","size":1934635},{"rType":"asset","rSubType":"audio","fileName":"tiger.m4a","fileSize":52377,"val":"mc-74e171f7d6bc0deb8c4d6e717c96bad0.m4a","aid":"S5Eg9AR93","size":52377},{"rType":"asset","rSubType":"image","fileName":"buzzard-5501613_1920.jpg","fileSize":340686,"val":"mc-1911284846c7cafc0cf7ab1538a5ad1c.jpg","aid":"gN_EXMgem","size":340686},{"rType":"asset","rSubType":"image","fileName":"road-1072823_1920.jpg","fileSize":1009717,"aid":"D5-qVIAus5","val":"mc-c08e251f3ccc21b6ca29ddcea5192452.jpg","size":1009717},{"rType":"asset","rSubType":"image","fileName":"tiger-3264048_1920.jpg","fileSize":497832,"val":"mc-39bad71666605bfa4ff4619de412ef8e.jpg","aid":"GWuAkI8q2","size":497832},{"rType":"asset","rSubType":"image","fileName":"ANIMALES (15).png","fileSize":1706075,"val":"mc-154765b5ada163462c2986c15582e4f9.png","aid":"uYLXBg20E","size":1706075},{"rType":"asset","rSubType":"audio","fileName":"ostrich.m4a","fileSize":59545,"val":"mc-d7d58c7b3727bc10266d5d0107ed5ae7.m4a","aid":"F1jvMOYeh","size":59545},{"rType":"asset","rSubType":"image","fileName":"owl-377192_1920.jpg","fileSize":647867,"val":"mc-e3f7de07ae0f2f7e39280e16bd0492e1.jpg","aid":"NMHAcgVgF","size":647867},{"rType":"asset","rSubType":"image","fileName":"road-1072823_1920.jpg","fileSize":1009717,"aid":"zH3AC4wwmw","val":"mc-c08e251f3ccc21b6ca29ddcea5192452.jpg","size":1009717},{"rType":"asset","rSubType":"image","fileName":"road-1072823_1920.jpg","fileSize":1009717,"aid":"5RDLEDW9yb","val":"mc-c08e251f3ccc21b6ca29ddcea5192452.jpg","size":1009717},{"rType":"asset","rSubType":"image","fileName":"road-1072823_1920.jpg","fileSize":1009717,"aid":"c-_uESd3rc","val":"mc-c08e251f3ccc21b6ca29ddcea5192452.jpg","size":1009717}]