{"i":{"wWD43SUQC":{"id":"wWD43SUQC","type":"slide","setup":{"transparentBg":{"selectedKey":false},"bord":{"size":14,"rad":10},"bg":{"selectedKey":"image","fill":{"opac":1,"rgb":"var(--TC3)"},"img":{"filt":{"opac":100,"gray":0,"blur":0,"tint":{"rgb":"var(--TC3)","opac":0.5,"blendMode":"multiply"}},"pos":{"type":"crop","fit":{"bg":{"color":{"rgb":"#FFF","opac":100}},"vali":"center","hali":"center"},"crop":{"poi":{"x":806,"y":560.5}},"zoom":0},"measures":{"size":{"width":1920,"height":1121}},"orig":{"rType":"asset","rSubType":"image","fileName":"road-1072823_1920.jpg","fileSize":1009717,"aid":"0c35xAUsg6","val":"mc-c08e251f3ccc21b6ca29ddcea5192452.jpg"}}}}},"iuMg2etHcV":{"id":"iuMg2etHcV","type":"interactive","subtype":"interactiveRichText","setup":{"frmeTp":{"selectedKey":"noneFrame"},"bg":{"fill":{"opac":0,"rgb":"#FFF"}},"txt":{"val":{"ops":[{"attributes":{"align":"center","size":"hugeTitle"},"insert":"\n"},{"insert":" WILD BIRDS ","attributes":{"color":"#ffffff","background":"#729600","bold":true}},{"insert":"\n","attributes":{"align":"center","size":"hugeTitle"}},{"insert":"\n","attributes":{"align":"center","size":"huge"}}]},"rType":"richtext"},"hali":"","vali":"middle"}},"jsijDBbrh":{"id":"jsijDBbrh","type":"interactive","subtype":"interactivePodCast","setup":{"bg":{"selectedKey":"image","fill":{"opac":1,"rgb":"#FFF"},"img":{"filt":{"opac":100,"gray":0,"blur":0,"tint":{"rgb":"#FFF","opac":0}},"pos":{"type":"fit","fit":{"bg":{"color":{"rgb":"#FFF","opac":100}},"vali":"center","hali":"center"},"crop":{"bg":{"color":{"rgb":"#FFF","opac":0}},"poi":{"x":707,"y":1008.5}},"mask":{"shape":1}},"measures":{"size":{"width":1414,"height":2000}},"orig":{"rType":"asset","rSubType":"image","fileName":"ANIMALES (9).png","fileSize":1509676,"val":"mc-11966ab1755c9f5011b672f5d18e5405.png","aid":"bxqIQmHJb"}}},"audio":{"orig":{"rType":"asset","rSubType":"audio","fileName":"eagle.m4a","fileSize":54425,"val":"mc-60293aa59cb04554d428480a783318dc.m4a","aid":"BgzpuSqTS"}}}},"CMJIxyvl9":{"id":"CMJIxyvl9","type":"interactive","subtype":"interactivePodCast","setup":{"bg":{"selectedKey":"image","fill":{"opac":1,"rgb":"#FFF"},"img":{"filt":{"opac":100,"gray":0,"blur":0,"tint":{"rgb":"#FFF","opac":0}},"pos":{"type":"fit","fit":{"bg":{"color":{"rgb":"#FFF","opac":100}},"vali":"center","hali":"center"},"crop":{"bg":{"color":{"rgb":"#FFF","opac":0}},"poi":{"x":707,"y":1051.5}},"mask":{"shape":1}},"measures":{"size":{"width":1414,"height":2000}},"orig":{"rType":"asset","rSubType":"image","fileName":"ANIMALES (8).png","fileSize":1644815,"val":"mc-113037f45fc8ec8115b5a3f00fbae466.png","aid":"g8z2RhPc5"}}},"audio":{"orig":{"rType":"asset","rSubType":"audio","fileName":"hawk.m4a","fileSize":39065,"val":"mc-26fa0688e00d76c42c99026e48cec98d.m4a","aid":"rjeBsNL2m"}}}}},"v":"1"}