{"i":{"rtEkvCw7k":{"id":"rtEkvCw7k","type":"slide","setup":{"transparentBg":{"selectedKey":false},"bord":{"size":14,"rad":10},"bg":{"selectedKey":"image","fill":{"opac":1,"rgb":"var(--TC3)"},"img":{"filt":{"opac":100,"gray":0,"blur":0,"tint":{"rgb":"var(--TC3)","opac":0.5,"blendMode":"multiply"}},"pos":{"type":"crop","fit":{"bg":{"color":{"rgb":"#FFF","opac":100}},"vali":"center","hali":"center"},"crop":{"poi":{"x":806,"y":560.5}},"zoom":0},"measures":{"size":{"width":1920,"height":1121}},"orig":{"rType":"asset","rSubType":"image","fileName":"road-1072823_1920.jpg","fileSize":1009717,"aid":"UE5NH-NM9W","val":"mc-c08e251f3ccc21b6ca29ddcea5192452.jpg"}}}}},"SrbVTkU9p":{"id":"SrbVTkU9p","type":"interactive","subtype":"interactivePodCast","setup":{"bg":{"selectedKey":"image","fill":{"opac":1,"rgb":"#FFF"},"img":{"filt":{"opac":100,"gray":0,"blur":0,"tint":{"rgb":"#FFF","opac":0}},"pos":{"type":"crop","fit":{"bg":{"color":{"rgb":"#FFF","opac":100}},"vali":"center","hali":"center"},"crop":{"bg":{"color":{"rgb":"#FFF","opac":0}},"poi":{"x":707,"y":1051.5}},"mask":{"shape":1}},"measures":{"size":{"width":1414,"height":2000}},"orig":{"rType":"asset","rSubType":"image","fileName":"ANIMALES (5).png","fileSize":2063863,"val":"mc-9446bd4dd41e40fe200bf864b43255d8.png","aid":"6dP8NdbEF"}}},"audio":{"orig":{"rType":"asset","rSubType":"audio","fileName":"wolf.m4a","fileSize":45209,"val":"mc-eaa6903e111ebf28ef7d60e9b7f4f5f6.m4a","aid":"bFu6f8fdK"}}}},"821MhrxFy":{"id":"821MhrxFy","type":"interactive","subtype":"interactivePodCast","setup":{"bg":{"selectedKey":"image","fill":{"opac":1,"rgb":"#FFF"},"img":{"filt":{"opac":100,"gray":0,"blur":0,"tint":{"rgb":"#FFF","opac":0}},"pos":{"type":"fit","fit":{"bg":{"color":{"rgb":"#FFF","opac":100}},"vali":"center","hali":"center"},"crop":{"bg":{"color":{"rgb":"#FFF","opac":0}},"poi":{"x":707,"y":877.5}},"mask":{"shape":1}},"measures":{"size":{"width":1414,"height":2000}},"orig":{"rType":"asset","rSubType":"image","fileName":"ANIMALES (7).png","fileSize":1960317,"val":"mc-b9c8f782f7454776d346caab44eecbf6.png","aid":"dfr4j_hDS"}}},"audio":{"orig":{"rType":"asset","rSubType":"audio","fileName":"giraffe.m4a","fileSize":74717,"val":"mc-3abea4f7a24d11f91331f35fd753b042.m4a","aid":"j7wXdlnWk"}}}},"xVIHNZq_m":{"id":"xVIHNZq_m","type":"interactive","subtype":"interactiveRichText","setup":{"frmeTp":{"selectedKey":"noneFrame"},"bg":{"fill":{"opac":0,"rgb":"#FFF"}},"txt":{"val":{"ops":[{"insert":" WILD ANIMALS  ","attributes":{"background":"#c3228f","color":"#ffffff","bold":true}},{"insert":"\n","attributes":{"align":"center","size":"huge"}}]},"rType":"richtext"},"hali":"","vali":"middle"}},"Uf98eCSyL":{"id":"Uf98eCSyL","type":"interactive","subtype":"interactivePodCast","setup":{"bg":{"selectedKey":"image","fill":{"opac":1,"rgb":"#FFF"},"img":{"filt":{"opac":100,"gray":0,"blur":0,"tint":{"rgb":"#FFF","opac":0}},"pos":{"type":"fit","fit":{"bg":{"color":{"rgb":"#FFF","opac":100}},"vali":"center","hali":"center"},"crop":{"bg":{"color":{"rgb":"#FFF","opac":0}},"poi":{"x":707,"y":1095.5}},"mask":{"shape":1}},"measures":{"size":{"width":1414,"height":2000}},"orig":{"rType":"asset","rSubType":"image","fileName":"ANIMALES (4).png","fileSize":1862512,"val":"mc-ef3ccc90df7a49df2d4aebdf8576ce53.png","aid":"Pt2CrDuKv"}}},"audio":{"orig":{"rType":"asset","rSubType":"audio","fileName":"leopard.m4a","fileSize":55449,"val":"mc-2c7f875c7881f7776a4a7a67d6d8a438.m4a","aid":"j52LPc7i2"}}}}},"v":"1"}