{"i":{"VRhhuY9Es":{"id":"VRhhuY9Es","type":"slide","setup":{"transparentBg":{"selectedKey":false},"bord":{"size":14,"rad":10},"bg":{"selectedKey":"image","fill":{"opac":1,"rgb":"var(--TC3)"},"img":{"filt":{"opac":100,"gray":0,"blur":0,"tint":{"rgb":"var(--TC3)","opac":0.5,"blendMode":"multiply"}},"pos":{"type":"crop","fit":{"bg":{"color":{"rgb":"#FFF","opac":100}},"vali":"center","hali":"center"},"crop":{"poi":{"x":806,"y":560.5}},"zoom":0},"measures":{"size":{"width":1920,"height":1121}},"orig":{"rType":"asset","rSubType":"image","fileName":"road-1072823_1920.jpg","fileSize":1009717,"aid":"OdfVa_dtOI","val":"mc-c08e251f3ccc21b6ca29ddcea5192452.jpg"}}}}},"H1UO_DqmS":{"id":"H1UO_DqmS","type":"interactive","subtype":"interactivePodCast","setup":{"bg":{"selectedKey":"image","fill":{"opac":1,"rgb":"#FFF"},"img":{"filt":{"opac":100,"gray":0,"blur":0,"tint":{"rgb":"#FFF","opac":0}},"pos":{"type":"fit","fit":{"bg":{"color":{"rgb":"#FFF","opac":100}},"vali":"center","hali":"center"},"crop":{"bg":{"color":{"rgb":"#FFF","opac":0}},"poi":{"x":707,"y":1486.5}},"mask":{"shape":1}},"measures":{"size":{"width":1414,"height":2000}},"orig":{"rType":"asset","rSubType":"image","fileName":"ANIMALES (13).png","fileSize":1197714,"val":"mc-2396dd9216fdb105d3d6fd3ae016852a.png","aid":"9deMBULzN"}}},"audio":{"orig":{"rType":"asset","rSubType":"audio","fileName":"pengui.m4a","fileSize":45209,"val":"mc-bf7b4310a56a542011522102b6eabf39.m4a","aid":"pVDBBeqpm"}}}},"ljhWOAOcc":{"id":"ljhWOAOcc","type":"interactive","subtype":"interactivePodCast","setup":{"bg":{"selectedKey":"image","fill":{"opac":1,"rgb":"#FFF"},"img":{"filt":{"opac":100,"gray":0,"blur":0,"tint":{"rgb":"#FFF","opac":0}},"pos":{"type":"fit","fit":{"bg":{"color":{"rgb":"#FFF","opac":100}},"vali":"center","hali":"center"},"crop":{"bg":{"color":{"rgb":"#FFF","opac":0}},"poi":{"x":707,"y":1182.5}},"mask":{"shape":1}},"measures":{"size":{"width":1414,"height":2000}},"orig":{"rType":"asset","rSubType":"image","fileName":"ANIMALES (14).png","fileSize":1742824,"val":"mc-0d25ca83d156e53e26a07a432ebce8dd.png","aid":"vrxTz9NGa"}}},"audio":{"orig":{"rType":"asset","rSubType":"audio","fileName":"owl.m4a","fileSize":37017,"val":"mc-09d295249772353377f5331846451938.m4a","aid":"cjw3mAXKG"}}}},"uDgktEP7wc":{"id":"uDgktEP7wc","type":"interactive","subtype":"interactiveRichText","setup":{"frmeTp":{"selectedKey":"noneFrame"},"bg":{"fill":{"opac":0,"rgb":"#FFF"}},"txt":{"val":{"ops":[{"attributes":{"align":"center","size":"hugeTitle"},"insert":"\n"},{"insert":" ","attributes":{"color":"#ffffff","background":"#729600","bold":true}},{"insert":"WILD BIRDS  ","attributes":{"color":"#ffffff","background":"#729600"}},{"insert":"\n","attributes":{"align":"center","size":"hugeTitle"}},{"insert":"\n","attributes":{"align":"center","size":"huge"}}]},"rType":"richtext"},"hali":"","vali":"middle"}},"HxQrmCAOq":{"id":"HxQrmCAOq","type":"interactive","subtype":"interactivePodCast","setup":{"bg":{"selectedKey":"image","fill":{"opac":1,"rgb":"#FFF"},"img":{"filt":{"opac":100,"gray":0,"blur":0,"tint":{"rgb":"#FFF","opac":0}},"pos":{"type":"fit","fit":{"bg":{"color":{"rgb":"#FFF","opac":100}},"vali":"center","hali":"center"},"crop":{"bg":{"color":{"rgb":"#FFF","opac":0}},"poi":{"x":707,"y":1051.5}},"mask":{"shape":1}},"measures":{"size":{"width":1414,"height":2000}},"orig":{"rType":"asset","rSubType":"image","fileName":"ANIMALES (15).png","fileSize":1706075,"val":"mc-154765b5ada163462c2986c15582e4f9.png","aid":"uYLXBg20E"}}},"audio":{"orig":{"rType":"asset","rSubType":"audio","fileName":"ostrich.m4a","fileSize":59545,"val":"mc-d7d58c7b3727bc10266d5d0107ed5ae7.m4a","aid":"F1jvMOYeh"}}}}},"v":"1"}