{"i":{"c4YRGvmv_":{"id":"c4YRGvmv_","type":"slide","setup":{"bg":{"selectedKey":"image","fill":{"opac":1,"rgb":"var(--TC3)"},"img":{"filt":{"opac":100,"gray":0,"blur":0,"tint":{"rgb":"var(--TC3)","opac":0.5,"blendMode":"multiply"}},"pos":{"type":"crop","fit":{"bg":{"color":{"rgb":"#FFF","opac":100}},"vali":"center","hali":"center"},"crop":{"poi":{"x":806,"y":560.5}},"zoom":0},"measures":{"size":{"width":1920,"height":1121}},"orig":{"rType":"asset","rSubType":"image","fileName":"road-1072823_1920.jpg","fileSize":1009717,"aid":"5RDLEDW9yb","val":"mc-c08e251f3ccc21b6ca29ddcea5192452.jpg"}}},"transparentBg":{"selectedKey":false},"bord":{"size":14,"rad":10}}},"DJOko01UHo":{"id":"DJOko01UHo","type":"interactive","subtype":"interactiveRichText","setup":{"frmeTp":{"selectedKey":"noneFrame"},"bg":{"fill":{"opac":0,"rgb":"#FFF"}},"txt":{"val":{"ops":[{"insert":" WILD ANIMALS  ","attributes":{"background":"#c3228f","color":"#ffffff","bold":true}},{"insert":"\n","attributes":{"align":"center","size":"huge"}}]},"rType":"richtext"},"hali":"","vali":"middle"}},"q2nsCPegno":{"id":"q2nsCPegno","type":"interactive","subtype":"interactiveCard","setup":{"animation":{"selectedKey":"rotateH"},"front":{"selectedKey":"image","fill":{"opac":1,"rgb":"#FFF"},"img":{"filt":{"opac":100,"gray":0,"blur":0,"tint":{"rgb":"#FFF","opac":0}},"pos":{"type":"crop","fit":{"bg":{"color":{"rgb":"#FFF","opac":100}},"vali":"center","hali":"center"},"crop":{"bg":{"color":{"rgb":"#FFF","opac":0}},"poi":{"x":984,"y":644.5}},"mask":{"shape":1}},"measures":{"size":{"width":1920,"height":1289}},"orig":{"rType":"asset","rSubType":"image","fileName":"fox-715588_1920.jpg","fileSize":487143,"val":"mc-5218305994013834b6c81df64f85be7b.jpg","aid":"vZfei-Puk"}},"txt":{"val":{"ops":[{"insert":"Zorro","attributes":{"background":"var(--TC14)","color":"var(--TC2)"}},{"insert":"\n","attributes":{"size":"huge","align":"center"}}]},"rType":"richtext"},"hali":""},"back":{"selectedKey":"fill","fill":{"opac":1,"rgb":"#e8e457"},"txt":{"val":{"ops":[{"insert":"FOX","attributes":{"color":"var(--TC7)","bold":true}},{"insert":"\n","attributes":{"size":"huge","align":"center"}}]},"rType":"richtext"},"hali":"","vali":"middle"}}},"7aeEccre4S":{"id":"7aeEccre4S","type":"interactive","subtype":"interactiveCard","setup":{"animation":{"selectedKey":"rotateH"},"front":{"selectedKey":"image","fill":{"opac":1,"rgb":"#FFF"},"img":{"filt":{"opac":100,"gray":0,"blur":0,"tint":{"rgb":"#FFF","opac":0}},"pos":{"type":"crop","fit":{"bg":{"color":{"rgb":"#FFF","opac":100}},"vali":"center","hali":"center"},"crop":{"bg":{"color":{"rgb":"#FFF","opac":0}},"poi":{"x":909,"y":611}},"mask":{"shape":1}},"measures":{"size":{"width":1920,"height":1280}},"orig":{"rType":"asset","rSubType":"image","fileName":"tiger-3264048_1920.jpg","fileSize":497832,"val":"mc-39bad71666605bfa4ff4619de412ef8e.jpg","aid":"GWuAkI8q2"}},"txt":{"val":{"ops":[{"insert":"Tigre","attributes":{"background":"var(--TC14)","color":"#1d1d1d"}},{"insert":"\n","attributes":{"size":"huge","align":"center"}}]},"rType":"richtext"},"hali":""},"back":{"selectedKey":"fill","fill":{"opac":1,"rgb":"#e8e457"},"hali":"","txt":{"val":{"ops":[{"insert":"TIGER","attributes":{"color":"var(--TC7)","bold":true}},{"insert":"\n","attributes":{"size":"huge","align":"center"}}]},"rType":"richtext"},"vali":"middle"}}}},"v":"1"}