{"i":{"_BmuE7QgT":{"id":"_BmuE7QgT","type":"slide","setup":{"transparentBg":{"selectedKey":false},"bord":{"size":14,"rad":10},"bg":{"selectedKey":"image","fill":{"opac":1,"rgb":"var(--TC3)"},"img":{"filt":{"opac":100,"gray":0,"blur":0,"tint":{"rgb":"var(--TC3)","opac":0.5,"blendMode":"multiply"}},"pos":{"type":"crop","fit":{"bg":{"color":{"rgb":"#FFF","opac":100}},"vali":"center","hali":"center"},"crop":{"poi":{"x":806,"y":560.5}},"zoom":0},"measures":{"size":{"width":1920,"height":1121}},"orig":{"rType":"asset","rSubType":"image","fileName":"road-1072823_1920.jpg","fileSize":1009717,"val":"mc-c08e251f3ccc21b6ca29ddcea5192452.jpg","aid":"W5QKylfwm"}}}}},"YLiAUYGhw":{"id":"YLiAUYGhw","type":"interactive","subtype":"interactiveRichText","setup":{"frmeTp":{"selectedKey":"noneFrame"},"bg":{"fill":{"opac":0,"rgb":"#FFF"}},"txt":{"val":{"ops":[{"insert":" WILD ANIMALS  ","attributes":{"background":"#c3228f","color":"#ffffff","bold":true}},{"insert":"\n","attributes":{"align":"center","size":"huge"}}]},"rType":"richtext"},"hali":"","vali":"middle"}},"XDIIs8uox":{"id":"XDIIs8uox","type":"interactive","subtype":"interactiveCard","setup":{"animation":{"selectedKey":"rotateH"},"front":{"selectedKey":"image","fill":{"opac":1,"rgb":"#FFF"},"img":{"filt":{"opac":100,"gray":0,"blur":0,"tint":{"rgb":"#FFF","opac":0}},"pos":{"type":"crop","fit":{"bg":{"color":{"rgb":"#FFF","opac":100}},"vali":"center","hali":"center"},"crop":{"bg":{"color":{"rgb":"#FFF","opac":0}},"poi":{"x":1006,"y":623}},"mask":{"shape":1}},"measures":{"size":{"width":1920,"height":1246}},"orig":{"rType":"asset","rSubType":"image","fileName":"elephant-2870777_1920.jpg","fileSize":363379,"val":"mc-ae765f1a5689fd3c4a22d0d3f8f5a633.jpg","aid":"OXnXNpzSV"}},"txt":{"val":{"ops":[{"insert":"Elefante","attributes":{"background":"var(--TC14)","color":"var(--TC2)"}},{"insert":"\n","attributes":{"align":"center","size":"huge"}}]},"rType":"richtext"},"hali":""},"back":{"selectedKey":"fill","fill":{"opac":1,"rgb":"#e8e457"},"hali":"","txt":{"val":{"ops":[{"insert":"ELEPHANT","attributes":{"color":"var(--TC7)","bold":true}},{"insert":"\n","attributes":{"size":"huge","align":"center"}}]},"rType":"richtext"},"vali":"middle"}}},"_DTzibF4h":{"id":"_DTzibF4h","type":"interactive","subtype":"interactiveCard","setup":{"animation":{"selectedKey":"rotateH"},"front":{"selectedKey":"image","fill":{"opac":1,"rgb":"#FFF"},"txt":{"val":{"ops":[{"insert":"León","attributes":{"color":"var(--TC2)","background":"var(--TC14)"}},{"insert":"\n","attributes":{"size":"huge","align":"center"}}]},"rType":"richtext"},"hali":"","img":{"filt":{"opac":100,"gray":0,"blur":0,"tint":{"rgb":"#FFF","opac":0}},"pos":{"type":"crop","fit":{"bg":{"color":{"rgb":"#FFF","opac":100}},"vali":"center","hali":"center"},"crop":{"bg":{"color":{"rgb":"#FFF","opac":0}},"poi":{"x":388.5,"y":183}},"mask":{"shape":1}},"measures":{"size":{"width":655,"height":368}},"orig":{"rType":"asset","rSubType":"image","fileName":"-por-que-se-le-considera-al-leon-el-rey-de-la-selva_-1-655x368.jpg","fileSize":36522,"val":"mc-1be25a6ce9ae403aca43b9fdc3393a4a.jpg","aid":"iWFqfDdPq"}}},"back":{"selectedKey":"fill","fill":{"opac":1,"rgb":"#e8e457"},"txt":{"val":{"ops":[{"insert":"LION","attributes":{"color":"var(--TC7)","bold":true}},{"insert":"\n","attributes":{"size":"huge","align":"center"}}]},"rType":"richtext"},"hali":"","vali":"middle"}}}},"v":"1"}