{"i":{"MWxRmMKXH":{"id":"MWxRmMKXH","type":"slide","setup":{"bord":{"size":14,"rad":10},"bg":{"selectedKey":"image","fill":{"opac":1,"rgb":"var(--TC3)"},"img":{"filt":{"opac":100,"gray":0,"blur":0,"tint":{"rgb":"var(--TC3)","opac":0.5,"blendMode":"multiply"}},"pos":{"type":"crop","fit":{"bg":{"color":{"rgb":"#FFF","opac":100}},"vali":"center","hali":"center"},"crop":{"poi":{"x":806,"y":560.5}},"zoom":0},"measures":{"size":{"width":1920,"height":1121}},"orig":{"rType":"asset","rSubType":"image","fileName":"road-1072823_1920.jpg","fileSize":1009717,"aid":"52cLEQajRQ","val":"mc-c08e251f3ccc21b6ca29ddcea5192452.jpg"}}},"transparentBg":{"selectedKey":false}}},"2c7innkfsA":{"id":"2c7innkfsA","type":"interactive","subtype":"interactiveCard","setup":{"animation":{"selectedKey":"rotateH"},"front":{"selectedKey":"image","fill":{"opac":1,"rgb":"#FFF"},"txt":{"val":{"ops":[{"insert":"Avestruz","attributes":{"background":"var(--TC14)","color":"var(--TC2)"}},{"insert":"\n\n","attributes":{"size":"huge"}}]},"rType":"richtext"},"hali":"","img":{"filt":{"opac":100,"gray":0,"blur":0,"tint":{"rgb":"#FFF","opac":0}},"pos":{"type":"crop","fit":{"bg":{"color":{"rgb":"#FFF","opac":100}},"vali":"center","hali":"center"},"crop":{"bg":{"color":{"rgb":"#FFF","opac":0}},"poi":{"x":796.5,"y":943.5}},"mask":{"shape":1}},"measures":{"size":{"width":1600,"height":1920}},"orig":{"rType":"asset","rSubType":"image","fileName":"rhea-bird-1438617_1920.jpg","fileSize":1170718,"val":"mc-8a31926c096e64b5b314606bd0f2982a.jpg","aid":"z5i3mDczC"}}},"back":{"selectedKey":"fill","fill":{"opac":1,"rgb":"#e8e457"},"txt":{"val":{"ops":[{"attributes":{"bold":true,"color":"var(--TC7)"},"insert":"OSTRICH"},{"insert":"\n","attributes":{"size":"huge","align":"center"}}]},"rType":"richtext"},"hali":"","vali":"middle"}}},"57wHQlUSU6":{"id":"57wHQlUSU6","type":"interactive","subtype":"interactiveCard","setup":{"animation":{"selectedKey":"rotateH"},"front":{"selectedKey":"image","fill":{"opac":1,"rgb":"#FFF"},"txt":{"val":{"ops":[{"insert":"Pingüino ","attributes":{"color":"var(--TC2)","background":"var(--TC14)"}},{"insert":"\n","attributes":{"align":"center","size":"huge"}}]},"rType":"richtext"},"hali":"","img":{"filt":{"opac":100,"gray":0,"blur":0,"tint":{"rgb":"#FFF","opac":0}},"pos":{"type":"crop","fit":{"bg":{"color":{"rgb":"#FFF","opac":100}},"vali":"center","hali":"center"},"crop":{"bg":{"color":{"rgb":"#FFF","opac":0}},"poi":{"x":637.5,"y":555.5}},"mask":{"shape":1}},"measures":{"size":{"width":1275,"height":1920}},"orig":{"rType":"asset","rSubType":"image","fileName":"bird-3193034_1920.jpg","fileSize":449234,"val":"mc-5d6bf108d39cb34ab29ac7ff3c348ddc.jpg","aid":"lR9kcUo0r"}}},"back":{"selectedKey":"fill","fill":{"opac":1,"rgb":"#e8e457"},"hali":"","txt":{"val":{"ops":[{"attributes":{"bold":true,"color":"var(--TC7)"},"insert":"PENGUIN"},{"insert":"\n","attributes":{"size":"huge","align":"center"}}]},"rType":"richtext"},"vali":"middle"}}},"DdosmHob0M":{"id":"DdosmHob0M","type":"interactive","subtype":"interactiveRichText","setup":{"frmeTp":{"selectedKey":"noneFrame"},"bg":{"fill":{"opac":0,"rgb":"#FFF"}},"txt":{"val":{"ops":[{"attributes":{"align":"center","size":"hugeTitle"},"insert":"\n"},{"insert":" ","attributes":{"color":"#ffffff","background":"#729600","bold":true}},{"insert":"WILD BIRDS  ","attributes":{"color":"#ffffff","background":"#729600"}},{"insert":"\n","attributes":{"align":"center","size":"hugeTitle"}},{"insert":"\n","attributes":{"align":"center","size":"huge"}}]},"rType":"richtext"},"hali":"","vali":"middle"}},"ETOTD7qdLO":{"id":"ETOTD7qdLO","type":"interactive","subtype":"interactiveCard","setup":{"animation":{"selectedKey":"rotateH"},"front":{"selectedKey":"image","fill":{"opac":1,"rgb":"#FFF"},"txt":{"val":{"ops":[{"attributes":{"color":"var(--TC2)","background":"var(--TC14)"},"insert":" Búho"},{"attributes":{"size":"huge","align":"right"},"insert":"\n"},{"insert":"\n","attributes":{"size":"huge"}}]},"rType":"richtext"},"img":{"filt":{"opac":100,"gray":0,"blur":0,"tint":{"rgb":"#FFF","opac":0}},"pos":{"type":"crop","fit":{"bg":{"color":{"rgb":"#FFF","opac":100}},"vali":"center","hali":"center"},"crop":{"bg":{"color":{"rgb":"#FFF","opac":0}},"poi":{"x":720,"y":1381.5}},"mask":{"shape":1}},"measures":{"size":{"width":1440,"height":1920}},"orig":{"rType":"asset","rSubType":"image","fileName":"owl-377192_1920.jpg","fileSize":647867,"val":"mc-e3f7de07ae0f2f7e39280e16bd0492e1.jpg","aid":"NMHAcgVgF"}}},"back":{"selectedKey":"fill","fill":{"opac":1,"rgb":"#e8e457"},"txt":{"val":{"ops":[{"attributes":{"bold":true,"color":"#ad1fa1"},"insert":"OWL"},{"insert":"\n","attributes":{"align":"center","size":"huge"}}]},"rType":"richtext"},"vali":"middle","hali":""}}}},"v":"1"}