{"i":{"yNsA0zulD":{"id":"yNsA0zulD","type":"slide","setup":{"bg":{"selectedKey":"image","fill":{"opac":1,"rgb":"var(--TC3)"},"img":{"filt":{"opac":100,"gray":0,"blur":0,"tint":{"rgb":"var(--TC3)","opac":0.5,"blendMode":"multiply"}},"pos":{"type":"crop","fit":{"bg":{"color":{"rgb":"#FFF","opac":100}},"vali":"center","hali":"center"},"crop":{"poi":{"x":806,"y":560.5}},"zoom":0},"measures":{"size":{"width":1920,"height":1121}},"orig":{"rType":"asset","rSubType":"image","fileName":"road-1072823_1920.jpg","fileSize":1009717,"aid":"LxHkznIYk6","val":"mc-c08e251f3ccc21b6ca29ddcea5192452.jpg"}}},"transparentBg":{"selectedKey":false},"bord":{"size":14,"rad":10}}},"Wpss4ljc4Q":{"id":"Wpss4ljc4Q","type":"interactive","subtype":"interactiveCard","setup":{"animation":{"selectedKey":"rotateH"},"front":{"selectedKey":"image","fill":{"opac":1,"rgb":"#FFF"},"hali":"","txt":{"val":{"ops":[{"attributes":{"color":"var(--TC2)","background":"var(--TC14)"},"insert":"Leopardo"},{"insert":"\n\n","attributes":{"size":"huge","align":"center"}}]},"rType":"richtext"},"img":{"filt":{"opac":100,"gray":0,"blur":0,"tint":{"rgb":"#FFF","opac":0}},"pos":{"type":"crop","fit":{"bg":{"color":{"rgb":"#FFF","opac":100}},"vali":"center","hali":"center"},"crop":{"bg":{"color":{"rgb":"#FFF","opac":0}},"poi":{"x":976.5,"y":640}},"mask":{"shape":1}},"measures":{"size":{"width":1920,"height":1280}},"orig":{"rType":"asset","rSubType":"image","fileName":"leopard-515509_1920.jpg","fileSize":670882,"val":"mc-d3ee1da5b305ebf4e766f10ec4c8460c.jpg","aid":"nWXQJx7-t"}}},"back":{"selectedKey":"fill","fill":{"opac":1,"rgb":"#e8e457"},"txt":{"val":{"ops":[{"insert":"LEOPARD","attributes":{"color":"var(--TC7)","bold":true}},{"insert":"\n","attributes":{"size":"huge","align":"center"}}]},"rType":"richtext"},"hali":"","vali":"middle"}}},"37GmP2TkO":{"id":"37GmP2TkO","type":"interactive","subtype":"interactiveCard","setup":{"animation":{"selectedKey":"rotateH"},"front":{"selectedKey":"image","fill":{"opac":1,"rgb":"#FFF"},"hali":"","txt":{"val":{"ops":[{"attributes":{"color":"var(--TC2)","background":"var(--TC3)"},"insert":"Lobo"},{"insert":"\n","attributes":{"size":"huge","align":"center"}}]},"rType":"richtext"},"img":{"filt":{"opac":100,"gray":0,"blur":0,"tint":{"rgb":"#FFF","opac":0}},"pos":{"type":"crop","fit":{"bg":{"color":{"rgb":"#FFF","opac":100}},"vali":"center","hali":"center"},"crop":{"bg":{"color":{"rgb":"#FFF","opac":0}},"poi":{"x":808,"y":321}},"mask":{"shape":1}},"measures":{"size":{"width":1280,"height":720}},"orig":{"rType":"asset","rSubType":"image","fileName":"wolf-2043464_1280.jpg","fileSize":238220,"val":"mc-48e0424ebc82474852a8f8a18772fc9b.jpg","aid":"z3LrU_etP"}}},"back":{"selectedKey":"fill","fill":{"opac":1,"rgb":"#e8e457"},"txt":{"val":{"ops":[{"insert":"WOLF","attributes":{"color":"#ad1fa1","bold":true}},{"insert":"\n","attributes":{"align":"center","size":"huge"}}]},"rType":"richtext"},"hali":"","vali":"middle"}}},"D8phlg4ipi":{"id":"D8phlg4ipi","type":"interactive","subtype":"interactiveCard","setup":{"animation":{"selectedKey":"rotateH"},"front":{"selectedKey":"image","fill":{"opac":1,"rgb":"#FFF"},"txt":{"val":{"ops":[{"insert":" Jirafa ","attributes":{"color":"var(--TC2)","background":"var(--TC14)"}},{"insert":"\n","attributes":{"align":"center","size":"huge"}}]},"rType":"richtext"},"hali":"","img":{"filt":{"opac":100,"gray":0,"blur":0,"tint":{"rgb":"#FFF","opac":0}},"pos":{"type":"crop","fit":{"bg":{"color":{"rgb":"#FFF","opac":100}},"vali":"center","hali":"center"},"crop":{"bg":{"color":{"rgb":"#FFF","opac":0}},"poi":{"x":977.5,"y":640}},"mask":{"shape":1}},"measures":{"size":{"width":1920,"height":1281}},"orig":{"rType":"asset","rSubType":"image","fileName":"giraffe-2222908_1920.jpg","fileSize":599742,"val":"mc-f1b3d7f511faf49472b551ddd9094447.jpg","aid":"0IQ3dQHE_"}}},"back":{"selectedKey":"fill","fill":{"opac":1,"rgb":"#e8e457"},"hali":"","txt":{"val":{"ops":[{"insert":"GIRAFFE","attributes":{"color":"var(--TC7)","bold":true}},{"insert":"\n","attributes":{"size":"huge","align":"center"}}]},"rType":"richtext"},"vali":"middle"}}},"ujF3jNQk0o":{"id":"ujF3jNQk0o","type":"interactive","subtype":"interactiveRichText","setup":{"frmeTp":{"selectedKey":"noneFrame"},"bg":{"fill":{"opac":0,"rgb":"#FFF"}},"txt":{"val":{"ops":[{"insert":" WILD ANIMALS  ","attributes":{"background":"#c3228f","color":"#ffffff","bold":true}},{"insert":"\n","attributes":{"align":"center","size":"huge"}}]},"rType":"richtext"},"hali":"","vali":"middle"}}},"v":"1"}