{"i":{"a63ZqBhw9":{"id":"a63ZqBhw9","type":"slide","setup":{"bord":{"size":14,"rad":10},"bg":{"selectedKey":"image","fill":{"opac":1,"rgb":"var(--TC3)"},"img":{"filt":{"opac":100,"gray":0,"blur":0,"tint":{"rgb":"var(--TC3)","opac":0.5,"blendMode":"multiply"}},"pos":{"type":"crop","fit":{"bg":{"color":{"rgb":"#FFF","opac":100}},"vali":"center","hali":"center"},"crop":{"poi":{"x":806,"y":560.5}},"zoom":0},"measures":{"size":{"width":1920,"height":1121}},"orig":{"rType":"asset","rSubType":"image","fileName":"road-1072823_1920.jpg","fileSize":1009717,"aid":"zH3AC4wwmw","val":"mc-c08e251f3ccc21b6ca29ddcea5192452.jpg"}}},"transparentBg":{"selectedKey":false}}},"0kKdbhWwsB":{"id":"0kKdbhWwsB","type":"interactive","subtype":"interactiveRichText","setup":{"frmeTp":{"selectedKey":"noneFrame"},"bg":{"fill":{"opac":0,"rgb":"#FFF"}},"txt":{"val":{"ops":[{"attributes":{"align":"center","size":"hugeTitle"},"insert":"\n"},{"insert":" WILD BIRDS ","attributes":{"color":"#ffffff","background":"#729600","bold":true}},{"insert":"\n","attributes":{"align":"center","size":"hugeTitle"}},{"insert":"\n","attributes":{"align":"center","size":"huge"}}]},"rType":"richtext"},"hali":"","vali":"middle"}},"j0JtfA18qw":{"id":"j0JtfA18qw","type":"interactive","subtype":"interactiveCard","setup":{"animation":{"selectedKey":"rotateH"},"front":{"selectedKey":"image","fill":{"opac":1,"rgb":"#FFF"},"txt":{"val":{"ops":[{"attributes":{"color":"var(--TC2)","background":"var(--TC14)"},"insert":"Águila"},{"insert":"\n","attributes":{"align":"center","size":"huge"}}]},"rType":"richtext"},"hali":"","img":{"filt":{"opac":100,"gray":0,"blur":0,"tint":{"rgb":"#FFF","opac":0}},"pos":{"type":"crop","fit":{"bg":{"color":{"rgb":"#FFF","opac":100}},"vali":"center","hali":"center"},"crop":{"bg":{"color":{"rgb":"#FFF","opac":0}},"poi":{"x":977.5,"y":640}},"mask":{"shape":1}},"measures":{"size":{"width":1920,"height":1281}},"orig":{"rType":"asset","rSubType":"image","fileName":"eagle-2657888_1920.jpg","fileSize":530761,"val":"mc-23536e300e3f703c4874f4fbb7857c08.jpg","aid":"Lf7M6gX_3"}}},"back":{"selectedKey":"fill","fill":{"opac":1,"rgb":"#e8e457"},"hali":"","txt":{"val":{"ops":[{"insert":"EAGLE","attributes":{"bold":true,"color":"var(--TC7)"}},{"insert":"\n","attributes":{"size":"huge","align":"center"}}]},"rType":"richtext"},"vali":"middle"}}},"Fq-BRYSkZ6":{"id":"Fq-BRYSkZ6","type":"interactive","subtype":"interactiveCard","setup":{"animation":{"selectedKey":"rotateH"},"front":{"selectedKey":"image","fill":{"opac":1,"rgb":"#FFF"},"hali":"","txt":{"val":{"ops":[{"attributes":{"color":"var(--TC2)","background":"var(--TC14)"},"insert":"Halcón"},{"insert":"\n","attributes":{"size":"huge","align":"center"}}]},"rType":"richtext"},"img":{"filt":{"opac":100,"gray":0,"blur":0,"tint":{"rgb":"#FFF","opac":0}},"pos":{"type":"crop","fit":{"bg":{"color":{"rgb":"#FFF","opac":100}},"vali":"center","hali":"center"},"crop":{"bg":{"color":{"rgb":"#FFF","opac":0}},"poi":{"x":920.5,"y":640}},"mask":{"shape":1}},"measures":{"size":{"width":1920,"height":1280}},"orig":{"rType":"asset","rSubType":"image","fileName":"buzzard-5501613_1920.jpg","fileSize":340686,"val":"mc-1911284846c7cafc0cf7ab1538a5ad1c.jpg","aid":"gN_EXMgem"}}},"back":{"selectedKey":"fill","fill":{"opac":1,"rgb":"#e8e457"},"txt":{"val":{"ops":[{"insert":"HAWK","attributes":{"bold":true,"color":"var(--TC7)"}},{"insert":"\n","attributes":{"size":"huge","align":"center"}}]},"rType":"richtext"},"hali":"","vali":"middle"}}}},"v":"1"}