{"i":{"ijYVjZQGB":{"id":"ijYVjZQGB","type":"slide","setup":{"transparentBg":{"selectedKey":false},"bord":{"size":14,"rad":10},"bg":{"selectedKey":"image","fill":{"opac":1,"rgb":"var(--TC3)"},"img":{"filt":{"opac":100,"gray":0,"blur":0,"tint":{"rgb":"var(--TC3)","opac":0.5,"blendMode":"multiply"}},"pos":{"type":"crop","fit":{"bg":{"color":{"rgb":"#FFF","opac":100}},"vali":"center","hali":"center"},"crop":{"poi":{"x":806,"y":560.5}},"zoom":0},"measures":{"size":{"width":1920,"height":1121}},"orig":{"rType":"asset","rSubType":"image","fileName":"road-1072823_1920.jpg","fileSize":1009717,"aid":"c-_uESd3rc","val":"mc-c08e251f3ccc21b6ca29ddcea5192452.jpg"}}}}},"1pmTRGw3c_":{"id":"1pmTRGw3c_","type":"interactive","subtype":"interactiveRichText","setup":{"frmeTp":{"selectedKey":"noneFrame"},"bg":{"fill":{"opac":0,"rgb":"#FFF"}},"txt":{"val":{"ops":[{"insert":" WILD ANIMALS  ","attributes":{"background":"#c3228f","color":"#ffffff","bold":true}},{"insert":"\n","attributes":{"align":"center","size":"huge"}}]},"rType":"richtext"},"hali":"","vali":"middle"}},"wC043ZaC3":{"id":"wC043ZaC3","type":"interactive","subtype":"interactivePodCast","setup":{"bg":{"selectedKey":"image","fill":{"opac":1,"rgb":"#FFF"},"img":{"filt":{"opac":100,"gray":0,"blur":0,"tint":{"rgb":"#FFF","opac":0}},"pos":{"type":"fit","fit":{"bg":{"color":{"rgb":"#FFF","opac":100}},"vali":"center","hali":"center"},"crop":{"bg":{"color":{"rgb":"#FFF","opac":0}},"poi":{"x":707,"y":921.5}},"mask":{"shape":1}},"measures":{"size":{"width":1414,"height":2000}},"orig":{"rType":"asset","rSubType":"image","fileName":"ANIMALES.png","fileSize":1899624,"val":"mc-035935246d6ddb2fd3aef63b3ef21657.png","aid":"nYTh5bRnr"}}},"audio":{"orig":{"rType":"asset","rSubType":"audio","fileName":"fox.m4a","fileSize":50329,"val":"mc-49cae21cc2e954b4bd8b8f776f7404d3.m4a","aid":"eb-nXtpBz"}}}},"PkmN2SR1v":{"id":"PkmN2SR1v","type":"interactive","subtype":"interactivePodCast","setup":{"bg":{"selectedKey":"image","fill":{"opac":1,"rgb":"#FFF"},"img":{"filt":{"opac":100,"gray":0,"blur":0,"tint":{"rgb":"#FFF","opac":0}},"pos":{"type":"fit","fit":{"bg":{"color":{"rgb":"#FFF","opac":100}},"vali":"center","hali":"center"},"crop":{"bg":{"color":{"rgb":"#FFF","opac":0}},"poi":{"x":707,"y":1051.5}},"mask":{"shape":1}},"measures":{"size":{"width":1414,"height":2000}},"orig":{"rType":"asset","rSubType":"image","fileName":"ANIMALES (3).png","fileSize":1934635,"val":"mc-831ad4f0e378e1719a541c4835682142.png","aid":"0lKC8mbuU"}}},"audio":{"orig":{"rType":"asset","rSubType":"audio","fileName":"tiger.m4a","fileSize":52377,"val":"mc-74e171f7d6bc0deb8c4d6e717c96bad0.m4a","aid":"S5Eg9AR93"}}}}},"v":"1"}