{"i":{"xG1m9Ah8f":{"id":"xG1m9Ah8f","type":"slide","setup":{"bord":{"size":14,"rad":10},"bg":{"selectedKey":"image","fill":{"opac":1,"rgb":"var(--TC3)"},"img":{"filt":{"opac":100,"gray":0,"blur":0,"tint":{"rgb":"var(--TC3)","opac":0.5,"blendMode":"multiply"}},"pos":{"type":"crop","fit":{"bg":{"color":{"rgb":"#FFF","opac":100}},"vali":"center","hali":"center"},"crop":{"poi":{"x":806,"y":560.5}},"zoom":0},"measures":{"size":{"width":1920,"height":1121}},"orig":{"rType":"asset","rSubType":"image","fileName":"road-1072823_1920.jpg","fileSize":1009717,"aid":"ipdVhWkkX7","val":"mc-c08e251f3ccc21b6ca29ddcea5192452.jpg"}}},"transparentBg":{"selectedKey":false}}},"dNu8veI_S":{"id":"dNu8veI_S","type":"interactive","subtype":"interactivePodCast","setup":{"bg":{"selectedKey":"image","fill":{"opac":1,"rgb":"#FFF"},"img":{"filt":{"opac":100,"gray":0,"blur":0,"tint":{"rgb":"#FFF","opac":0}},"pos":{"type":"fit","fit":{"bg":{"color":{"rgb":"#FFF","opac":100}},"vali":"center","hali":"center"},"crop":{"bg":{"color":{"rgb":"#FFF","opac":0}},"poi":{"x":707,"y":1051.5}},"mask":{"shape":1}},"measures":{"size":{"width":1414,"height":2000}},"orig":{"rType":"asset","rSubType":"image","fileName":"ANIMALES (1).png","fileSize":1524527,"val":"mc-9d498397c0e3cf944d80c74cbf3a29b8.png","aid":"bjy4nHb0K"}}},"audio":{"orig":{"rType":"asset","rSubType":"audio","fileName":"elephant.m4a","fileSize":60569,"val":"mc-163e57599bc7759d6ac100ed1977244d.m4a","aid":"-EDA6IoR0"}}}},"l_x90Tyocv":{"id":"l_x90Tyocv","type":"interactive","subtype":"interactiveRichText","setup":{"frmeTp":{"selectedKey":"noneFrame"},"bg":{"fill":{"opac":0,"rgb":"#FFF"}},"txt":{"val":{"ops":[{"insert":" WILD ANIMALS  ","attributes":{"background":"#c3228f","color":"#ffffff","bold":true}},{"insert":"\n","attributes":{"align":"center","size":"huge"}}]},"rType":"richtext"},"hali":"","vali":"middle"}},"RjWqx1XmP":{"id":"RjWqx1XmP","type":"interactive","subtype":"interactivePodCast","setup":{"bg":{"selectedKey":"image","fill":{"opac":1,"rgb":"#FFF"},"img":{"filt":{"opac":100,"gray":0,"blur":0,"tint":{"rgb":"#FFF","opac":0}},"pos":{"type":"fit","fit":{"bg":{"color":{"rgb":"#FFF","opac":100}},"vali":"center","hali":"center"},"crop":{"bg":{"color":{"rgb":"#FFF","opac":0}},"poi":{"x":707,"y":1182.5}},"mask":{"shape":1}},"measures":{"size":{"width":1414,"height":2000}},"orig":{"rType":"asset","rSubType":"image","fileName":"ANIMALES (2).png","fileSize":1043223,"val":"mc-efa7c5e980d89b4d2865b28fc7c0c784.png","aid":"wauGSDjJg"}}},"audio":{"orig":{"rType":"asset","rSubType":"audio","fileName":"lion.m4a","fileSize":48281,"val":"mc-241c600188f5cf0252aa0540955c3153.m4a","aid":"2o_Zyjqm7"}}}}},"v":"1"}