{"i":{"x6sate8x8":{"id":"x6sate8x8","type":"slide","setup":{"transparentBg":{"selectedKey":false},"bord":{"size":14,"rad":10},"bg":{"selectedKey":"image","fill":{"opac":1,"rgb":"var(--TC3)"},"img":{"filt":{"opac":100,"gray":0,"blur":0,"tint":{"rgb":"var(--TC3)","opac":0.5,"blendMode":"multiply"}},"pos":{"type":"crop","fit":{"bg":{"color":{"rgb":"#FFF","opac":100}},"vali":"center","hali":"center"},"crop":{"poi":{"x":806,"y":560.5}},"zoom":0},"measures":{"size":{"width":1920,"height":1121}},"orig":{"rType":"asset","rSubType":"image","fileName":"road-1072823_1920.jpg","fileSize":1009717,"aid":"D5-qVIAus5","val":"mc-c08e251f3ccc21b6ca29ddcea5192452.jpg"}}}}},"jOMUnpjZA":{"id":"jOMUnpjZA","type":"interactive","subtype":"interactivePodCast","setup":{"bg":{"selectedKey":"image","fill":{"opac":1,"rgb":"#FFF"},"img":{"filt":{"opac":100,"gray":0,"blur":0,"tint":{"rgb":"#FFF","opac":0}},"pos":{"type":"fit","fit":{"bg":{"color":{"rgb":"#FFF","opac":100}},"vali":"center","hali":"center"},"crop":{"bg":{"color":{"rgb":"#FFF","opac":0}},"poi":{"x":707,"y":1051.5}},"mask":{"shape":1}},"measures":{"size":{"width":1414,"height":2000}},"orig":{"rType":"asset","rSubType":"image","fileName":"ANIMALES (11).png","fileSize":1871508,"val":"mc-b2d17d0f3f79d95fbc6c945082289a11.png","aid":"clc4pslsJ"}}},"audio":{"orig":{"rType":"asset","rSubType":"audio","fileName":"toucan.m4a","fileSize":51353,"val":"mc-cd0207ffb6db807abaf520acbd07221a.m4a","aid":"brhk3yEX8"}}}},"DVwt3g86cf":{"id":"DVwt3g86cf","type":"interactive","subtype":"interactiveRichText","setup":{"frmeTp":{"selectedKey":"noneFrame"},"bg":{"fill":{"opac":0,"rgb":"#FFF"}},"txt":{"val":{"ops":[{"attributes":{"align":"center","size":"hugeTitle"},"insert":"\n"},{"insert":" WILD BIRDS ","attributes":{"color":"#ffffff","background":"#729600","bold":true}},{"insert":"\n","attributes":{"align":"center","size":"hugeTitle"}},{"insert":"\n","attributes":{"align":"center","size":"huge"}}]},"rType":"richtext"},"hali":"","vali":"middle"}},"Pb1nmScyp":{"id":"Pb1nmScyp","type":"interactive","subtype":"interactivePodCast","setup":{"bg":{"selectedKey":"image","fill":{"opac":1,"rgb":"#FFF"},"img":{"filt":{"opac":100,"gray":0,"blur":0,"tint":{"rgb":"#FFF","opac":0}},"pos":{"type":"fit","fit":{"bg":{"color":{"rgb":"#FFF","opac":100}},"vali":"center","hali":"center"},"crop":{"bg":{"color":{"rgb":"#FFF","opac":0}},"poi":{"x":707,"y":877.5}},"mask":{"shape":1}},"measures":{"size":{"width":1414,"height":2000}},"orig":{"rType":"asset","rSubType":"image","fileName":"ANIMALES (10).png","fileSize":1563814,"val":"mc-85c4c77bdd47e1218319fce1a349c4ae.png","aid":"RTrUJM6E-"}}},"audio":{"orig":{"rType":"asset","rSubType":"audio","fileName":"pelican.m4a","fileSize":52377,"val":"mc-1b07382fc2edb1fe7202379a1786ef62.m4a","aid":"XpqZrlw6t"}}}}},"v":"1"}